CustomerId,total_amount,avg_amount,std_amount,min_amount,max_amount,transaction_count,fraud_count,fraud_rate,unique_product_categories,unique_channels,avg_amount_per_transaction,monetary_variability,log_total_amount,log_avg_amount,avg_transaction_hour,customer_lifespan_days,night_transaction_ratio,weekend_transaction_ratio
CustomerId_1,10000.0,10000.0,0.0,10000.0,10000.0,1,0,0.0,1,1,10000.0,0.0,9.210440366976517,9.210440366976517,16.0,0,0.0,0.0
CustomerId_10,10000.0,10000.0,0.0,10000.0,10000.0,1,0,0.0,1,1,10000.0,0.0,9.210440366976517,9.210440366976517,16.0,0,0.0,0.0
CustomerId_1001,30400.0,6080.0,4100.24,200.0,10000.0,5,0,0.0,2,2,6080.0,0.6743815788364503,10.322230781590136,8.71292443512011,7.8,0,0.0,0.0
CustomerId_1002,4775.0,434.09,518.81,25.0,1500.0,11,0,0.0,2,2,434.09090909090907,1.195166898119821,8.471358655072438,6.075552906240269,13.454545454545455,63,0.18181818181818182,0.18181818181818182
CustomerId_1003,32000.0,5333.33,3945.46,1000.0,10000.0,6,0,0.0,2,2,5333.333333333333,0.7397742122201749,10.373522431293592,8.581918570094851,14.333333333333334,0,0.0,0.0
CustomerId_1004,2000.0,2000.0,0.0,2000.0,2000.0,1,0,0.0,1,1,2000.0,0.0,7.601402334583733,7.601402334583733,18.0,0,0.0,1.0
CustomerId_1005,61200.0,6800.0,4106.09,200.0,10000.0,9,0,0.0,2,2,6800.0,0.6038367646170828,11.021918808236205,8.824824939175638,10.11111111111111,0,0.0,0.0
CustomerId_1006,1000.0,1000.0,0.0,1000.0,1000.0,1,0,0.0,1,1,1000.0,0.0,6.90875477931522,6.90875477931522,7.0,0,0.0,0.0
CustomerId_1007,28000.0,28000.0,0.0,28000.0,28000.0,1,0,0.0,1,1,28000.0,0.0,10.239995502805316,10.239995502805316,6.0,0,0.0,1.0
CustomerId_1008,20000.0,10000.0,0.0,10000.0,10000.0,2,0,0.0,1,1,10000.0,0.0,9.90353755128617,9.210440366976517,13.0,0,0.0,1.0
CustomerId_1009,500.0,500.0,0.0,500.0,500.0,1,0,0.0,1,1,500.0,0.0,6.2166061010848646,6.2166061010848646,6.0,0,0.0,0.0
CustomerId_1010,29665.0,4237.86,4503.2,43.0,10000.0,7,0,0.0,3,2,4237.857142857143,1.0626117896620908,10.297756887883558,8.352049644150014,11.428571428571429,12,0.0,0.0
CustomerId_1012,132894.0,1795.86,3385.65,12.0,22000.0,74,0,0.0,2,2,1795.8648648648648,1.8852527469372597,11.797314621721217,7.493795976124785,16.04054054054054,84,0.0,0.25675675675675674
CustomerId_1014,333880.0,41735.0,43072.85,1000.0,90000.0,8,0,0.0,1,1,41735.0,1.0320558284166272,12.718539921048244,10.639119344702229,9.125,0,0.0,0.0
CustomerId_1016,32000.0,6400.0,3781.53,1000.0,10000.0,5,0,0.0,2,2,6400.0,0.5908640624076775,10.373522431293592,8.764209507142004,18.0,0,0.0,0.0
CustomerId_1020,298605.0,1470.96,2481.91,10.0,10000.0,203,0,0.0,3,2,1470.960591133005,1.6872722564262301,12.60688025765628,7.29435012500656,11.911330049261084,63,0.17733990147783252,0.33004926108374383
CustomerId_1021,5000.0,5000.0,0.0,5000.0,5000.0,1,0,0.0,1,1,5000.0,0.0,8.517393171418904,8.517393171418904,19.0,0,0.0,0.0
CustomerId_1022,7000.0,7000.0,0.0,7000.0,7000.0,1,0,0.0,1,1,7000.0,0.0,8.853808274977197,8.853808274977197,13.0,0,0.0,0.0
CustomerId_1025,19800.0,1237.5,1688.89,25.0,5000.0,16,0,0.0,2,2,1237.5,1.36475959485676,9.893487720457795,7.121656248929415,15.75,8,0.0,0.25
CustomerId_1027,27230.0,1945.0,3464.63,20.0,10000.0,14,0,0.0,3,2,1945.0,1.7813007702923902,10.212111309194738,7.57353126274595,12.857142857142858,22,0.07142857142857142,0.0
CustomerId_1028,500.0,500.0,0.0,500.0,500.0,1,0,0.0,1,1,500.0,0.0,6.2166061010848646,6.2166061010848646,9.0,0,0.0,1.0
CustomerId_1029,63000.0,7000.0,7520.8,500.0,20000.0,9,0,0.0,3,2,7000.0,1.0743999998465144,11.050905878263567,8.853808274977197,9.666666666666666,82,0.1111111111111111,0.0
CustomerId_1030,4650.0,581.25,471.27,50.0,1000.0,8,0,0.0,2,2,581.25,0.810787095379291,8.444837529224097,6.3668999087644504,12.0,12,0.125,0.5
CustomerId_1031,140161.2,2803.22,4235.85,1.2,23000.0,50,0,0.0,4,2,2803.224,1.5110658451669634,11.850555602394063,7.938880704420502,12.4,56,0.04,0.04
CustomerId_1032,2000.0,1000.0,0.0,1000.0,1000.0,2,0,0.0,2,1,1000.0,0.0,7.601402334583733,6.90875477931522,1.0,0,1.0,0.0
CustomerId_1033,1050.0,525.0,671.75,50.0,1000.0,2,0,0.0,2,2,525.0,1.2795238070866213,6.957497370876951,6.26530121273771,9.0,0,0.0,1.0
CustomerId_1034,61292.0,3830.75,7317.15,392.0,28000.0,16,0,0.0,4,2,3830.75,1.9101089859922706,11.023420922907922,8.251076896879017,10.8125,73,0.125,0.125
CustomerId_1036,2050.0,683.33,548.48,50.0,1000.0,3,0,0.0,2,2,683.3333333333334,0.8026575727647585,7.62608275807238,6.528440257418357,9.0,0,0.0,0.0
CustomerId_1038,31000.0,6200.0,3834.06,1000.0,10000.0,5,0,0.0,2,2,6200.0,0.6183967740938069,10.34177474101152,8.732465848349879,13.0,0,0.0,0.0
CustomerId_1039,271105.0,9036.83,9736.56,25.0,22050.0,30,0,0.0,3,2,9036.833333333334,1.0774309131545652,12.510265167296438,9.109174380323203,11.2,57,0.06666666666666667,0.1
CustomerId_1040,50000.0,50000.0,0.0,50000.0,50000.0,1,0,0.0,1,1,50000.0,0.0,10.819798284210286,10.819798284210286,6.0,0,0.0,0.0
CustomerId_1043,36000.0,6000.0,3464.1,1000.0,10000.0,6,0,0.0,2,2,6000.0,0.577349999903775,10.491301994830229,8.699681400989514,19.0,0,0.0,0.0
CustomerId_1044,23517.5,1469.84,1986.3,25.0,6000.0,16,0,0.0,3,2,1469.84375,1.3513715769394141,10.065542624468614,7.2935889451410745,15.5625,40,0.25,0.125
CustomerId_1048,1000.0,1000.0,0.0,1000.0,1000.0,1,0,0.0,1,1,1000.0,0.0,6.90875477931522,6.90875477931522,7.0,0,0.0,0.0
CustomerId_1050,5000.0,5000.0,0.0,5000.0,5000.0,1,0,0.0,1,1,5000.0,0.0,8.517393171418904,8.517393171418904,18.0,0,0.0,0.0
CustomerId_1052,59100.0,8442.86,18339.56,100.0,50000.0,7,0,0.0,2,2,8442.857142857143,2.1721975726030993,10.987003123724813,9.041194829010774,11.285714285714286,21,0.42857142857142855,0.5714285714285714
CustomerId_1053,13812.0,1973.14,1907.31,12.0,4000.0,7,0,0.0,2,2,1973.142857142857,0.9666369335340436,9.53336545669996,7.587888139464398,4.857142857142857,1,0.7142857142857143,0.0
CustomerId_1054,164700.0,3167.31,6055.79,20.0,30000.0,52,0,0.0,2,2,3167.3076923076924,1.9119663051889566,12.011886987792716,8.060953601682325,17.596153846153847,61,0.19230769230769232,0.21153846153846154
CustomerId_1055,6150.0,1230.0,1269.65,50.0,3000.0,5,0,0.0,2,2,1230.0,1.0322357715185075,8.724369949208368,7.115582126184454,9.8,8,0.4,0.4
CustomerId_1056,5500.0,1375.0,1108.68,500.0,3000.0,4,0,0.0,2,1,1375.0,0.806312726686318,8.612685172875459,7.226936018493289,11.5,3,0.0,0.25
CustomerId_1057,5496.0,2748.0,3184.81,496.0,5000.0,2,0,0.0,2,2,2748.0,1.1589556036539463,8.61195776786066,7.918992488165245,6.0,0,0.0,0.0
CustomerId_1058,15185.0,523.62,554.8,25.0,2000.0,29,0,0.0,3,2,523.6206896551724,1.0595469977091267,9.62812922977318,6.2626741909912305,13.724137931034482,82,0.06896551724137931,0.3793103448275862
CustomerId_1059,62000.0,6888.89,3257.47,1000.0,10000.0,9,0,0.0,2,2,6888.888888888889,0.4728584720509605,11.034905792929415,8.837810398713351,13.333333333333334,7,0.0,0.0
CustomerId_1063,15675.0,1306.25,1439.27,20.0,5000.0,12,0,0.0,2,2,1306.25,1.1018334919794575,9.659886159319521,7.17568097306824,13.25,1,0.0,0.08333333333333333
CustomerId_1064,254580.0,6061.43,4996.96,20.0,20000.0,42,0,0.0,4,2,6061.428571428572,0.8243863245431545,12.447374335455049,8.709865988787326,15.619047619047619,41,0.0,0.023809523809523808
CustomerId_1068,500.0,500.0,0.0,500.0,500.0,1,0,0.0,1,1,500.0,0.0,6.2166061010848646,6.2166061010848646,14.0,0,0.0,1.0
CustomerId_1070,5000.0,5000.0,0.0,5000.0,5000.0,1,0,0.0,1,1,5000.0,0.0,8.517393171418904,8.517393171418904,15.0,0,0.0,0.0
CustomerId_1071,186710.0,26672.86,43265.68,100.0,90000.0,7,0,0.0,3,2,26672.85714285714,1.6220862704028707,12.137317245844562,10.19143933861192,11.285714285714286,34,0.14285714285714285,0.5714285714285714
CustomerId_1073,1000.0,1000.0,0.0,1000.0,1000.0,1,0,0.0,1,1,1000.0,0.0,6.90875477931522,6.90875477931522,17.0,0,0.0,0.0
CustomerId_1074,268700.0,5841.3,3266.43,100.0,14500.0,46,0,0.0,2,3,5841.304347826087,0.5591957268828521,12.501354516219285,8.67287983390582,11.065217391304348,49,0.17391304347826086,0.021739130434782608
CustomerId_1078,41000.0,6833.33,3763.86,1000.0,10000.0,6,0,0.0,2,2,6833.333333333333,0.5508090490945396,10.62135173563291,8.829713719481315,21.0,0,0.0,0.0
CustomerId_1079,20000.0,20000.0,0.0,20000.0,20000.0,1,0,0.0,1,1,20000.0,0.0,9.90353755128617,9.90353755128617,18.0,0,0.0,1.0
CustomerId_1080,5000.0,5000.0,0.0,5000.0,5000.0,1,0,0.0,1,1,5000.0,0.0,8.517393171418904,8.517393171418904,6.0,0,0.0,0.0
CustomerId_1081,1500.0,750.0,353.55,500.0,1000.0,2,0,0.0,1,1,750.0,0.4713999993714667,7.313886831633462,6.621405651764134,19.0,19,0.5,0.0
CustomerId_1082,31000.0,6200.0,3834.06,1000.0,10000.0,5,0,0.0,2,2,6200.0,0.6183967740938069,10.34177474101152,8.732465848349879,13.0,0,0.0,0.0
CustomerId_1083,500.0,500.0,0.0,500.0,500.0,1,0,0.0,1,1,500.0,0.0,6.2166061010848646,6.2166061010848646,17.0,0,0.0,1.0
CustomerId_1084,10000.0,10000.0,0.0,10000.0,10000.0,1,0,0.0,1,1,10000.0,0.0,9.210440366976517,9.210440366976517,16.0,0,0.0,0.0
CustomerId_1085,5100.0,1275.0,914.24,100.0,2000.0,4,0,0.0,2,2,1275.0,0.7170509798297638,8.537191877922927,7.151485463904735,20.0,0,0.0,0.0
CustomerId_1086,79024.0,2469.5,4087.12,10.0,15000.0,32,0,0.0,3,2,2469.5,1.6550394810062605,11.277519537083819,7.812175838285805,9.875,11,0.15625,0.03125
CustomerId_1087,62000.0,6888.89,3257.47,1000.0,10000.0,9,0,0.0,2,2,6888.888888888889,0.4728584720509605,11.034905792929415,8.837810398713351,19.11111111111111,13,0.0,0.0
CustomerId_1089,175728.5,1156.11,1667.82,7.0,10000.0,152,0,0.0,2,2,1156.108552631579,1.4426135908844195,12.076701159910844,7.053680796140341,11.631578947368421,52,0.08552631578947369,0.20394736842105263
CustomerId_1091,3000.0,1500.0,707.11,1000.0,2000.0,2,0,0.0,2,1,1500.0,0.47140666635239553,8.006700845440367,7.313886831633462,18.0,0,0.0,1.0
CustomerId_1092,97000.0,6062.5,3473.11,1000.0,10000.0,16,0,0.0,2,2,6062.5,0.5728841236168438,11.48247656671073,8.710042470096846,11.375,27,0.0,0.0
CustomerId_1093,81340.0,1478.91,1429.4,25.0,5200.0,55,0,0.0,2,3,1478.909090909091,0.9665226410217507,11.3064054734599,7.299736554098297,16.6,57,0.0,0.21818181818181817
CustomerId_1094,44540.0,6362.86,7893.56,40.0,20000.0,7,0,0.0,3,2,6362.857142857143,1.2405679205199285,10.704165392288106,8.758390390472773,15.428571428571429,1,0.0,0.14285714285714285
CustomerId_1095,7125.0,647.73,582.29,25.0,2000.0,11,0,0.0,2,2,647.7272727272727,0.8989702485619466,8.871505346165781,6.475016605488512,9.909090909090908,7,0.09090909090909091,1.0
CustomerId_1096,1358374.0,1732.62,8745.72,10.0,90000.0,784,0,0.0,4,3,1732.6198979591836,5.047685005917232,14.121799690365153,7.4579669868422656,10.558673469387756,26,0.017857142857142856,0.30739795918367346
CustomerId_1098,20000.0,20000.0,0.0,20000.0,20000.0,1,0,0.0,1,1,20000.0,0.0,9.90353755128617,9.90353755128617,10.0,0,0.0,1.0
CustomerId_1099,8220.0,913.33,551.45,20.0,2000.0,9,0,0.0,2,2,913.3333333333334,0.6037795751767931,9.014447135152134,6.818191556619392,16.555555555555557,23,0.2222222222222222,0.3333333333333333
CustomerId_11,10000.0,10000.0,0.0,10000.0,10000.0,1,0,0.0,1,1,10000.0,0.0,9.210440366976517,9.210440366976517,16.0,0,0.0,0.0
CustomerId_1101,60000.0,6666.67,5873.67,1000.0,15000.0,9,0,0.0,1,1,6666.666666666667,0.8810500593428128,11.002116507732017,8.80502575254403,11.11111111111111,14,0.0,0.5555555555555556
CustomerId_1102,92000.0,6571.43,3367.59,1000.0,10000.0,14,0,0.0,2,2,6571.428571428572,0.5124592363439222,11.429554725537322,8.79063890610989,9.857142857142858,14,0.0,0.0
CustomerId_1103,30000.0,30000.0,0.0,30000.0,30000.0,1,0,0.0,1,1,30000.0,0.0,10.308985993422082,10.308985993422082,13.0,0,0.0,0.0
CustomerId_1104,82000.0,8200.0,5473.17,1000.0,21000.0,10,0,0.0,3,2,8200.0,0.6674597560161635,11.314486721293981,9.012011377036412,20.3,1,1.0,0.1
CustomerId_1105,500.0,500.0,0.0,500.0,500.0,1,0,0.0,1,1,500.0,0.0,6.2166061010848646,6.2166061010848646,20.0,0,0.0,0.0
CustomerId_1106,10000.0,10000.0,0.0,10000.0,10000.0,1,0,0.0,1,1,10000.0,0.0,9.210440366976517,9.210440366976517,1.0,0,1.0,1.0
CustomerId_1108,112000.0,8000.0,4607.69,1000.0,20000.0,14,0,0.0,2,2,8000.0,0.5759612499280048,11.626263078808801,8.987321812850125,14.857142857142858,17,0.0,0.14285714285714285
CustomerId_1109,52200.0,6525.0,4241.55,200.0,10500.0,8,0,0.0,2,2,6525.0,0.6500459769118704,10.862856930775358,8.783549477153265,12.0,0,0.0,0.0
CustomerId_1111,2020.0,673.33,565.8,20.0,1000.0,3,0,0.0,2,2,673.3333333333334,0.8403011883618712,7.611347717403621,6.513719605333686,16.0,0,0.0,0.0
CustomerId_1112,32000.0,5333.33,4033.2,1000.0,10000.0,6,0,0.0,2,2,5333.333333333333,0.756225472499128,10.373522431293592,8.581918570094851,14.0,0,0.0,0.0
CustomerId_1113,42300.0,1839.13,2889.79,50.0,10000.0,23,0,0.0,2,2,1839.1304347826087,1.5712809852640752,10.652566005416872,7.517591500281197,14.652173913043478,3,0.0,0.30434782608695654
CustomerId_1114,59075.0,1036.4,844.5,35.0,2000.0,57,0,0.0,3,2,1036.4035087719299,0.8148398293951756,10.9865800295462,6.9444728619172995,10.75438596491228,68,0.12280701754385964,0.21052631578947367
CustomerId_1116,8040.0,1005.0,748.39,20.0,2000.0,8,0,0.0,2,2,1005.0,0.7446666659257049,8.99230873254815,6.913737350659685,17.375,27,0.0,0.75
CustomerId_1117,4000.0,4000.0,0.0,4000.0,4000.0,1,0,0.0,1,1,4000.0,0.0,8.294299608857235,8.294299608857235,7.0,0,0.0,1.0
CustomerId_1118,142000.0,5916.67,3670.29,1000.0,11000.0,24,0,0.0,2,2,5916.666666666667,0.6203303546386175,11.863589378812122,8.685698069323609,12.375,33,0.0,0.041666666666666664
CustomerId_1119,5550.0,792.86,376.86,50.0,1000.0,7,0,0.0,2,2,792.8571428571429,0.4753172054646253,8.621733370690162,6.6769071232823745,9.285714285714286,14,0.0,0.42857142857142855
CustomerId_1120,2040.0,1020.0,1385.93,40.0,2000.0,2,0,0.0,2,2,1020.0,1.3587549006286717,7.621195162809845,6.928537818164665,3.0,0,1.0,0.0
CustomerId_1121,14780.98,2111.57,2044.35,91.98,5000.0,7,0,0.0,2,2,2111.5685714285714,0.968165866645119,9.601164150347028,7.655660494777015,17.714285714285715,2,0.42857142857142855,0.5714285714285714
CustomerId_1122,90000.0,90000.0,0.0,90000.0,90000.0,1,1,1.0,1,1,90000.0,0.0,11.407576060361786,11.407576060361786,5.0,0,1.0,0.0
CustomerId_1123,1000.0,1000.0,0.0,1000.0,1000.0,1,0,0.0,1,1,1000.0,0.0,6.90875477931522,6.90875477931522,2.0,0,1.0,1.0
CustomerId_1124,41000.0,6833.33,3763.86,1000.0,10000.0,6,0,0.0,2,2,6833.333333333333,0.5508090490945396,10.62135173563291,8.829713719481315,14.166666666666666,0,0.0,0.0
CustomerId_1125,5000.0,5000.0,0.0,5000.0,5000.0,1,0,0.0,1,1,5000.0,0.0,8.517393171418904,8.517393171418904,6.0,0,0.0,1.0
CustomerId_1127,95465.0,2580.14,2865.86,4.0,10000.0,37,0,0.0,3,2,2580.135135135135,1.1107381765676523,11.46652544213591,7.855986440789191,13.054054054054054,74,0.10810810810810811,0.32432432432432434
CustomerId_1129,1000.0,500.0,0.0,500.0,500.0,2,0,0.0,2,1,500.0,0.0,6.90875477931522,6.2166061010848646,9.0,0,0.5,0.5
CustomerId_1130,6040.0,1510.0,1275.57,40.0,3000.0,4,0,0.0,2,2,1510.0,0.8447483438114248,8.706324840138741,7.32052696227274,19.0,0,0.0,0.0
CustomerId_1131,19450.0,1768.18,1966.88,50.0,5000.0,11,0,0.0,3,2,1768.1818181818182,1.1123754362608018,9.875653761606692,7.478271441385848,10.909090909090908,56,0.45454545454545453,0.36363636363636365
CustomerId_1134,3620.0,402.22,402.82,20.0,1000.0,9,0,0.0,2,2,402.22222222222223,1.0014917184588241,8.19450550976564,5.999482318701565,16.77777777777778,87,0.0,0.4444444444444444
CustomerId_1135,75000.0,5357.14,10394.34,50.0,40000.0,14,0,0.0,2,2,5357.142857142857,1.9402778344526597,11.225256725762893,8.586372178915862,9.571428571428571,46,0.21428571428571427,0.5714285714285714
CustomerId_1137,161400.0,8070.0,5262.99,200.0,20700.0,20,0,0.0,2,2,8070.0,0.6521672861645393,11.991647230585656,8.996032669324372,11.55,28,0.0,0.0
CustomerId_1140,6250.0,2083.33,2553.59,250.0,5000.0,3,0,0.0,2,2,2083.3333333333335,1.225725160571909,8.740496729931813,7.6422027396655405,21.0,0,0.0,1.0
CustomerId_1141,227335.0,4639.49,3578.47,10.0,10000.0,49,0,0.0,2,2,4639.489795918367,0.7713067598440115,12.334184378293969,8.442575243092925,11.10204081632653,80,0.02040816326530612,0.16326530612244897
CustomerId_1145,9500.0,2375.0,1887.46,500.0,5000.0,4,0,0.0,1,1,2375.0,0.7947199996653811,9.15915233520675,7.773173680482536,11.75,5,0.0,0.5
CustomerId_1146,41000.0,6833.33,3763.86,1000.0,10000.0,6,0,0.0,2,2,6833.333333333333,0.5508090490945396,10.62135173563291,8.829713719481315,14.0,0,0.0,0.0
CustomerId_1147,112000.0,6222.22,3750.38,1000.0,10000.0,18,0,0.0,2,2,6222.222222222223,0.6027398580245089,11.626263078808801,8.736042736668091,10.0,28,0.2777777777777778,0.0
CustomerId_1150,2000.0,1000.0,0.0,1000.0,1000.0,2,0,0.0,1,1,1000.0,0.0,7.601402334583733,6.90875477931522,18.0,0,0.0,1.0
CustomerId_1153,3000.0,3000.0,0.0,3000.0,3000.0,1,0,0.0,1,1,3000.0,0.0,8.006700845440367,8.006700845440367,12.0,0,0.0,0.0
CustomerId_1154,5725.0,636.11,823.59,50.0,2500.0,9,0,0.0,3,2,636.1111111111111,1.2947288970543949,8.65277248565806,6.456942325122317,14.0,74,0.0,0.0
CustomerId_1156,1667770.0,4531.98,7858.51,5.0,49000.0,368,0,0.0,4,3,4531.983695652174,1.7340125062921699,14.326998562307805,8.419134838841991,12.141304347826088,80,0.057065217391304345,0.3179347826086957
CustomerId_1158,51400.0,6425.0,4383.98,200.0,10700.0,8,0,0.0,2,2,6425.0,0.682331517403528,10.847412906506923,8.768107539675803,14.0,0,0.0,0.0
CustomerId_1159,32000.0,6400.0,3781.53,1000.0,10000.0,5,0,0.0,2,2,6400.0,0.5908640624076775,10.373522431293592,8.764209507142004,14.0,0,0.0,0.0
CustomerId_1160,100890.0,6726.0,3306.98,1000.0,11000.0,15,0,0.0,3,2,6726.0,0.4916711268968672,11.521796005138416,8.813884558025606,13.466666666666667,18,0.0,0.06666666666666667
CustomerId_1161,2500.0,2500.0,0.0,2500.0,2500.0,1,0,0.0,1,1,2500.0,0.0,7.824445930877619,7.824445930877619,17.0,0,0.0,1.0
CustomerId_1162,6735.0,962.14,882.41,30.0,2300.0,7,0,0.0,2,2,962.1428571428571,0.9171326408660563,8.815221555922163,6.870198780255503,13.285714285714286,0,0.14285714285714285,0.0
CustomerId_1163,102000.0,7285.71,3148.35,1000.0,11000.0,14,0,0.0,2,2,7285.714285714285,0.43212672472111474,11.532737896139919,8.893807419979778,11.214285714285714,18,0.07142857142857142,0.07142857142857142
CustomerId_1164,41000.0,6833.33,3763.86,1000.0,10000.0,6,0,0.0,2,2,6833.333333333333,0.5508090490945396,10.62135173563291,8.829713719481315,18.0,0,0.0,0.0
CustomerId_1165,66000.0,13200.0,11777.1,1000.0,30000.0,5,0,0.0,2,2,13200.0,0.8922045453869542,11.097425172408931,9.488047863280759,9.4,5,0.0,0.2
CustomerId_1169,2050.0,683.33,548.48,50.0,1000.0,3,0,0.0,2,2,683.3333333333334,0.8026575727647585,7.62608275807238,6.528440257418357,7.666666666666667,0,0.0,1.0
CustomerId_1170,144926.0,8051.44,12948.99,48.0,54600.0,18,0,0.0,3,2,8051.444444444444,1.6082824933666173,11.883985446354215,8.993730430075452,12.222222222222221,80,0.2222222222222222,0.2222222222222222
CustomerId_1171,7075.0,1179.17,855.92,75.0,2500.0,6,0,0.0,3,3,1179.1666666666667,0.7258664987017421,8.864464055279676,7.073413774879552,9.333333333333334,11,0.0,0.0
CustomerId_1172,245040.3,2917.15,4344.96,6.8,19500.0,84,0,0.0,5,2,2917.1464285714283,1.4894537471540874,12.40918204674887,7.978705132833503,11.392857142857142,26,0.16666666666666666,0.2261904761904762
CustomerId_1174,1000.0,1000.0,0.0,1000.0,1000.0,1,0,0.0,1,1,1000.0,0.0,6.90875477931522,6.90875477931522,21.0,0,0.0,0.0
CustomerId_1175,1635287.5,6785.43,15419.92,10.0,90000.0,241,2,0.01,5,3,6785.425311203319,2.272504468799692,14.30732979934695,8.822680309089671,9.900414937759336,26,0.16182572614107885,0.15352697095435686
CustomerId_1177,28878.0,7219.5,12439.0,1000.0,25878.0,4,0,0.0,1,1,7219.5,1.722972504782468,10.270869966368487,8.88467948156662,19.0,0,0.0,1.0
CustomerId_1179,3100.0,1033.33,950.44,100.0,2000.0,3,0,0.0,2,2,1033.3333333333333,0.9197836113150847,8.03947991910045,6.941509153087356,11.0,0,0.0,0.0
CustomerId_1180,154554.0,2306.78,3136.56,10.0,11000.0,67,0,0.0,4,2,2306.776119402985,1.3597135394967383,11.948305299026595,7.744041302460774,13.552238805970148,77,0.1791044776119403,0.014925373134328358
CustomerId_1182,22000.0,5500.0,3696.85,1000.0,10000.0,4,0,0.0,2,2,5500.0,0.6721545453323354,9.99884318585288,8.612685172875459,9.0,0,0.0,0.0
CustomerId_1183,65765.0,3653.61,4248.67,25.0,11000.0,18,0,0.0,4,2,3653.6111111111113,1.1628690524815541,11.093858266443778,8.203744663344319,11.88888888888889,69,0.0,0.0
CustomerId_1184,1000.0,1000.0,0.0,1000.0,1000.0,1,0,0.0,1,1,1000.0,0.0,6.90875477931522,6.90875477931522,6.0,0,0.0,1.0
CustomerId_1186,8100.0,2025.0,2129.75,100.0,5000.0,4,0,0.0,2,2,2025.0,1.0517283945423563,8.999742789830492,7.613818684808629,17.0,0,0.0,0.0
CustomerId_1187,61000.0,8714.29,6047.43,1000.0,20000.0,7,0,0.0,2,2,8714.285714285714,0.6939670356742813,11.0186455364637,9.072834233361476,5.0,0,1.0,0.0
CustomerId_1189,3000.0,1500.0,707.11,1000.0,2000.0,2,0,0.0,1,1,1500.0,0.47140666635239553,8.006700845440367,7.313886831633462,6.0,0,0.0,0.0
CustomerId_1190,112000.0,7466.67,2996.82,1000.0,10000.0,15,0,0.0,2,2,7466.666666666667,0.4013596421964062,11.626263078808801,8.91833831514751,13.2,42,0.0,0.0
CustomerId_1191,32500.0,5416.67,4152.31,500.0,10000.0,6,0,0.0,2,2,5416.666666666667,0.7665798358093479,10.389026137075234,8.597421112705904,14.333333333333334,0,0.0,0.0
CustomerId_1192,43635.0,1983.41,3024.28,50.0,10000.0,22,0,0.0,3,2,1983.409090909091,1.524788116665345,10.683637776717648,7.593076919720788,11.772727272727273,46,0.18181818181818182,0.18181818181818182
CustomerId_1193,21000.0,5250.0,3685.56,1000.0,10000.0,4,0,0.0,2,2,5250.0,0.702011428437712,9.952325334619427,8.566173813637858,11.0,0,0.0,0.0
CustomerId_1194,21000.0,5250.0,3685.56,1000.0,10000.0,4,0,0.0,2,2,5250.0,0.702011428437712,9.952325334619427,8.566173813637858,8.0,0,0.0,0.0
CustomerId_1195,31000.0,5166.67,4070.22,1000.0,10000.0,6,0,0.0,2,2,5166.666666666667,0.787784007728811,10.34177474101152,8.550177188934489,10.666666666666666,0,0.0,0.0
CustomerId_1196,32000.0,5333.33,4143.27,500.0,10000.0,6,0,0.0,2,2,5333.333333333333,0.7768636103940946,10.373522431293592,8.581918570094851,7.0,0,0.0,0.0
CustomerId_1197,21000.0,5250.0,3685.56,1000.0,10000.0,4,0,0.0,2,2,5250.0,0.702011428437712,9.952325334619427,8.566173813637858,9.0,0,0.0,0.0
CustomerId_1198,21000.0,5250.0,3685.56,1000.0,10000.0,4,0,0.0,2,2,5250.0,0.702011428437712,9.952325334619427,8.566173813637858,8.0,0,0.0,0.0
CustomerId_12,10000.0,10000.0,0.0,10000.0,10000.0,1,0,0.0,1,1,10000.0,0.0,9.210440366976517,9.210440366976517,16.0,0,0.0,0.0
CustomerId_1200,21000.0,5250.0,3685.56,1000.0,10000.0,4,0,0.0,2,2,5250.0,0.702011428437712,9.952325334619427,8.566173813637858,7.0,0,0.0,0.0
CustomerId_1201,689886.5,3987.78,8529.53,25.0,83170.0,173,0,0.0,4,2,3987.78323699422,2.13891689056595,13.444283819802148,8.291240698717413,11.520231213872833,87,0.06936416184971098,0.21965317919075145
CustomerId_1202,202000.0,6965.52,3755.78,1000.0,11000.0,29,0,0.0,2,2,6965.517241379311,0.5391959249935114,12.216027926866138,8.848871096431605,10.172413793103448,25,0.20689655172413793,0.06896551724137931
CustomerId_1203,50270.0,1117.11,1859.73,20.0,12000.0,45,0,0.0,2,2,1117.111111111111,1.664768911150407,10.825183649068833,7.019395038857178,13.066666666666666,89,0.13333333333333333,0.2222222222222222
CustomerId_1204,21000.0,5250.0,3685.56,1000.0,10000.0,4,0,0.0,2,2,5250.0,0.702011428437712,9.952325334619427,8.566173813637858,12.0,0,0.0,0.0
CustomerId_1208,20230.0,2247.78,3326.84,40.0,10000.0,9,0,0.0,3,2,2247.777777777778,1.4800558766960932,9.914971360477415,7.718143125920614,12.555555555555555,3,0.0,0.4444444444444444
CustomerId_1209,42000.0,7000.0,3687.82,1000.0,10000.0,6,0,0.0,2,2,7000.0,0.5268314284961669,10.645448706505872,8.853808274977197,7.0,0,0.0,0.0
CustomerId_1210,49000.0,16333.33,18387.04,500.0,36500.0,3,0,0.0,2,2,16333.333333333334,1.125737372530541,10.799595985047786,9.701024306971147,9.666666666666666,0,0.0,0.0
CustomerId_1211,180000.0,90000.0,0.0,90000.0,90000.0,2,0,0.0,1,1,90000.0,0.0,12.100717685412471,11.407576060361786,7.0,0,0.0,0.0
CustomerId_1212,43000.0,2529.41,4805.11,50.0,20000.0,17,0,0.0,2,2,2529.4117647058824,1.8996959757810337,10.668978650219241,7.836136623927986,10.882352941176471,14,0.11764705882352941,0.35294117647058826
CustomerId_1214,108175.0,2458.52,5657.53,25.0,26500.0,44,0,0.0,2,2,2458.5227272727275,2.3011933999718557,11.591514809330459,7.8077214879364245,12.295454545454545,25,0.11363636363636363,0.38636363636363635
CustomerId_1215,1000.0,1000.0,0.0,1000.0,1000.0,1,0,0.0,1,1,1000.0,0.0,6.90875477931522,6.90875477931522,16.0,0,0.0,1.0
CustomerId_1217,52000.0,5777.78,3641.01,500.0,10000.0,9,0,0.0,2,2,5777.777777777777,0.6301745652084063,10.859018228147887,8.661947866723093,6.666666666666667,6,0.2222222222222222,0.0
CustomerId_1218,141945.0,1971.46,1923.96,25.0,5000.0,72,0,0.0,2,2,1971.4583333333333,0.9759061807107898,11.863201982567839,7.587036773680444,14.88888888888889,50,0.027777777777777776,0.1388888888888889
CustomerId_1219,4150.0,691.67,792.1,50.0,2000.0,6,0,0.0,2,2,691.6666666666666,1.1451992985886343,8.33110454805304,6.540553695299022,13.333333333333334,3,0.0,0.0
CustomerId_1220,62000.0,4769.23,3966.61,500.0,10000.0,13,0,0.0,2,2,4769.2307692307695,0.831708682359268,11.034905792929415,8.470149800749285,12.538461538461538,14,0.0,0.0
CustomerId_1221,32000.0,6400.0,3781.53,1000.0,10000.0,5,0,0.0,2,2,6400.0,0.5908640624076775,10.373522431293592,8.764209507142004,9.0,0,0.0,0.0
CustomerId_1222,87130.0,1936.22,7691.67,25.0,52000.0,45,0,0.0,4,2,1936.2222222222222,3.9725186167003135,11.37516801226265,7.569009234655008,13.022222222222222,22,0.044444444444444446,0.6444444444444445
CustomerId_1223,21500.0,7166.67,11116.8,500.0,20000.0,3,0,0.0,1,1,7166.666666666667,1.55118067365301,9.975854724662028,8.877335915648558,8.666666666666666,64,0.3333333333333333,0.6666666666666666
CustomerId_1224,10000.0,10000.0,0.0,10000.0,10000.0,1,0,0.0,1,1,10000.0,0.0,9.210440366976517,9.210440366976517,7.0,0,0.0,0.0
CustomerId_1225,1000.0,1000.0,0.0,1000.0,1000.0,1,0,0.0,1,1,1000.0,0.0,6.90875477931522,6.90875477931522,22.0,0,1.0,0.0
CustomerId_1226,13300.0,1662.5,2032.72,50.0,6000.0,8,0,0.0,2,2,1662.5,1.2226887210690593,9.495594499353297,7.416679095458531,11.875,9,0.0,0.125
CustomerId_1227,86426.4,3324.09,3217.2,6.4,10000.0,26,0,0.0,2,2,3324.0923076923073,0.9678438306520449,11.367060034146805,8.109252020392805,9.961538461538462,63,0.6538461538461539,0.23076923076923078
CustomerId_1228,32000.0,6400.0,3781.53,1000.0,10000.0,5,0,0.0,2,2,6400.0,0.5908640624076775,10.373522431293592,8.764209507142004,17.0,0,0.0,0.0
CustomerId_1229,2050.0,683.33,548.48,50.0,1000.0,3,0,0.0,2,2,683.3333333333334,0.8026575727647585,7.62608275807238,6.528440257418357,10.0,0,0.0,0.0
CustomerId_1231,2000.0,2000.0,0.0,2000.0,2000.0,1,0,0.0,1,1,2000.0,0.0,7.601402334583733,7.601402334583733,8.0,0,0.0,0.0
CustomerId_1232,5000.0,5000.0,0.0,5000.0,5000.0,1,0,0.0,1,1,5000.0,0.0,8.517393171418904,8.517393171418904,8.0,0,0.0,0.0
CustomerId_1233,1000.0,1000.0,0.0,1000.0,1000.0,1,0,0.0,1,1,1000.0,0.0,6.90875477931522,6.90875477931522,13.0,0,0.0,0.0
CustomerId_1234,81400.0,6783.33,3844.91,200.0,10700.0,12,0,0.0,2,2,6783.333333333333,0.5668174774680256,11.307142836927456,8.82237082015659,13.333333333333334,27,0.0,0.0
CustomerId_1235,31000.0,5166.67,4155.32,500.0,10000.0,6,0,0.0,2,2,5166.666666666667,0.8042549648411345,10.34177474101152,8.550177188934489,13.0,0,0.0,0.0
CustomerId_1236,11235.0,1404.38,1955.31,10.0,5000.0,8,0,0.0,2,2,1404.375,1.3922941074407964,9.326878188224134,7.248063007832873,7.25,0,0.0,0.0
CustomerId_1237,1000.0,1000.0,0.0,1000.0,1000.0,1,0,0.0,1,1,1000.0,0.0,6.90875477931522,6.90875477931522,7.0,0,0.0,0.0
CustomerId_1238,32000.0,6400.0,3781.53,1000.0,10000.0,5,0,0.0,2,2,6400.0,0.5908640624076775,10.373522431293592,8.764209507142004,19.0,0,0.0,0.0
CustomerId_1240,46000.0,7666.67,4966.55,1000.0,15000.0,6,0,0.0,2,2,7666.666666666667,0.6478105878239431,10.736418414365376,8.94476806724572,16.0,1,0.0,0.16666666666666666
CustomerId_1241,42000.0,6000.0,4082.48,1000.0,10000.0,7,0,0.0,2,2,6000.0,0.680413333219931,10.645448706505872,8.699681400989514,15.0,0,0.0,0.0
CustomerId_1242,1191696.0,7840.11,7406.98,10.0,31000.0,152,0,0.0,4,2,7840.105263157895,0.944754601536872,13.990888899663629,8.967135684955373,8.519736842105264,83,0.42105263157894735,0.05921052631578947
CustomerId_1244,5000.0,5000.0,0.0,5000.0,5000.0,1,0,0.0,1,1,5000.0,0.0,8.517393171418904,8.517393171418904,8.0,0,0.0,1.0
CustomerId_1245,197000.0,6793.1,3508.96,1000.0,15000.0,29,0,0.0,3,2,6793.103448275862,0.5165476732984134,12.190964083849375,8.823809867481799,15.137931034482758,48,0.0,0.0
CustomerId_1246,121000.0,6368.42,3467.48,1000.0,10000.0,19,0,0.0,2,2,6368.421052631579,0.5444804204897792,11.703554089007538,8.759263692615404,14.421052631578947,41,0.0,0.10526315789473684
CustomerId_1247,112000.0,8615.38,5220.77,1000.0,21000.0,13,0,0.0,2,2,8615.384615384615,0.6059825567060325,11.626263078808801,9.061420321856243,13.615384615384615,18,0.0,0.07692307692307693
CustomerId_1250,696300.85,2550.55,4545.83,20.0,39000.0,273,0,0.0,5,2,2550.552564102564,1.782294014317581,13.45353853782787,7.844456296627913,12.527472527472527,74,0.08058608058608059,0.4432234432234432
CustomerId_1252,122000.0,6421.05,3449.09,500.0,10000.0,19,0,0.0,2,2,6421.0526315789475,0.5371535807169927,11.711784520403112,8.767492660355682,7.947368421052632,21,0.0,0.0
CustomerId_1253,32000.0,6400.0,3781.53,1000.0,10000.0,5,0,0.0,2,2,6400.0,0.5908640624076775,10.373522431293592,8.764209507142004,8.0,0,0.0,0.0
CustomerId_1256,42000.0,7000.0,3949.68,1000.0,11000.0,6,0,0.0,2,2,7000.0,0.5642399999193942,10.645448706505872,8.853808274977197,17.0,0,0.0,0.0
CustomerId_1257,17395.0,1449.58,1878.33,10.0,5000.0,12,0,0.0,3,2,1449.5833333333333,1.2957753271321517,9.76399557371753,7.279718755435947,10.5,51,0.0,0.5
CustomerId_1258,42000.0,6000.0,4173.33,500.0,10000.0,7,0,0.0,2,2,6000.0,0.6955549998840741,10.645448706505872,8.699681400989514,18.0,0,0.0,0.0
CustomerId_1259,17786.5,1111.66,1591.49,25.0,5000.0,16,0,0.0,2,2,1111.65625,1.431633771628345,9.786251242398107,7.014508823923977,12.9375,11,0.0,0.0625
CustomerId_1260,62000.0,6888.89,3257.47,1000.0,10000.0,9,0,0.0,2,2,6888.888888888889,0.4728584720509605,11.034905792929415,8.837810398713351,7.666666666666667,6,0.0,0.0
CustomerId_1262,10160.0,1128.89,769.94,20.0,2000.0,9,0,0.0,2,2,1128.888888888889,0.6820327926706474,9.22631214148588,7.029875561835298,13.777777777777779,17,0.0,0.0
CustomerId_1263,31000.0,6200.0,3834.06,1000.0,10000.0,5,0,0.0,2,2,6200.0,0.6183967740938069,10.34177474101152,8.732465848349879,15.0,0,0.0,0.0
CustomerId_1265,278900.0,2875.26,4561.56,20.0,24000.0,97,0,0.0,2,2,2875.257731958763,1.586486091140806,12.538612159123673,7.964246118092771,11.103092783505154,54,0.05154639175257732,0.1134020618556701
CustomerId_1266,10120.0,506.0,440.2,25.0,1195.0,20,0,0.0,2,2,506.0,0.8699604725890109,9.222367752188902,6.2285110035911835,12.4,73,0.1,0.0
CustomerId_1267,2020.0,673.33,565.8,20.0,1000.0,3,0,0.0,2,2,673.3333333333334,0.8403011883618712,7.611347717403621,6.513719605333686,19.0,0,0.0,1.0
CustomerId_1268,90000.0,90000.0,0.0,90000.0,90000.0,1,0,0.0,1,1,90000.0,0.0,11.407576060361786,11.407576060361786,10.0,0,0.0,0.0
CustomerId_1269,8000.0,2666.67,2081.67,1000.0,5000.0,3,0,0.0,2,2,2666.6666666666665,0.7806252739256732,8.987321812850125,7.888960711229582,9.0,0,0.0,0.0
CustomerId_1270,55296.0,1675.64,1796.44,50.0,5000.0,33,0,0.0,3,2,1675.6363636363637,1.072091856799735,10.920473936490946,7.424547069726632,11.333333333333334,35,0.21212121212121213,0.6666666666666666
CustomerId_1271,5650.0,941.67,465.21,50.0,1400.0,6,0,0.0,2,2,941.6666666666666,0.49402656929282385,8.639587799629844,6.848716274409994,13.166666666666666,8,0.16666666666666666,0.5
CustomerId_1272,4500.0,1500.0,866.03,500.0,2000.0,3,0,0.0,2,1,1500.0,0.577353332948431,8.412054873292933,7.313886831633462,12.333333333333334,14,0.0,0.0
CustomerId_1273,41000.0,6833.33,3763.86,1000.0,10000.0,6,0,0.0,2,2,6833.333333333333,0.5508090490945396,10.62135173563291,8.829713719481315,19.0,0,0.0,0.0
CustomerId_1274,5000.0,5000.0,0.0,5000.0,5000.0,1,0,0.0,1,1,5000.0,0.0,8.517393171418904,8.517393171418904,7.0,0,0.0,0.0
CustomerId_1275,748843.5,2959.86,9458.91,7.5,50000.0,253,0,0.0,5,2,2959.8557312252965,3.19572885096061,13.526286630798523,7.993235045659917,11.944664031620553,21,0.011857707509881422,0.26877470355731226
CustomerId_1276,887500.0,10319.77,16030.65,500.0,90000.0,86,0,0.0,3,2,10319.767441860466,1.5533921781635256,13.696164927091637,9.241913648655288,9.813953488372093,69,0.011627906976744186,0.023255813953488372
CustomerId_1277,175090.0,2918.17,7130.29,20.0,35000.0,60,0,0.0,4,2,2918.1666666666665,2.4434114522308805,12.073061117752502,7.97905460828127,12.75,33,0.05,0.45
CustomerId_1279,51000.0,7285.71,3638.42,1000.0,10000.0,7,0,0.0,2,2,7285.714285714285,0.49939127408318595,10.839600519357369,8.893807419979778,19.142857142857142,0,0.0,0.0
CustomerId_1280,113797.0,2586.3,3131.99,40.0,15000.0,44,0,0.0,3,2,2586.2954545454545,1.210992537133746,11.642180225827488,7.858370139900246,10.840909090909092,37,0.18181818181818182,0.06818181818181818
CustomerId_1281,271800.0,9060.0,5925.84,200.0,20700.0,30,0,0.0,2,2,9060.0,0.6540662250933702,12.512825459868276,9.11173476822206,10.6,84,0.16666666666666666,0.0
CustomerId_1282,10000.0,10000.0,0.0,10000.0,10000.0,1,0,0.0,1,1,10000.0,0.0,9.210440366976517,9.210440366976517,13.0,0,0.0,0.0
CustomerId_1283,18095.0,952.37,355.35,20.0,1500.0,19,0,0.0,2,2,952.3684210526316,0.373121790508813,9.803446198355902,6.860003075944624,8.578947368421053,15,0.0,0.0
CustomerId_1285,3050.0,762.5,475.0,50.0,1000.0,4,0,0.0,2,2,762.5,0.6229508188551465,8.02322468471667,6.637913124658687,18.25,0,0.0,0.0
CustomerId_1286,77851.0,2780.39,3262.76,7.5,11000.0,28,0,0.0,4,2,2780.3928571428573,1.1734900495349612,11.262564867362466,7.930706081726334,13.357142857142858,34,0.07142857142857142,0.35714285714285715
CustomerId_1287,51000.0,7285.71,3638.42,1000.0,10000.0,7,0,0.0,2,2,7285.714285714285,0.49939127408318595,10.839600519357369,8.893807419979778,6.0,0,0.0,0.0
CustomerId_1288,16630.0,1187.86,808.69,40.0,2000.0,14,0,0.0,2,2,1187.857142857143,0.6807957160938194,9.71902370267014,7.08075014375313,11.071428571428571,31,0.0,0.21428571428571427
CustomerId_1294,67622.0,5635.17,6529.24,50.0,20000.0,12,0,0.0,3,2,5635.166666666667,1.1586589222403831,11.12170344085007,8.636960035800007,11.416666666666666,58,0.0,0.25
CustomerId_1295,103850.0,6923.33,5742.79,100.0,17000.0,15,0,0.0,3,2,6923.333333333333,0.8294837887505746,11.550712458530887,8.842796575472342,8.466666666666667,28,0.06666666666666667,0.0
CustomerId_1296,1525.0,508.33,487.55,25.0,1000.0,3,0,0.0,2,2,508.3333333333333,0.9591210415298703,7.330405211844402,6.233096136534323,10.0,0,0.0,1.0
CustomerId_1297,5000.0,5000.0,0.0,5000.0,5000.0,1,0,0.0,1,1,5000.0,0.0,8.517393171418904,8.517393171418904,10.0,0,0.0,0.0
CustomerId_1298,360020.0,18001.0,33178.37,20.0,90000.0,20,0,0.0,3,2,18001.0,1.8431403809875486,12.793917642064303,9.79823814181703,10.15,32,0.0,0.15
CustomerId_1299,241220.0,6700.56,14047.58,20.0,50000.0,36,0,0.0,3,2,6700.555555555556,2.096478502976396,12.393468804721875,8.8100956140979,12.194444444444445,54,0.0,0.08333333333333333
CustomerId_13,10000.0,10000.0,0.0,10000.0,10000.0,1,0,0.0,1,1,10000.0,0.0,9.210440366976517,9.210440366976517,16.0,0,0.0,0.0
CustomerId_1300,32000.0,5333.33,4033.2,1000.0,10000.0,6,0,0.0,2,2,5333.333333333333,0.756225472499128,10.373522431293592,8.581918570094851,6.0,0,0.0,0.0
CustomerId_1301,132000.0,7333.33,2910.43,1000.0,10000.0,18,0,0.0,2,2,7333.333333333333,0.39687699852633423,11.790564777297387,8.900321343528448,13.0,41,0.0,0.0
CustomerId_1302,482715.0,26817.5,36813.18,10.0,90000.0,18,3,0.17,3,2,26817.5,1.3727297473152706,13.08718376798136,10.196847226859985,11.222222222222221,9,0.0,0.5
CustomerId_1303,152000.0,7238.1,2844.38,1000.0,10000.0,21,0,0.0,2,2,7238.0952380952385,0.3929732940422247,11.931642378754141,8.887252168260444,8.571428571428571,28,0.0,0.0
CustomerId_1304,150000.0,50000.0,0.0,50000.0,50000.0,3,0,0.0,1,1,50000.0,0.0,11.918397239722838,10.819798284210286,16.333333333333332,0,0.0,0.0
CustomerId_1306,65740.0,1077.7,1949.96,20.0,10000.0,61,0,0.0,2,2,1077.704918032787,1.8093718086579085,11.09347805854152,6.983511891381384,9.78688524590164,6,0.03278688524590164,0.16393442622950818
CustomerId_1307,236350.0,13902.94,29006.55,100.0,90000.0,17,0,0.0,2,2,13902.941176470587,2.0863608702845324,12.37307326722576,9.539927532190914,14.588235294117647,2,0.0,0.0
CustomerId_1308,140558.0,9370.53,23470.28,500.0,90000.0,15,0,0.0,3,2,9370.533333333333,2.5046907696251233,11.853382608436126,9.145431648989028,9.133333333333333,3,0.06666666666666667,0.13333333333333333
CustomerId_1310,10000.0,10000.0,0.0,10000.0,10000.0,1,0,0.0,1,1,10000.0,0.0,9.210440366976517,9.210440366976517,6.0,0,0.0,0.0
CustomerId_1311,43430.0,1316.06,1343.86,20.0,5000.0,33,0,0.0,2,2,1316.060606060606,1.021123656200231,10.678928750822154,7.183157258792103,13.848484848484848,46,0.12121212121212122,0.21212121212121213
CustomerId_1312,1000.0,1000.0,0.0,1000.0,1000.0,1,0,0.0,1,1,1000.0,0.0,6.90875477931522,6.90875477931522,12.0,0,0.0,0.0
CustomerId_1313,41000.0,6833.33,3763.86,1000.0,10000.0,6,0,0.0,2,2,6833.333333333333,0.5508090490945396,10.62135173563291,8.829713719481315,20.0,0,0.0,0.0
CustomerId_1316,30000.0,15000.0,7071.07,10000.0,20000.0,2,0,0.0,1,1,15000.0,0.47140466663523967,10.308985993422082,9.61587214452889,7.5,20,0.0,0.0
CustomerId_1317,67000.0,6700.0,3301.51,1000.0,11000.0,10,0,0.0,2,2,6700.0,0.49276268649361754,11.112462823634855,8.81001204797317,19.0,8,0.0,0.1
CustomerId_1318,7066.0,1009.43,825.16,14.0,2000.0,7,0,0.0,2,2,1009.4285714285714,0.8174514321771184,8.863191340690854,6.9181312618069075,10.142857142857142,4,0.2857142857142857,0.0
CustomerId_1320,10000.0,5000.0,0.0,5000.0,5000.0,2,0,0.0,1,1,5000.0,0.0,9.210440366976517,8.517393171418904,14.5,0,0.0,0.0
CustomerId_1321,60000.0,30000.0,28284.27,10000.0,50000.0,2,0,0.0,2,1,30000.0,0.942808999968573,11.002116507732017,10.308985993422082,10.5,0,0.0,0.0
CustomerId_1322,5050.0,841.67,387.84,50.0,1000.0,6,0,0.0,2,2,841.6666666666666,0.46079817450925165,8.527341522468053,6.736575422287017,12.5,20,0.0,0.0
CustomerId_1323,92000.0,6133.33,3617.75,500.0,10000.0,15,0,0.0,2,2,6133.333333333333,0.5898508639532112,11.429554725537322,8.721656141727273,12.8,21,0.0,0.0
CustomerId_1324,618304.0,13740.09,24096.86,50.0,90000.0,45,0,0.0,4,2,13740.08888888889,1.7537628937107572,13.334737142203272,9.528145893051974,11.488888888888889,55,0.1111111111111111,0.1111111111111111
CustomerId_1325,41720.0,8344.0,10749.26,220.0,26000.0,5,0,0.0,3,2,8344.0,1.2882622241984345,10.63875987814672,9.029417836095936,14.6,22,0.0,0.2
CustomerId_1326,13000.0,4333.33,1154.7,3000.0,5000.0,3,0,0.0,1,1,4333.333333333333,0.2664694356842268,9.472781556562168,8.374322321329618,13.0,8,0.0,0.0
CustomerId_1328,1000.0,1000.0,0.0,1000.0,1000.0,1,0,0.0,1,1,1000.0,0.0,6.90875477931522,6.90875477931522,8.0,0,0.0,0.0
CustomerId_1329,44000.0,6285.71,6824.33,1000.0,20000.0,7,0,0.0,3,2,6285.714285714285,1.0856896037065518,10.691967639914864,8.746193160390598,13.142857142857142,18,0.0,0.0
CustomerId_1330,62000.0,8857.14,6094.49,1000.0,20000.0,7,0,0.0,2,2,8857.142857142857,0.6880878025312812,11.034905792929415,9.089092089280351,14.714285714285714,0,0.0,0.0
CustomerId_1331,88000.0,7333.33,3055.05,1000.0,10000.0,12,0,0.0,2,2,7333.333333333333,0.41659791657860784,11.385103457032141,8.900321343528448,11.833333333333334,27,0.0,0.0
CustomerId_1332,3000.0,1500.0,707.11,1000.0,2000.0,2,0,0.0,2,1,1500.0,0.47140666635239553,8.006700845440367,7.313886831633462,19.0,0,0.0,0.0
CustomerId_1335,300641.5,2660.54,3929.92,6.0,20000.0,113,0,0.0,5,3,2660.5442477876104,1.4771136680985388,12.613677130206119,7.886660181618794,12.256637168141593,72,0.061946902654867256,0.21238938053097345
CustomerId_1338,22000.0,11000.0,12727.92,2000.0,20000.0,2,0,0.0,1,1,11000.0,1.157083636258447,9.99884318585288,9.305741456739435,11.0,0,0.0,0.0
CustomerId_1339,31000.0,6200.0,3834.06,1000.0,10000.0,5,0,0.0,2,2,6200.0,0.6183967740938069,10.34177474101152,8.732465848349879,13.0,0,0.0,0.0
CustomerId_1341,22440.0,2040.0,2056.31,40.0,5000.0,11,0,0.0,2,2,2040.0,1.0079950975451004,10.018644921923576,7.621195162809845,9.090909090909092,28,0.36363636363636365,0.45454545454545453
CustomerId_1343,1000.0,1000.0,0.0,1000.0,1000.0,1,0,0.0,1,1,1000.0,0.0,6.90875477931522,6.90875477931522,8.0,0,0.0,0.0
CustomerId_1349,8000.0,1142.86,377.96,1000.0,2000.0,7,0,0.0,2,1,1142.857142857143,0.3307141729251928,8.987321812850125,7.042163786828613,6.0,0,0.0,1.0
CustomerId_1351,98900.0,6593.33,14135.09,100.0,50000.0,15,0,0.0,2,2,6593.333333333333,2.1438468873628582,11.501874628783144,8.793965467875347,14.933333333333334,4,0.0,0.4
CustomerId_1353,90000.0,90000.0,0.0,90000.0,90000.0,1,0,0.0,1,1,90000.0,0.0,11.407576060361786,11.407576060361786,12.0,0,0.0,0.0
CustomerId_1355,10000.0,2000.0,0.0,2000.0,2000.0,5,0,0.0,2,1,2000.0,0.0,9.210440366976517,7.601402334583733,15.8,0,0.0,0.0
CustomerId_1356,5000.0,5000.0,0.0,5000.0,5000.0,1,0,0.0,1,1,5000.0,0.0,8.517393171418904,8.517393171418904,9.0,0,0.0,0.0
CustomerId_1357,100.0,100.0,0.0,100.0,100.0,1,0,0.0,1,1,100.0,0.0,4.61512051684126,4.61512051684126,19.0,0,0.0,0.0
CustomerId_1358,4050.0,675.0,743.98,25.0,2000.0,6,0,0.0,2,2,675.0,1.1021925909597148,8.30671904320269,6.516193076042964,20.833333333333332,0,0.0,0.0
CustomerId_1359,62000.0,6888.89,3257.47,1000.0,10000.0,9,0,0.0,2,2,6888.888888888889,0.4728584720509605,11.034905792929415,8.837810398713351,15.666666666666666,6,0.0,0.0
CustomerId_1360,10000.0,10000.0,0.0,10000.0,10000.0,1,0,0.0,1,1,10000.0,0.0,9.210440366976517,9.210440366976517,13.0,0,0.0,1.0
CustomerId_1361,11500.0,1277.78,2191.9,50.0,7000.0,9,0,0.0,2,2,1277.7777777777778,1.7153970153583582,9.350189267092581,7.153661777401203,11.0,3,0.0,0.0
CustomerId_1362,144000.0,7200.0,3672.09,500.0,11000.0,20,0,0.0,2,2,7200.0,0.510012499929165,11.87757552297847,8.881975184248867,10.8,17,0.45,0.1
CustomerId_1363,5000.0,5000.0,0.0,5000.0,5000.0,1,0,0.0,1,1,5000.0,0.0,8.517393171418904,8.517393171418904,15.0,0,0.0,0.0
CustomerId_1365,21500.0,5375.0,5344.39,500.0,10000.0,4,0,0.0,2,2,5375.0,0.9943051160940828,9.975854724662028,8.589699882202986,14.5,0,0.0,0.5
CustomerId_1366,3100.0,620.0,520.34,50.0,1000.0,5,0,0.0,2,2,620.0,0.8392580631624871,8.03947991910045,6.431331081933479,15.0,0,0.0,0.0
CustomerId_1367,32000.0,5333.33,4033.2,1000.0,10000.0,6,0,0.0,2,2,5333.333333333333,0.756225472499128,10.373522431293592,8.581918570094851,11.0,0,0.0,0.0
CustomerId_1369,41000.0,6833.33,3763.86,1000.0,10000.0,6,0,0.0,2,2,6833.333333333333,0.5508090490945396,10.62135173563291,8.829713719481315,19.0,0,0.0,0.0
CustomerId_1370,113150.0,16164.29,23158.99,150.0,50000.0,7,0,0.0,3,2,16164.285714285714,1.4327254706867592,11.636478488848525,9.690621629992428,13.428571428571429,16,0.0,0.0
CustomerId_1372,500.0,500.0,0.0,500.0,500.0,1,0,0.0,1,1,500.0,0.0,6.2166061010848646,6.2166061010848646,14.0,0,0.0,0.0
CustomerId_1373,10000.0,10000.0,0.0,10000.0,10000.0,1,0,0.0,1,1,10000.0,0.0,9.210440366976517,9.210440366976517,10.0,0,0.0,1.0
CustomerId_1375,30000.0,10000.0,8660.25,5000.0,20000.0,3,0,0.0,1,1,10000.0,0.8660249999133974,10.308985993422082,9.210440366976517,9.0,0,0.0,0.0
CustomerId_1376,110000.0,55000.0,49497.47,20000.0,90000.0,2,0,0.0,1,1,55000.0,0.8999539999836372,11.608244735642321,10.915106645867503,5.5,0,0.5,1.0
CustomerId_1377,2020.0,673.33,565.8,20.0,1000.0,3,0,0.0,2,2,673.3333333333334,0.8403011883618712,7.611347717403621,6.513719605333686,11.0,0,0.0,0.0
CustomerId_1378,102000.0,7846.15,3782.55,1000.0,15000.0,13,0,0.0,2,2,7846.153846153846,0.48208994213950923,11.532737896139919,8.967905687530347,14.076923076923077,18,0.0,0.07692307692307693
CustomerId_1379,1000.0,1000.0,0.0,1000.0,1000.0,1,0,0.0,1,1,1000.0,0.0,6.90875477931522,6.90875477931522,10.0,0,0.0,0.0
CustomerId_1380,152000.0,7600.0,2962.93,1000.0,11000.0,20,0,0.0,2,2,7600.0,0.3898592104750185,11.931642378754141,8.936035096566041,9.95,25,0.15,0.1
CustomerId_1381,5000.0,5000.0,0.0,5000.0,5000.0,1,0,0.0,1,1,5000.0,0.0,8.517393171418904,8.517393171418904,5.0,0,1.0,0.0
CustomerId_1382,15205.0,760.25,801.08,5.0,3000.0,20,0,0.0,2,2,760.25,1.0537060163713174,9.629445365788381,6.634961819024107,10.8,2,0.1,0.8
CustomerId_1384,7000.0,2333.33,577.35,2000.0,3000.0,3,0,0.0,2,1,2333.3333333333335,0.24743606765976695,8.853808274977197,7.755480191026942,5.333333333333333,6,0.3333333333333333,1.0
CustomerId_1385,50000.0,50000.0,0.0,50000.0,50000.0,1,0,0.0,1,1,50000.0,0.0,10.819798284210286,10.819798284210286,13.0,0,0.0,1.0
CustomerId_1386,1000.0,1000.0,0.0,1000.0,1000.0,1,0,0.0,1,1,1000.0,0.0,6.90875477931522,6.90875477931522,8.0,0,0.0,0.0
CustomerId_1387,24774.0,688.17,696.54,12.0,3000.0,36,0,0.0,3,2,688.1666666666666,1.0121626908871897,10.11759035919819,6.535487974977411,13.75,12,0.05555555555555555,0.3888888888888889
CustomerId_1389,90000.0,90000.0,0.0,90000.0,90000.0,1,0,0.0,1,1,90000.0,0.0,11.407576060361786,11.407576060361786,12.0,0,0.0,0.0
CustomerId_1390,500.0,500.0,0.0,500.0,500.0,1,0,0.0,1,1,500.0,0.0,6.2166061010848646,6.2166061010848646,14.0,0,0.0,0.0
CustomerId_1392,11940.0,2388.0,2325.67,100.0,4800.0,5,0,0.0,2,3,2388.0,0.9738986595586689,9.387733135533384,7.77863014732581,15.8,10,0.0,0.0
CustomerId_1393,10200.0,5100.0,141.42,5000.0,5200.0,2,0,0.0,2,2,5100.0,0.027729411759268737,9.23024103368252,8.537191877922927,17.0,0,0.0,0.0
CustomerId_1394,10000.0,10000.0,0.0,10000.0,10000.0,1,0,0.0,1,1,10000.0,0.0,9.210440366976517,9.210440366976517,9.0,0,0.0,0.0
CustomerId_1395,32000.0,6400.0,3781.53,1000.0,10000.0,5,0,0.0,2,2,6400.0,0.5908640624076775,10.373522431293592,8.764209507142004,9.0,0,0.0,0.0
CustomerId_1396,40600.0,5800.0,4409.08,200.0,10000.0,7,0,0.0,2,2,5800.0,0.7601862067654851,10.611547975828369,8.665785595466064,4.714285714285714,21,0.5714285714285714,0.0
CustomerId_1397,9200.0,920.0,1204.03,25.0,4000.0,10,0,0.0,2,2,920.0,1.3087282594470344,9.127067452782361,6.825460036255307,11.2,0,0.0,0.0
CustomerId_1398,220229.0,5121.6,10655.0,48.0,45000.0,43,0,0.0,4,2,5121.604651162791,2.080404560668462,12.302427733772937,8.54141740164042,15.767441860465116,49,0.09302325581395349,0.046511627906976744
CustomerId_14,10000.0,10000.0,0.0,10000.0,10000.0,1,0,0.0,1,1,10000.0,0.0,9.210440366976517,9.210440366976517,16.0,0,0.0,0.0
CustomerId_1400,500.0,500.0,0.0,500.0,500.0,1,0,0.0,1,1,500.0,0.0,6.2166061010848646,6.2166061010848646,4.0,0,1.0,0.0
CustomerId_1402,12040.0,2006.67,1779.96,40.0,5000.0,6,0,0.0,2,2,2006.6666666666667,0.8870217819138065,9.39607277189222,7.604730124676408,6.666666666666667,1,0.3333333333333333,0.3333333333333333
CustomerId_1404,4000.0,2000.0,0.0,2000.0,2000.0,2,0,0.0,1,1,2000.0,0.0,8.294299608857235,7.601402334583733,15.5,0,0.0,0.0
CustomerId_1406,510.0,255.0,346.48,10.0,500.0,2,0,0.0,2,2,255.0,1.3587450927108036,6.236369590203704,5.545177444479562,14.5,0,0.0,0.5
CustomerId_1407,128020.0,7112.22,3642.02,20.0,13000.0,18,0,0.0,3,2,7112.222222222223,0.5120792100761675,11.759949591944974,8.869710303539623,10.61111111111111,34,0.2777777777777778,0.0
CustomerId_1408,1000.0,1000.0,0.0,1000.0,1000.0,1,0,0.0,1,1,1000.0,0.0,6.90875477931522,6.90875477931522,19.0,0,0.0,0.0
CustomerId_1409,34911.0,1454.62,1755.1,20.0,5000.0,24,0,0.0,3,2,1454.625,1.2065694124880935,10.460585888632798,7.283187205682084,7.458333333333333,76,0.5833333333333334,0.375
CustomerId_1410,77000.0,5923.08,2596.84,1000.0,10000.0,13,0,0.0,2,2,5923.076923076923,0.4384273046390683,11.251573687764477,8.686780679685432,14.76923076923077,6,0.07692307692307693,0.0
CustomerId_1411,7000.0,1166.67,408.25,1000.0,2000.0,6,0,0.0,2,1,1166.6666666666667,0.3499275713355725,8.853808274977197,7.062765589221278,10.333333333333334,0,0.0,0.0
CustomerId_1413,542505.6,3875.04,6514.31,36.0,40000.0,140,0,0.0,3,3,3875.04,1.6810949043929626,13.203955530221366,8.262569292874847,12.82857142857143,84,0.07142857142857142,0.35714285714285715
CustomerId_1414,22000.0,5500.0,3696.85,1000.0,10000.0,4,0,0.0,2,2,5500.0,0.6721545453323354,9.99884318585288,8.612685172875459,13.25,0,0.0,0.0
CustomerId_1415,62247.0,1197.06,1195.34,41.0,5000.0,52,0,0.0,3,3,1197.0576923076924,0.9985631455411063,11.038881685296767,7.088458860893714,9.634615384615385,89,0.17307692307692307,0.11538461538461539
CustomerId_1417,7000.0,3500.0,2121.32,2000.0,5000.0,2,0,0.0,1,1,3500.0,0.6060914283982597,8.853808274977197,8.160803920954665,4.0,0,1.0,0.0
CustomerId_1418,3500.0,3500.0,0.0,3500.0,3500.0,1,0,0.0,1,1,3500.0,0.0,8.160803920954665,8.160803920954665,13.0,0,0.0,1.0
CustomerId_1419,45775.0,5086.11,4219.06,200.0,10000.0,9,0,0.0,2,2,5086.111111111111,0.8295259047032948,10.73151521528989,8.53446516833578,11.222222222222221,14,0.0,0.1111111111111111
CustomerId_1420,14350.0,1435.0,1447.57,65.0,5000.0,10,0,0.0,3,2,1435.0,1.0087595811785646,9.571574905170932,7.269616749608169,12.3,0,0.2,0.0
CustomerId_1421,32190.0,3219.0,6095.57,20.0,20000.0,10,0,0.0,2,2,3219.0,1.8936222423443236,10.379442189358636,8.077136638538454,9.1,4,0.5,0.8
CustomerId_1422,14040.0,4680.0,7239.25,20.0,13020.0,3,0,0.0,2,2,4680.0,1.5468482902677674,9.549736900114642,8.45126704130007,14.0,0,0.0,0.0
CustomerId_1423,8640.0,617.14,868.35,15.0,3000.0,14,0,0.0,2,2,617.1428571428571,1.4070551229752486,9.0642735958414,6.426714969018838,14.357142857142858,2,0.0,0.0
CustomerId_1424,32000.0,6400.0,3781.53,1000.0,10000.0,5,0,0.0,2,2,6400.0,0.5908640624076775,10.373522431293592,8.764209507142004,8.8,0,0.0,0.0
CustomerId_1425,63110.0,1753.06,5164.43,20.0,30000.0,36,0,0.0,3,2,1753.0555555555557,2.945951648576802,11.052650359802138,7.46968837987272,11.944444444444445,0,0.0,0.0
CustomerId_1426,10000.0,10000.0,0.0,10000.0,10000.0,1,0,0.0,1,1,10000.0,0.0,9.210440366976517,9.210440366976517,9.0,0,0.0,0.0
CustomerId_1427,222800.0,7426.67,4254.4,200.0,20000.0,30,0,0.0,2,2,7426.666666666667,0.5728543209038701,12.314034275355535,8.912967494991365,12.233333333333333,34,0.0,0.0
CustomerId_1429,223360.0,6204.44,9016.97,40.0,40000.0,36,0,0.0,2,2,6204.444444444444,1.45330924282396,12.316544575623487,8.733181605680675,12.5,84,0.0,0.1111111111111111
CustomerId_1431,5000.0,5000.0,0.0,5000.0,5000.0,1,0,0.0,1,1,5000.0,0.0,8.517393171418904,8.517393171418904,15.0,0,0.0,0.0
CustomerId_1432,2000.0,2000.0,0.0,2000.0,2000.0,1,0,0.0,1,1,2000.0,0.0,7.601402334583733,7.601402334583733,3.0,0,1.0,0.0
CustomerId_1435,162200.0,5593.1,3636.32,100.0,10000.0,29,0,0.0,2,2,5593.103448275862,0.6501439272228023,11.996591585872558,8.629467749898158,9.96551724137931,42,0.0,0.0
CustomerId_1436,21000.0,5250.0,3685.56,1000.0,10000.0,4,0,0.0,2,2,5250.0,0.702011428437712,9.952325334619427,8.566173813637858,7.0,0,0.0,0.0
CustomerId_1437,20000.0,20000.0,0.0,20000.0,20000.0,1,0,0.0,1,1,20000.0,0.0,9.90353755128617,9.90353755128617,16.0,0,0.0,1.0
CustomerId_1438,179855.0,5620.47,8188.76,392.0,29000.0,32,0,0.0,3,3,5620.46875,1.4569528880223623,12.099911809701577,8.634348474521657,13.71875,57,0.09375,0.15625
CustomerId_1439,500.0,500.0,0.0,500.0,500.0,1,0,0.0,1,1,500.0,0.0,6.2166061010848646,6.2166061010848646,14.0,0,0.0,0.0
CustomerId_1440,2460.0,615.0,461.77,10.0,1000.0,4,0,0.0,2,2,615.0,0.7508455272343975,7.8083230503910555,6.423246963533519,11.25,9,0.25,0.75
CustomerId_1441,1000.0,1000.0,0.0,1000.0,1000.0,1,0,0.0,1,1,1000.0,0.0,6.90875477931522,6.90875477931522,13.0,0,0.0,0.0
CustomerId_1442,62000.0,6888.89,3257.47,1000.0,10000.0,9,0,0.0,2,2,6888.888888888889,0.4728584720509605,11.034905792929415,8.837810398713351,16.0,0,0.0,0.0
CustomerId_1443,2000.0,1000.0,0.0,1000.0,1000.0,2,0,0.0,1,1,1000.0,0.0,7.601402334583733,6.90875477931522,5.0,0,1.0,1.0
CustomerId_1444,500.0,500.0,0.0,500.0,500.0,1,0,0.0,1,1,500.0,0.0,6.2166061010848646,6.2166061010848646,11.0,0,0.0,0.0
CustomerId_1445,500.0,500.0,0.0,500.0,500.0,1,0,0.0,1,1,500.0,0.0,6.2166061010848646,6.2166061010848646,11.0,0,0.0,0.0
CustomerId_1447,12150.0,1518.75,1583.83,50.0,5000.0,8,0,0.0,2,2,1518.75,1.0428510281199335,9.405166749908611,7.326301126628832,7.25,8,0.625,0.125
CustomerId_1448,3500.0,1166.67,577.35,500.0,1500.0,3,0,0.0,1,1,1166.6666666666667,0.4948700142329278,8.160803920954665,7.062765589221278,18.666666666666668,17,0.0,0.6666666666666666
CustomerId_1449,380432.0,14090.07,30503.68,32.0,90000.0,27,0,0.0,5,2,14090.074074074075,2.1649062068417755,12.849065356679384,9.553296542392651,15.814814814814815,60,0.037037037037037035,0.2222222222222222
CustomerId_1450,63275.0,7030.56,16231.55,25.0,50000.0,9,0,0.0,2,2,7030.555555555556,2.30871367255116,11.05526138931847,8.858163866303833,11.88888888888889,3,0.0,0.0
CustomerId_1451,20850.0,1158.33,2375.4,10.0,10000.0,18,0,0.0,3,2,1158.3333333333333,2.0507109355272584,9.94515718770752,7.055597531026344,16.0,6,0.0,0.05555555555555555
CustomerId_1452,25400.0,2309.09,3137.18,50.0,10000.0,11,0,0.0,2,2,2309.090909090909,1.3586217941446102,10.142543822310387,7.745041763795839,11.0,6,0.09090909090909091,0.45454545454545453
CustomerId_1453,22825.0,2075.0,2406.89,50.0,7000.0,11,0,0.0,2,2,2075.0,1.1599469873927966,10.035655516113545,7.638198244285779,18.636363636363637,11,0.36363636363636365,0.5454545454545454
CustomerId_1454,102000.0,7285.71,3148.35,1000.0,11000.0,14,0,0.0,2,2,7285.714285714285,0.43212672472111474,11.532737896139919,8.893807419979778,11.642857142857142,18,0.0,0.07142857142857142
CustomerId_1455,1000.0,1000.0,0.0,1000.0,1000.0,1,0,0.0,1,1,1000.0,0.0,6.90875477931522,6.90875477931522,12.0,0,0.0,0.0
CustomerId_1458,500.0,500.0,0.0,500.0,500.0,1,0,0.0,1,1,500.0,0.0,6.2166061010848646,6.2166061010848646,13.0,0,0.0,0.0
CustomerId_1459,10000.0,10000.0,0.0,10000.0,10000.0,1,0,0.0,1,1,10000.0,0.0,9.210440366976517,9.210440366976517,19.0,0,0.0,1.0
CustomerId_1461,69400.0,1652.38,2555.11,20.0,10000.0,42,0,0.0,2,2,1652.3809523809523,1.5463210632261821,11.147656555612986,7.410576956458975,15.476190476190476,41,0.11904761904761904,0.16666666666666666
CustomerId_1464,22000.0,5500.0,3696.85,1000.0,10000.0,4,0,0.0,2,2,5500.0,0.6721545453323354,9.99884318585288,8.612685172875459,14.0,0,0.0,0.0
CustomerId_1466,50200.0,7171.43,3599.4,1000.0,10700.0,7,0,0.0,2,2,7171.428571428572,0.5019082664821509,10.823790225800138,8.877999788309813,19.714285714285715,0,0.0,0.0
CustomerId_1467,13500.0,1687.5,1589.64,600.0,5500.0,8,0,0.0,2,1,1687.5,0.9420088883306614,9.510519035757246,7.431595839825622,11.375,1,0.0,0.0
CustomerId_1468,406464.0,27097.6,27809.27,400.0,70000.0,15,0,0.0,3,2,27097.6,1.026263211464253,12.915253103402101,10.207237345016736,10.666666666666666,28,0.2,0.0
CustomerId_1472,335872.0,5088.97,3666.29,18.0,14000.0,66,0,0.0,4,3,5088.969696969697,0.720438516886435,12.72448839130386,8.535027215617573,13.212121212121213,65,0.12121212121212122,0.030303030303030304
CustomerId_1474,10000.0,10000.0,0.0,10000.0,10000.0,1,0,0.0,1,1,10000.0,0.0,9.210440366976517,9.210440366976517,10.0,0,0.0,0.0
CustomerId_1475,17260.0,2157.5,3660.81,20.0,11000.0,8,0,0.0,3,2,2157.5,1.6967833132343995,9.75620490038669,7.677168814995532,9.375,6,0.0,0.75
CustomerId_1476,16100.0,2012.5,3244.86,50.0,10000.0,8,0,0.0,2,2,2012.5,1.6123527942298868,9.686636660844938,7.607629780291509,8.5,5,0.0,0.875
CustomerId_1477,146182.6,2520.39,2875.87,8.6,10070.0,58,0,0.0,4,2,2520.3896551724138,1.1410416637341676,11.892618644903118,7.832565615738697,16.103448275862068,63,0.06896551724137931,0.6551724137931034
CustomerId_1478,22000.0,5500.0,3696.85,1000.0,10000.0,4,0,0.0,2,2,5500.0,0.6721545453323354,9.99884318585288,8.612685172875459,4.25,0,1.0,0.0
CustomerId_1479,32000.0,5333.33,4143.27,500.0,10000.0,6,0,0.0,2,2,5333.333333333333,0.7768636103940946,10.373522431293592,8.581918570094851,16.0,0,0.0,0.0
CustomerId_1480,182000.0,6275.86,3481.04,500.0,10000.0,29,0,0.0,2,2,6275.862068965517,0.5546713915615276,12.111767460549332,8.744625134420563,9.068965517241379,49,0.1724137931034483,0.0
CustomerId_1481,31000.0,2384.62,2966.16,500.0,10000.0,13,0,0.0,2,2,2384.6153846153848,1.2438711403729437,10.34177474101152,7.7772143276104755,14.307692307692308,0,0.07692307692307693,0.6153846153846154
CustomerId_1482,36000.0,3600.0,3016.62,500.0,10000.0,10,0,0.0,2,2,3600.0,0.837949999767236,10.491301994830229,8.188966863648876,9.1,1,0.1,0.3
CustomerId_1483,12180.0,1353.33,1410.27,25.0,3555.0,9,0,0.0,2,2,1353.3333333333333,1.0420739944861386,9.407632639699958,7.211062146081048,13.333333333333334,6,0.0,0.0
CustomerId_1484,5030.0,628.75,512.4,10.0,1500.0,8,0,0.0,2,2,628.75,0.814950296914592,8.523374050491318,6.44532291523272,5.375,63,0.375,0.375
CustomerId_1485,152000.0,6608.7,3282.03,1000.0,10000.0,23,0,0.0,2,2,6608.695652173913,0.49662263372575205,11.931642378754141,8.796293546036644,9.217391304347826,41,0.0,0.0
CustomerId_1486,42000.0,7000.0,3949.68,1000.0,11000.0,6,0,0.0,2,2,7000.0,0.5642399999193942,10.645448706505872,8.853808274977197,15.0,0,0.0,0.0
CustomerId_1487,6500.0,812.5,530.33,500.0,2000.0,8,0,0.0,2,1,812.5,0.6527138453505061,8.77971129020447,6.7013459266590925,9.0,3,0.0,0.625
CustomerId_1488,32000.0,6400.0,3781.53,1000.0,10000.0,5,0,0.0,2,2,6400.0,0.5908640624076775,10.373522431293592,8.764209507142004,10.2,0,0.0,0.0
CustomerId_1489,90000.0,15000.0,7745.97,5000.0,20000.0,6,0,0.0,2,1,15000.0,0.5163979999655735,11.407576060361786,9.61587214452889,12.166666666666666,7,0.0,0.16666666666666666
CustomerId_1490,30000.0,10000.0,8660.25,5000.0,20000.0,3,0,0.0,2,1,10000.0,0.8660249999133974,10.308985993422082,9.210440366976517,16.0,1,1.0,0.6666666666666666
CustomerId_1492,3650.0,1216.67,1554.3,150.0,3000.0,3,0,0.0,2,2,1216.6666666666667,1.2775033482558922,8.202756381655638,7.104694475599473,11.666666666666666,0,0.0,0.3333333333333333
CustomerId_1494,96625.0,3331.9,9192.58,25.0,50000.0,29,0,0.0,2,2,3331.896551724138,2.758960352123725,11.478603135124656,8.11159807485734,11.03448275862069,5,0.0,0.2413793103448276
CustomerId_1495,12050.0,2410.0,2395.93,50.0,5000.0,5,0,0.0,2,2,2410.0,0.9941618253136257,9.396902923027392,7.787796878181171,13.4,0,0.0,0.0
CustomerId_1496,50000.0,50000.0,0.0,50000.0,50000.0,1,0,0.0,1,1,50000.0,0.0,10.819798284210286,10.819798284210286,6.0,0,0.0,0.0
CustomerId_1498,5580.0,1395.0,1776.92,80.0,4000.0,4,0,0.0,2,2,1395.0,1.2737777768646754,8.627123250788433,7.241366283322318,9.5,5,0.0,0.0
CustomerId_1499,46000.0,5750.0,2964.07,1000.0,10000.0,8,0,0.0,2,2,5750.0,0.5154904346929582,10.736418414365376,8.657129031713755,18.0,0,0.0,0.0
CustomerId_15,10000.0,10000.0,0.0,10000.0,10000.0,1,0,0.0,1,1,10000.0,0.0,9.210440366976517,9.210440366976517,16.0,0,0.0,0.0
CustomerId_1501,32000.0,6400.0,3781.53,1000.0,10000.0,5,0,0.0,2,2,6400.0,0.5908640624076775,10.373522431293592,8.764209507142004,8.0,0,0.0,0.0
CustomerId_1502,5000.0,5000.0,0.0,5000.0,5000.0,1,0,0.0,1,1,5000.0,0.0,8.517393171418904,8.517393171418904,14.0,0,0.0,1.0
CustomerId_1503,300579.0,4061.88,14698.16,10.0,90000.0,74,0,0.0,4,3,4061.8783783783783,3.618560862551685,12.613469220488085,8.309647360725082,11.378378378378379,29,0.13513513513513514,0.04054054054054054
CustomerId_1504,102550.0,10255.0,28060.34,100.0,90000.0,10,0,0.0,2,2,10255.0,2.736259385398707,11.538115514793793,9.23561817916045,10.2,4,0.2,0.0
CustomerId_1505,233990.0,2017.16,3988.22,20.0,20000.0,116,0,0.0,4,2,2017.155172413793,1.9771460855970044,12.363037932061713,7.609941484192753,9.956896551724139,29,0.0,0.15517241379310345
CustomerId_1506,5000.0,5000.0,0.0,5000.0,5000.0,1,0,0.0,1,1,5000.0,0.0,8.517393171418904,8.517393171418904,21.0,0,0.0,0.0
CustomerId_1507,1050.0,525.0,671.75,50.0,1000.0,2,0,0.0,2,2,525.0,1.2795238070866213,6.957497370876951,6.26530121273771,16.0,0,0.0,0.0
CustomerId_1508,122000.0,5809.52,3679.12,500.0,10000.0,21,0,0.0,2,2,5809.523809523809,0.6332915627051302,11.711784520403112,8.66742534670158,9.333333333333334,42,0.0,0.0
CustomerId_1509,101459.0,5968.18,3530.8,15.0,10000.0,17,0,0.0,2,2,5968.176470588235,0.591604140526659,11.527419911120681,8.694364843518965,12.647058823529411,70,0.4117647058823529,0.0
CustomerId_1510,224721.0,2416.35,4142.2,20.0,20000.0,93,0,0.0,4,2,2416.3548387096776,1.7142384167383706,12.322619361702921,7.7904271778326155,9.526881720430108,30,0.11827956989247312,0.24731182795698925
CustomerId_1511,6050.0,1512.5,1717.74,50.0,4000.0,4,0,0.0,2,2,1512.5,1.1356958670177217,8.707978826622321,7.322180128461773,12.75,1,0.25,0.75
CustomerId_1512,137365.0,4292.66,4359.08,50.0,15000.0,32,0,0.0,2,2,4292.65625,1.0154729233120086,11.83040417545605,8.36489479505229,10.09375,45,0.28125,0.03125
CustomerId_1513,41000.0,6833.33,3763.86,1000.0,10000.0,6,0,0.0,2,2,6833.333333333333,0.5508090490945396,10.62135173563291,8.829713719481315,19.0,0,0.0,0.0
CustomerId_1514,6450.0,716.67,479.42,25.0,1400.0,9,0,0.0,2,2,716.6666666666666,0.668955027182727,8.771990436532242,6.576009853367306,11.555555555555555,9,0.2222222222222222,0.0
CustomerId_1515,157915.0,2255.93,2771.58,20.0,11000.0,70,0,0.0,5,2,2255.9285714285716,1.2285753541871534,11.969818525065868,7.721760761715394,13.585714285714285,57,0.014285714285714285,0.15714285714285714
CustomerId_1516,33025.0,4717.86,4314.58,25.0,10500.0,7,0,0.0,2,2,4717.857142857143,0.9145205663342022,10.405050409022934,8.459322523983909,18.0,0,0.0,0.0
CustomerId_1517,35000.0,3181.82,3074.03,500.0,10000.0,11,0,0.0,2,2,3181.818181818182,0.9661231619116973,10.463131911491967,8.06552287525893,9.545454545454545,19,0.36363636363636365,0.0
CustomerId_1518,21000.0,5250.0,3685.56,1000.0,10000.0,4,0,0.0,2,2,5250.0,0.702011428437712,9.952325334619427,8.566173813637858,7.75,0,0.0,0.0
CustomerId_1520,140280.0,7014.0,3237.27,180.0,10000.0,20,0,0.0,2,2,7014.0,0.4615440546818443,11.851402832828649,8.855805992536562,9.6,28,0.25,0.0
CustomerId_1521,1000.0,1000.0,0.0,1000.0,1000.0,1,0,0.0,1,1,1000.0,0.0,6.90875477931522,6.90875477931522,13.0,0,0.0,1.0
CustomerId_1523,171846.0,12274.71,23946.08,496.0,90000.0,14,0,0.0,2,2,12274.714285714286,1.9508469037597758,12.054359825040937,9.415377792130517,13.785714285714286,0,0.0,1.0
CustomerId_1524,22000.0,4400.0,3435.11,1000.0,10000.0,5,0,0.0,2,2,4400.0,0.7807068180043848,9.99884318585288,8.38958706681109,9.0,0,0.0,0.0
CustomerId_1525,1000.0,1000.0,0.0,1000.0,1000.0,1,0,0.0,1,1,1000.0,0.0,6.90875477931522,6.90875477931522,21.0,0,0.0,0.0
CustomerId_1526,500.0,500.0,0.0,500.0,500.0,1,0,0.0,1,1,500.0,0.0,6.2166061010848646,6.2166061010848646,17.0,0,0.0,0.0
CustomerId_1528,14220.0,2844.0,4571.84,220.0,11000.0,5,0,0.0,3,2,2844.0,1.6075386773531863,9.562475024372697,7.953318346560431,16.4,3,0.0,0.4
CustomerId_1529,29814.0,1064.79,1282.95,14.0,5000.0,28,0,0.0,2,2,1064.7857142857142,1.204885469242869,10.302766901557206,6.971471587195284,6.571428571428571,1,0.6071428571428571,0.0
CustomerId_1531,3000.0,3000.0,0.0,3000.0,3000.0,1,0,0.0,1,1,3000.0,0.0,8.006700845440367,8.006700845440367,12.0,0,0.0,0.0
CustomerId_1532,336594.0,16829.7,31899.45,50.0,90000.0,20,0,0.0,5,2,16829.7,1.8954259433088274,12.726635706201895,9.730959878714446,12.1,44,0.2,0.1
CustomerId_1533,150070.0,1667.44,5417.12,10.0,50000.0,90,0,0.0,3,2,1667.4444444444443,3.2487645712896627,11.91886379442484,7.4196443371013245,13.533333333333333,39,0.0,0.32222222222222224
CustomerId_1535,630000.0,90000.0,0.0,90000.0,90000.0,7,6,0.86,1,1,90000.0,0.0,13.353476685668044,11.407576060361786,11.142857142857142,4,0.7142857142857143,0.14285714285714285
CustomerId_1537,131371.0,5473.79,2767.56,100.0,10001.0,24,0,0.0,3,2,5473.791666666667,0.5056021512506687,11.785788272523659,8.607909197784702,13.583333333333334,35,0.041666666666666664,0.041666666666666664
CustomerId_1538,102000.0,6800.0,3363.67,1000.0,10000.0,15,0,0.0,2,2,6800.0,0.4946573528684327,11.532737896139919,8.824824939175638,15.666666666666666,34,0.0,0.0
CustomerId_1540,31000.0,6200.0,3834.06,1000.0,10000.0,5,0,0.0,2,2,6200.0,0.6183967740938069,10.34177474101152,8.732465848349879,17.0,0,0.0,0.0
CustomerId_1541,100400.0,3462.07,2996.59,500.0,15000.0,29,0,0.0,3,2,3462.0689655172414,0.8655486455023877,11.516927446349527,8.149910757885682,12.482758620689655,11,0.13793103448275862,0.06896551724137931
CustomerId_1542,22000.0,4400.0,3595.14,1000.0,10000.0,5,0,0.0,3,2,4400.0,0.8170772725415733,9.99884318585288,8.38958706681109,10.0,0,0.0,0.0
CustomerId_1543,32000.0,6400.0,3781.53,1000.0,10000.0,5,0,0.0,2,2,6400.0,0.5908640624076775,10.373522431293592,8.764209507142004,13.0,0,0.0,0.0
CustomerId_1545,248615.0,3551.64,12134.36,10.0,60000.0,70,0,0.0,4,2,3551.6428571428573,3.4165512260768125,12.423664816406047,8.175446268061743,16.757142857142856,74,0.04285714285714286,0.9571428571428572
CustomerId_1546,481400.0,9628.0,5306.64,200.0,20000.0,50,0,0.0,2,2,9628.0,0.5511674282767794,13.084455881603567,9.172534657240284,14.26,84,0.28,0.0
CustomerId_1547,110950.0,2133.65,2805.65,25.0,10000.0,52,0,0.0,2,2,2133.653846153846,1.31495324851079,11.616843941389073,7.666057977797779,13.73076923076923,10,0.0,0.23076923076923078
CustomerId_1550,92000.0,6571.43,3429.83,500.0,10000.0,14,0,0.0,2,2,6571.428571428572,0.5219305386313282,11.429554725537322,8.79063890610989,9.857142857142858,27,0.0,0.0
CustomerId_1554,35275.0,1356.73,1737.85,25.0,5000.0,26,0,0.0,2,2,1356.7307692307693,1.2809107182115005,10.470958125008071,7.213569466554208,11.961538461538462,67,0.38461538461538464,0.19230769230769232
CustomerId_1557,182000.0,7280.0,2791.65,1000.0,10000.0,25,0,0.0,2,2,7280.0,0.38346840654073233,12.111767460549332,8.893023494394711,10.84,42,0.0,0.0
CustomerId_1561,32000.0,6400.0,3781.53,1000.0,10000.0,5,0,0.0,2,2,6400.0,0.5908640624076775,10.373522431293592,8.764209507142004,13.8,0,0.0,0.0
CustomerId_1562,6250.0,2083.33,2553.59,250.0,5000.0,3,0,0.0,2,2,2083.3333333333335,1.225725160571909,8.740496729931813,7.6422027396655405,6.0,0,0.0,1.0
CustomerId_1564,55990.0,1999.64,2475.27,50.0,12000.0,28,0,0.0,3,3,1999.642857142857,1.2378578137875527,10.932946242515648,7.601222408353003,12.321428571428571,26,0.03571428571428571,0.42857142857142855
CustomerId_1565,62400.0,3670.59,5063.66,50.0,15000.0,17,0,0.0,2,2,3670.5882352941176,1.3795220928026497,11.041336579870135,8.20838008973299,8.588235294117647,13,0.11764705882352941,0.35294117647058826
CustomerId_1566,1000.0,1000.0,0.0,1000.0,1000.0,1,0,0.0,1,1,1000.0,0.0,6.90875477931522,6.90875477931522,23.0,0,1.0,0.0
CustomerId_1567,180500.0,60166.67,51672.85,500.0,90000.0,3,2,0.67,2,1,60166.666666666664,0.8588284842611561,12.103491596905931,11.004890443848199,9.666666666666666,3,0.3333333333333333,0.6666666666666666
CustomerId_1568,25360.0,1690.67,2647.8,20.0,10000.0,15,0,0.0,3,2,1690.6666666666667,1.5661246715407946,10.14096783995039,7.433471485683287,10.933333333333334,32,0.0,0.2
CustomerId_1569,5000.0,5000.0,0.0,5000.0,5000.0,1,0,0.0,1,1,5000.0,0.0,8.517393171418904,8.517393171418904,21.0,0,0.0,0.0
CustomerId_1570,42000.0,4666.67,3665.72,500.0,10000.0,9,0,0.0,2,2,4666.666666666667,0.7855108673239137,10.645448706505872,8.448415296820098,19.0,0,0.0,0.0
CustomerId_1571,10000.0,10000.0,0.0,10000.0,10000.0,1,0,0.0,1,1,10000.0,0.0,9.210440366976517,9.210440366976517,7.0,0,0.0,1.0
CustomerId_1572,92000.0,7076.92,3040.33,1000.0,10000.0,13,0,0.0,2,2,7076.923076923077,0.429612034553222,11.429554725537322,8.864735358213673,11.23076923076923,13,0.0,0.0
CustomerId_1573,41000.0,6833.33,3763.86,1000.0,10000.0,6,0,0.0,2,2,6833.333333333333,0.5508090490945396,10.62135173563291,8.829713719481315,18.0,0,0.0,0.0
CustomerId_1576,289724.0,3183.78,9217.61,20.0,80000.0,91,0,0.0,7,3,3183.78021978022,2.8951780578761164,12.576687476202592,8.0661384918372,11.54945054945055,47,0.0989010989010989,0.0989010989010989
CustomerId_1577,5750.0,1916.67,2673.17,250.0,5000.0,3,0,0.0,2,2,1916.6666666666667,1.3946949650202198,8.657129031713755,7.558866186417209,15.333333333333334,2,0.0,0.3333333333333333
CustomerId_1578,120000.0,10000.0,5222.33,5000.0,20000.0,12,0,0.0,2,2,10000.0,0.5222329999477767,11.695255355062795,9.210440366976517,13.916666666666666,6,0.0,0.0
CustomerId_1579,162000.0,8100.0,3322.97,1000.0,15000.0,20,0,0.0,2,2,8100.0,0.41024320982589585,11.995357787034976,8.999742789830492,15.5,32,0.0,0.05
CustomerId_1580,6068.0,1011.33,914.94,28.0,2000.0,6,0,0.0,3,2,1011.3333333333334,0.904689862948108,8.710949125835855,6.920009883649136,20.166666666666668,20,0.3333333333333333,0.0
CustomerId_1581,37000.0,2846.15,2911.08,500.0,10000.0,13,0,0.0,2,2,2846.153846153846,1.0228132737126248,10.518700218288165,7.954073772929113,14.307692307692308,0,0.0,0.0
CustomerId_1583,10270.0,1141.11,829.54,90.0,1800.0,9,0,0.0,2,2,1141.111111111111,0.7269588376870251,9.237079669165805,7.040632707818947,10.333333333333334,23,0.2222222222222222,0.5555555555555556
CustomerId_1584,258386.0,4379.42,9363.04,16.0,50000.0,59,0,0.0,4,2,4379.423728813559,2.137963474127176,12.46221374002749,8.38489988918426,11.05084745762712,84,0.1016949152542373,0.4067796610169492
CustomerId_1587,19645.0,1309.67,1607.67,25.0,5000.0,15,0,0.0,3,2,1309.6666666666667,1.2275382338852243,9.885629034234816,7.178293735830708,14.0,3,0.0,0.0
CustomerId_1588,142360.0,4313.94,13988.15,10.0,80000.0,33,0,0.0,5,3,4313.939393939394,3.2425462562663028,11.866121364044526,8.369838698438235,11.454545454545455,57,0.0,0.2727272727272727
CustomerId_1591,57000.0,6333.33,3807.89,1000.0,10000.0,9,0,0.0,2,2,6333.333333333333,0.6012461058240695,10.950824090522445,8.75373932552041,11.555555555555555,6,0.0,0.0
CustomerId_1593,102000.0,7846.15,3782.55,1000.0,15000.0,13,0,0.0,2,2,7846.153846153846,0.48208994213950923,11.532737896139919,8.967905687530347,13.615384615384615,18,0.0,0.07692307692307693
CustomerId_1594,496020.0,5573.26,3987.13,50.0,13000.0,89,0,0.0,3,2,5573.258426966292,0.7154035518322484,13.114373543520484,8.625914852092185,10.786516853932584,84,0.0898876404494382,0.3258426966292135
CustomerId_1595,12050.0,3012.5,4679.81,50.0,10000.0,4,0,0.0,2,3,3012.5,1.5534638998992654,9.396902923027392,8.0108574729231,6.25,8,0.0,0.0
CustomerId_1597,50000.0,50000.0,0.0,50000.0,50000.0,1,0,0.0,1,1,50000.0,0.0,10.819798284210286,10.819798284210286,15.0,0,0.0,0.0
CustomerId_1599,2000.0,666.67,288.68,500.0,1000.0,3,0,0.0,2,2,666.6666666666666,0.43301783426130197,7.601402334583733,6.503794039496479,13.0,0,0.0,0.0
CustomerId_1601,1630.0,543.33,487.48,30.0,1000.0,3,0,0.0,2,2,543.3333333333334,0.8972079566797195,7.396948602621014,6.299555680584891,13.0,0,0.0,1.0
CustomerId_1602,404490.0,6973.97,20704.74,20.0,90000.0,58,1,0.02,2,2,6973.9655172413795,2.968859917239555,12.91038476554218,8.850083305605049,12.431034482758621,29,0.06896551724137931,0.1724137931034483
CustomerId_1604,69174.5,2305.82,4413.3,10.0,14000.0,30,0,0.0,3,2,2305.8166666666666,1.9139828772783727,11.144402032673819,7.743625231722747,13.666666666666666,1,0.0,0.0
CustomerId_1605,1800.0,1800.0,0.0,1800.0,1800.0,1,0,0.0,1,1,1800.0,0.0,7.496097345175956,7.496097345175956,9.0,0,0.0,0.0
CustomerId_1608,20950.0,1309.38,1650.34,25.0,5000.0,16,0,0.0,3,2,1309.375,1.2603980500233711,9.949941656908011,7.178072450467069,18.0,3,0.0,0.125
CustomerId_1609,3025.0,605.0,409.42,25.0,1000.0,5,0,0.0,2,2,605.0,0.6767272716087153,8.014996894348302,6.406879986069314,17.0,0,0.0,0.0
CustomerId_1610,500.0,500.0,0.0,500.0,500.0,1,0,0.0,1,1,500.0,0.0,6.2166061010848646,6.2166061010848646,10.0,0,0.0,0.0
CustomerId_1611,31000.0,6200.0,3834.06,1000.0,10000.0,5,0,0.0,2,2,6200.0,0.6183967740938069,10.34177474101152,8.732465848349879,12.0,0,0.0,0.0
CustomerId_1612,20000.0,20000.0,0.0,20000.0,20000.0,1,0,0.0,1,1,20000.0,0.0,9.90353755128617,9.90353755128617,20.0,0,0.0,1.0
CustomerId_1613,122000.0,6777.78,3209.46,1000.0,10000.0,18,0,0.0,2,2,6777.777777777777,0.4735267299213715,11.711784520403112,8.821552423740167,9.61111111111111,35,0.0,0.0
CustomerId_1614,3000.0,600.0,223.61,500.0,1000.0,5,0,0.0,2,2,600.0,0.37268333271219445,8.006700845440367,6.398594934535208,15.0,0,0.0,1.0
CustomerId_1615,22000.0,4400.0,3714.84,1000.0,10000.0,5,0,0.0,2,2,4400.0,0.844281817989936,9.99884318585288,8.38958706681109,18.0,0,0.0,0.0
CustomerId_1617,500.0,500.0,0.0,500.0,500.0,1,0,0.0,1,1,500.0,0.0,6.2166061010848646,6.2166061010848646,2.0,0,1.0,0.0
CustomerId_1618,122000.0,9384.62,7455.85,1000.0,31000.0,13,0,0.0,2,2,9384.615384615385,0.7944754288618531,11.711784520403112,9.14693400970483,13.923076923076923,18,0.0,0.07692307692307693
CustomerId_1619,5000.0,5000.0,0.0,5000.0,5000.0,1,0,0.0,1,1,5000.0,0.0,8.517393171418904,8.517393171418904,6.0,0,0.0,0.0
CustomerId_1620,32000.0,6400.0,3781.53,1000.0,10000.0,5,0,0.0,2,2,6400.0,0.5908640624076775,10.373522431293592,8.764209507142004,14.0,0,0.0,0.0
CustomerId_1621,1000.0,1000.0,0.0,1000.0,1000.0,1,0,0.0,1,1,1000.0,0.0,6.90875477931522,6.90875477931522,22.0,0,1.0,0.0
CustomerId_1622,521175.0,4136.31,4869.1,20.0,35000.0,126,0,0.0,4,4,4136.309523809524,1.1771603189371298,13.163843075590103,8.327801097180746,14.992063492063492,83,0.06349206349206349,0.1349206349206349
CustomerId_1623,32000.0,6400.0,3781.53,1000.0,10000.0,5,0,0.0,2,2,6400.0,0.5908640624076775,10.373522431293592,8.764209507142004,9.8,0,0.0,0.0
CustomerId_1624,126400.0,7022.22,3388.31,200.0,10000.0,18,0,0.0,3,2,7022.222222222223,0.48251265262516513,11.747214672056005,8.856977081312694,13.222222222222221,27,0.0,0.0
CustomerId_1625,142800.0,6800.0,3927.59,200.0,10700.0,21,0,0.0,2,2,6800.0,0.5775867646209432,11.869207331664223,8.824824939175638,11.619047619047619,34,0.0,0.0
CustomerId_1626,8125.0,625.0,400.78,25.0,1000.0,13,0,0.0,2,2,625.0,0.6412479989740032,9.002824076547672,6.439350371100098,13.76923076923077,0,0.0,1.0
CustomerId_1627,500.0,500.0,0.0,500.0,500.0,1,0,0.0,1,1,500.0,0.0,6.2166061010848646,6.2166061010848646,17.0,0,0.0,1.0
CustomerId_1629,500.0,500.0,0.0,500.0,500.0,1,0,0.0,1,1,500.0,0.0,6.2166061010848646,6.2166061010848646,14.0,0,0.0,0.0
CustomerId_1632,469700.0,6907.35,3262.5,50.0,11000.0,68,0,0.0,3,2,6907.35294117647,0.4723229602564915,13.059851601031342,8.84048610387771,11.617647058823529,84,0.058823529411764705,0.014705882352941176
CustomerId_1634,135300.0,7121.05,3421.92,200.0,10000.0,19,0,0.0,3,2,7121.0526315789475,0.48053587596203706,11.815257205114566,8.87095088431294,11.157894736842104,28,0.0,0.0
CustomerId_1635,42000.0,7000.0,3949.68,1000.0,11000.0,6,0,0.0,2,2,7000.0,0.5642399999193942,10.645448706505872,8.853808274977197,18.5,0,0.0,0.0
CustomerId_1636,88142.0,2754.44,4420.76,10.0,14500.0,32,0,0.0,3,2,2754.4375,1.6049578129837798,11.386715774576441,7.921332418453666,13.40625,47,0.0,0.25
CustomerId_1637,10000.0,10000.0,0.0,10000.0,10000.0,1,0,0.0,1,1,10000.0,0.0,9.210440366976517,9.210440366976517,4.0,0,1.0,0.0
CustomerId_1638,1525.0,508.33,487.55,25.0,1000.0,3,0,0.0,2,2,508.3333333333333,0.9591210415298703,7.330405211844402,6.233096136534323,17.0,0,0.0,1.0
CustomerId_1639,19760.0,1411.43,1440.51,20.0,5000.0,14,0,0.0,3,2,1411.4285714285713,1.0206032172898385,9.891465577308802,7.253066904270457,6.928571428571429,3,0.5,0.07142857142857142
CustomerId_1640,5625.0,703.12,686.66,25.0,2000.0,8,0,0.0,2,2,703.125,0.9765900543625695,8.635153989049803,6.556948796177772,14.0,0,0.0,0.0
CustomerId_1641,41000.0,6833.33,3763.86,1000.0,10000.0,6,0,0.0,2,2,6833.333333333333,0.5508090490945396,10.62135173563291,8.829713719481315,19.0,0,0.0,0.0
CustomerId_1642,31690.0,3169.0,4579.22,40.0,15000.0,10,0,0.0,2,2,3169.0,1.4450047328983893,10.3637880078829,8.061486866871327,9.6,11,0.0,0.2
CustomerId_1643,31000.0,6200.0,3834.06,1000.0,10000.0,5,0,0.0,2,2,6200.0,0.6183967740938069,10.34177474101152,8.732465848349879,20.0,0,0.0,0.0
CustomerId_1645,32000.0,6400.0,3781.53,1000.0,10000.0,5,0,0.0,2,2,6400.0,0.5908640624076775,10.373522431293592,8.764209507142004,12.0,0,0.0,0.0
CustomerId_1646,1500.0,750.0,353.55,500.0,1000.0,2,0,0.0,2,2,750.0,0.4713999993714667,7.313886831633462,6.621405651764134,5.0,0,1.0,1.0
CustomerId_1647,19000.0,1000.0,734.47,50.0,2500.0,19,0,0.0,3,2,1000.0,0.73446999926553,9.852246888342531,6.90875477931522,15.947368421052632,23,0.0,0.5263157894736842
CustomerId_1649,1525.0,508.33,487.55,25.0,1000.0,3,0,0.0,2,2,508.3333333333333,0.9591210415298703,7.330405211844402,6.233096136534323,8.0,0,0.0,1.0
CustomerId_1651,20000.0,10000.0,0.0,10000.0,10000.0,2,0,0.0,1,1,10000.0,0.0,9.90353755128617,9.210440366976517,18.0,0,0.0,0.0
CustomerId_1652,5000.0,5000.0,0.0,5000.0,5000.0,1,0,0.0,1,1,5000.0,0.0,8.517393171418904,8.517393171418904,4.0,0,1.0,1.0
CustomerId_1653,92525.0,15420.83,36537.48,25.0,90000.0,6,1,0.17,3,2,15420.833333333334,2.369358847586715,11.435244965085712,9.64353931711856,13.166666666666666,29,0.0,0.3333333333333333
CustomerId_1655,62000.0,6888.89,3257.47,1000.0,10000.0,9,0,0.0,2,2,6888.888888888889,0.4728584720509605,11.034905792929415,8.837810398713351,20.0,7,0.0,0.0
CustomerId_1656,1238830.0,13764.78,19743.21,250.0,90000.0,90,0,0.0,7,2,13764.777777777777,1.4343280458217036,14.029678750985068,9.529941081427149,10.877777777777778,85,0.05555555555555555,0.1111111111111111
CustomerId_1657,6000.0,2000.0,0.0,2000.0,2000.0,3,0,0.0,2,1,2000.0,0.0,8.699681400989514,7.601402334583733,13.0,0,0.0,1.0
CustomerId_1658,125662.0,2922.37,3931.06,20.0,12000.0,43,0,0.0,5,2,2922.3720930232557,1.3451616320503013,11.741358999617526,7.980492339378866,16.25581395348837,61,0.09302325581395349,0.20930232558139536
CustomerId_1659,94000.0,31333.33,50828.96,500.0,90000.0,3,0,0.0,3,1,31333.333333333332,1.6222010235866342,11.451060699493427,10.35246958058879,22.0,0,1.0,0.0
CustomerId_1660,1000.0,1000.0,0.0,1000.0,1000.0,1,0,0.0,1,1,1000.0,0.0,6.90875477931522,6.90875477931522,6.0,0,0.0,1.0
CustomerId_1661,75715.0,3785.75,3457.06,20.0,11000.0,20,0,0.0,4,2,3785.75,0.9131770452583565,11.23474477772611,8.239263410407135,9.55,32,0.25,0.1
CustomerId_1663,1756211.0,3658.77,7932.06,10.0,50000.0,480,0,0.0,5,2,3658.772916666667,2.167958083681686,14.378669774819434,8.205155582890745,16.839583333333334,43,0.035416666666666666,0.26875
CustomerId_1664,1000.0,1000.0,0.0,1000.0,1000.0,1,0,0.0,1,1,1000.0,0.0,6.90875477931522,6.90875477931522,7.0,0,0.0,0.0
CustomerId_1666,50000.0,50000.0,0.0,50000.0,50000.0,1,0,0.0,1,1,50000.0,0.0,10.819798284210286,10.819798284210286,8.0,0,0.0,0.0
CustomerId_1669,1525.0,508.33,487.55,25.0,1000.0,3,0,0.0,2,2,508.3333333333333,0.9591210415298703,7.330405211844402,6.233096136534323,15.0,0,0.0,0.0
CustomerId_1670,210585.0,14039.0,25181.42,100.0,90000.0,15,0,0.0,4,2,14039.0,1.7936761876348972,12.257649399739194,9.549665677579801,13.4,9,0.0,0.0
CustomerId_1671,10000.0,5000.0,0.0,5000.0,5000.0,2,0,0.0,1,1,5000.0,0.0,9.210440366976517,8.517393171418904,14.0,0,0.0,1.0
CustomerId_1672,22250.0,3708.33,3370.52,1000.0,10000.0,6,0,0.0,3,2,3708.3333333333335,0.9089050864111595,10.010142230404668,8.21860654630069,13.5,18,0.0,0.3333333333333333
CustomerId_1674,20000.0,20000.0,0.0,20000.0,20000.0,1,0,0.0,1,1,20000.0,0.0,9.90353755128617,9.90353755128617,13.0,0,0.0,0.0
CustomerId_1676,236000.0,7375.0,3326.34,500.0,15000.0,32,0,0.0,2,2,7375.0,0.4510291524812164,12.371591321286905,8.90598676523643,14.09375,69,0.0,0.03125
CustomerId_1679,21000.0,5250.0,3685.56,1000.0,10000.0,4,0,0.0,2,2,5250.0,0.702011428437712,9.952325334619427,8.566173813637858,7.25,0,0.0,0.0
CustomerId_1680,354850.0,32259.09,39493.33,350.0,90000.0,11,1,0.09,2,2,32259.090909090908,1.2242543109175041,12.77945326204131,10.381586141507919,12.272727272727273,36,0.0,0.0
CustomerId_1681,102000.0,7846.15,3782.55,1000.0,15000.0,13,0,0.0,2,2,7846.153846153846,0.48208994213950923,11.532737896139919,8.967905687530347,13.846153846153847,18,0.0,0.07692307692307693
CustomerId_1683,119500.0,9958.33,10963.7,1000.0,30000.0,12,0,0.0,4,2,9958.333333333334,1.1009576905865786,11.691080018519527,9.206265079239673,11.666666666666666,60,0.0,0.0
CustomerId_1684,83000.0,6384.62,3905.95,1000.0,15000.0,13,0,0.0,2,2,6384.615384615385,0.6117748588621131,11.326607934898927,8.76180386633667,14.23076923076923,7,0.0,0.0
CustomerId_1686,1000.0,1000.0,0.0,1000.0,1000.0,1,0,0.0,1,1,1000.0,0.0,6.90875477931522,6.90875477931522,15.0,0,0.0,0.0
CustomerId_1687,2000.0,2000.0,0.0,2000.0,2000.0,1,0,0.0,1,1,2000.0,0.0,7.601402334583733,7.601402334583733,3.0,0,1.0,1.0
CustomerId_1688,115421.0,7213.81,6893.91,55.0,20000.0,16,0,0.0,3,2,7213.8125,0.9556545014415884,11.656350256134237,8.88389113683489,9.25,28,0.0,0.375
CustomerId_1690,648370.0,30874.76,42862.17,20.0,90000.0,21,0,0.0,2,2,30874.761904761905,1.3882592123343385,13.382218342365345,10.33772668901194,13.952380952380953,8,0.0,0.14285714285714285
CustomerId_1692,14050.0,2007.14,3542.65,50.0,10000.0,7,0,0.0,2,2,2007.142857142857,1.7650238639232818,9.55044884660634,7.604964199496754,14.857142857142858,33,0.0,0.2857142857142857
CustomerId_1694,152000.0,6909.09,3100.06,1000.0,10000.0,22,0,0.0,2,2,6909.090909090909,0.4486929537104462,11.931642378754141,8.840737941278922,7.545454545454546,42,0.0,0.0
CustomerId_1695,577673.0,6017.43,16533.12,25.0,90000.0,96,0,0.0,3,2,6017.427083333333,2.747538400488657,13.266764974698045,8.702581706947134,13.71875,34,0.21875,0.3854166666666667
CustomerId_1696,31510.0,2864.55,3166.12,70.0,11000.0,11,0,0.0,3,2,2864.5454545454545,1.1052765701051555,10.358091970204585,7.960515582801348,14.272727272727273,8,0.0,0.0
CustomerId_1697,62000.0,6200.0,2936.36,1000.0,10000.0,10,0,0.0,2,2,6200.0,0.4736064515365151,11.034905792929415,8.732465848349879,8.8,13,0.6,0.0
CustomerId_1698,91000.0,45500.0,62932.5,1000.0,90000.0,2,1,0.5,2,2,45500.0,1.3831318681014697,11.418625774449598,10.725489582719506,20.0,20,0.5,1.0
CustomerId_1699,1102562.0,7301.74,6960.03,50.0,66856.0,151,0,0.0,2,2,7301.735099337749,0.9532015655236694,13.91314802752769,8.896004899178873,13.933774834437086,54,0.033112582781456956,0.152317880794702
CustomerId_1701,140000.0,5600.0,3710.91,1000.0,10000.0,25,0,0.0,2,2,5600.0,0.6626624998816674,11.849404844423074,8.630700432209832,13.68,32,0.0,0.04
CustomerId_1702,12920.0,922.86,1087.22,10.0,3000.0,14,0,0.0,2,2,922.8571428571429,1.1780985185422508,9.46660917372222,6.828560545010589,11.285714285714286,1,0.14285714285714285,0.0
CustomerId_1703,1525.0,508.33,487.55,25.0,1000.0,3,0,0.0,2,2,508.3333333333333,0.9591210415298703,7.330405211844402,6.233096136534323,21.0,0,0.0,0.0
CustomerId_1705,2050.0,683.33,548.48,50.0,1000.0,3,0,0.0,2,2,683.3333333333334,0.8026575727647585,7.62608275807238,6.528440257418357,18.0,0,0.0,0.0
CustomerId_1707,16000.0,2285.71,2152.66,250.0,5000.0,7,0,0.0,2,2,2285.714285714286,0.9417905154451831,9.680406499268875,7.734869382309582,10.714285714285714,16,0.0,0.0
CustomerId_1708,32000.0,5333.33,4033.2,1000.0,10000.0,6,0,0.0,2,2,5333.333333333333,0.756225472499128,10.373522431293592,8.581918570094851,11.333333333333334,0,0.0,0.0
CustomerId_1709,997853.0,1904.3,3050.6,4.0,23000.0,524,0,0.0,4,2,1904.2996183206108,1.6019534728761469,13.813362252006627,7.552394755477039,12.219465648854962,90,0.14694656488549618,0.30343511450381677
CustomerId_1710,5020.0,1004.0,700.06,20.0,2000.0,5,0,0.0,2,2,1004.0,0.6972709156401684,8.521384396034705,6.912742820493176,19.2,1,0.0,0.2
CustomerId_1712,1000.0,1000.0,0.0,1000.0,1000.0,1,0,0.0,1,1,1000.0,0.0,6.90875477931522,6.90875477931522,16.0,0,0.0,1.0
CustomerId_1713,45746.0,973.32,930.67,16.0,3300.0,47,0,0.0,2,3,973.3191489361702,0.9561809056053703,10.730881494783121,6.881739791778855,16.19148936170213,56,0.02127659574468085,0.23404255319148937
CustomerId_1714,51000.0,7285.71,3638.42,1000.0,10000.0,7,0,0.0,2,2,7285.714285714285,0.49939127408318595,10.839600519357369,8.893807419979778,6.857142857142857,6,0.8571428571428571,0.0
CustomerId_1716,80000.0,80000.0,0.0,80000.0,80000.0,1,0,0.0,1,1,80000.0,0.0,11.289794413577894,11.289794413577894,18.0,0,0.0,0.0
CustomerId_1717,82000.0,6833.33,3613.95,1000.0,11000.0,12,0,0.0,2,2,6833.333333333333,0.5288709896157698,11.314486721293981,8.829713719481315,12.333333333333334,18,0.0,0.08333333333333333
CustomerId_1719,5000.0,5000.0,0.0,5000.0,5000.0,1,0,0.0,1,1,5000.0,0.0,8.517393171418904,8.517393171418904,6.0,0,0.0,0.0
CustomerId_1720,41000.0,6833.33,3763.86,1000.0,10000.0,6,0,0.0,2,2,6833.333333333333,0.5508090490945396,10.62135173563291,8.829713719481315,16.0,0,0.0,0.0
CustomerId_1721,41000.0,6833.33,3763.86,1000.0,10000.0,6,0,0.0,2,2,6833.333333333333,0.5508090490945396,10.62135173563291,8.829713719481315,14.0,0,0.0,0.0
CustomerId_1722,1000.0,1000.0,0.0,1000.0,1000.0,1,0,0.0,1,1,1000.0,0.0,6.90875477931522,6.90875477931522,19.0,0,0.0,0.0
CustomerId_1723,800.0,800.0,0.0,800.0,800.0,1,0,0.0,1,1,800.0,0.0,6.68586094706836,6.68586094706836,10.0,0,0.0,0.0
CustomerId_1724,90000.0,90000.0,0.0,90000.0,90000.0,1,0,0.0,1,1,90000.0,0.0,11.407576060361786,11.407576060361786,20.0,0,0.0,0.0
CustomerId_1725,27050.0,1352.5,1618.82,25.0,5000.0,20,0,0.0,2,2,1352.5,1.1969094261021,10.205479252168017,7.210449109054355,10.35,4,0.25,0.1
CustomerId_1726,9120.0,1520.0,1851.92,20.0,5000.0,6,0,0.0,2,2,1520.0,1.2183684202510734,9.118334726180159,7.327123292259293,9.833333333333334,3,0.0,0.16666666666666666
CustomerId_1728,6500.0,2166.67,2466.44,500.0,5000.0,3,0,0.0,2,2,2166.6666666666665,1.1383551712358804,8.77971129020447,7.681408136951666,15.0,0,0.0,1.0
CustomerId_1729,52000.0,6500.0,4114.43,500.0,10000.0,8,0,0.0,2,2,6500.0,0.6329892306718479,10.859018228147887,8.77971129020447,13.0,0,0.0,0.0
CustomerId_1730,174970.0,2777.3,7453.31,20.0,50000.0,63,0,0.0,2,2,2777.3015873015875,2.683653187382115,12.072375524887807,7.929594508844333,16.761904761904763,22,0.09523809523809523,0.12698412698412698
CustomerId_1731,251000.0,10913.04,25481.84,50.0,90000.0,23,0,0.0,2,2,10913.04347826087,2.3349900667151413,12.433212202169729,9.29780531275687,10.826086956521738,6,0.08695652173913043,0.08695652173913043
CustomerId_1732,211000.0,11722.22,24908.2,500.0,80000.0,18,0,0.0,3,2,11722.222222222223,2.124870544817887,12.259618151783465,9.369326769423079,16.166666666666668,17,0.0,0.16666666666666666
CustomerId_1733,282000.0,7421.05,2937.47,1000.0,15000.0,38,0,0.0,2,2,7421.0526315789475,0.39582943109184954,12.549665896013254,8.912210578326496,13.0,69,0.0,0.0
CustomerId_1735,23000.0,7666.67,4041.45,3000.0,10000.0,3,0,0.0,2,2,7666.666666666667,0.5271454229114928,10.043292972227004,8.94476806724572,4.0,15,0.6666666666666666,0.3333333333333333
CustomerId_1736,525.0,262.5,335.88,25.0,500.0,2,0,0.0,2,2,262.5,1.2795428522684082,6.26530121273771,5.574053367981417,19.0,0,0.0,0.0
CustomerId_1738,32000.0,6400.0,3781.53,1000.0,10000.0,5,0,0.0,2,2,6400.0,0.5908640624076775,10.373522431293592,8.764209507142004,7.0,0,0.0,0.0
CustomerId_1739,11609.0,611.0,410.99,10.0,1000.0,19,0,0.0,2,2,611.0,0.6726513900611271,9.359622074691938,6.416732282512326,15.368421052631579,53,0.0,0.3157894736842105
CustomerId_1741,13000.0,4333.33,4932.88,1000.0,10000.0,3,0,0.0,3,1,4333.333333333333,1.13835779847407,9.472781556562168,8.374322321329618,5.0,0,1.0,1.0
CustomerId_1742,7000.0,2333.33,1154.7,1000.0,3000.0,3,0,0.0,2,1,2333.3333333333335,0.4948721353195339,8.853808274977197,7.755480191026942,11.0,1,0.0,0.3333333333333333
CustomerId_1744,5000.0,5000.0,0.0,5000.0,5000.0,1,0,0.0,1,1,5000.0,0.0,8.517393171418904,8.517393171418904,4.0,0,1.0,0.0
CustomerId_1748,64000.0,21333.33,35218.37,1000.0,62000.0,3,0,0.0,2,1,21333.333333333332,1.650861351619702,11.06665398721974,9.968072791332412,16.0,1,0.0,0.0
CustomerId_1749,3050.0,762.5,475.0,50.0,1000.0,4,0,0.0,2,2,762.5,0.6229508188551465,8.02322468471667,6.637913124658687,10.5,0,0.0,0.0
CustomerId_1750,25900.0,1233.33,1365.57,20.0,5000.0,21,0,0.0,2,2,1233.3333333333333,1.1072219105128214,10.16203685698089,7.118283591728759,8.333333333333334,88,0.47619047619047616,0.19047619047619047
CustomerId_1752,3050.0,762.5,475.0,50.0,1000.0,4,0,0.0,2,2,762.5,0.6229508188551465,8.02322468471667,6.637913124658687,19.0,0,0.0,0.0
CustomerId_1753,90000.0,90000.0,0.0,90000.0,90000.0,1,0,0.0,1,1,90000.0,0.0,11.407576060361786,11.407576060361786,9.0,0,0.0,1.0
CustomerId_1754,500.0,500.0,0.0,500.0,500.0,1,0,0.0,1,1,500.0,0.0,6.2166061010848646,6.2166061010848646,7.0,0,0.0,0.0
CustomerId_1755,5000.0,5000.0,0.0,5000.0,5000.0,1,0,0.0,1,1,5000.0,0.0,8.517393171418904,8.517393171418904,6.0,0,0.0,0.0
CustomerId_1756,5000.0,5000.0,0.0,5000.0,5000.0,1,0,0.0,1,1,5000.0,0.0,8.517393171418904,8.517393171418904,5.0,0,1.0,1.0
CustomerId_1757,1050.0,262.5,274.24,25.0,500.0,4,0,0.0,2,2,262.5,1.0447238055439094,6.957497370876951,5.574053367981417,9.5,19,0.5,0.0
CustomerId_1758,184205.5,2024.24,3381.19,15.0,22000.0,91,0,0.0,3,3,2024.2362637362637,1.6703503528878243,12.123812689911473,7.613443491036393,14.241758241758241,82,0.17582417582417584,0.12087912087912088
CustomerId_1759,40000.0,4000.0,4836.21,500.0,15000.0,10,0,0.0,4,2,4000.0,1.209052499697737,10.596659732783579,8.294299608857235,11.4,29,0.0,0.1
CustomerId_1762,18447.0,1844.7,1632.94,25.0,5000.0,10,0,0.0,3,2,1844.7,0.8852062661217508,9.82271124250884,7.520613888313245,9.3,6,0.6,0.6
CustomerId_1763,72000.0,5538.46,3843.08,1000.0,10000.0,13,0,0.0,2,2,5538.461538461538,0.6938896370662802,11.184435286790631,8.619652302066347,15.23076923076923,6,0.0,0.0
CustomerId_1764,11000.0,5500.0,6363.96,1000.0,10000.0,2,0,0.0,2,1,5500.0,1.1570836361532575,9.305741456739435,8.612685172875459,13.5,0,0.0,0.5
CustomerId_1767,311060.0,14812.38,17551.16,250.0,50000.0,21,0,0.0,3,2,14812.380952380952,1.1848980379125504,12.647744313407246,9.603286105395526,14.142857142857142,40,0.0,0.2857142857142857
CustomerId_1768,263748.0,3878.65,6252.02,12.5,30000.0,68,0,0.0,4,2,3878.6470588235293,1.611906204062778,12.48275317229603,8.26350022236293,12.073529411764707,77,0.0,0.5294117647058824
CustomerId_1769,10000.0,10000.0,0.0,10000.0,10000.0,1,0,0.0,1,1,10000.0,0.0,9.210440366976517,9.210440366976517,18.0,0,0.0,0.0
CustomerId_1770,26800.0,3350.0,3172.65,1000.0,10000.0,8,0,0.0,3,2,3350.0,0.947059701209833,10.196194479235656,8.11701408773731,15.75,4,0.0,0.0
CustomerId_1773,83051.45,3460.48,6992.19,16.0,24000.0,24,0,0.0,3,2,3460.477083333333,2.0205838490554537,11.32722761490734,8.149451522259412,11.125,7,0.0,0.0
CustomerId_1774,271000.0,7131.58,3404.46,500.0,15000.0,38,0,0.0,2,2,7131.578947368421,0.4773780844529013,12.509877789891931,8.872428299288336,12.710526315789474,63,0.21052631578947367,0.0
CustomerId_1776,510.0,255.0,346.48,10.0,500.0,2,0,0.0,2,2,255.0,1.3587450927108036,6.236369590203704,5.545177444479562,7.0,0,0.0,0.0
CustomerId_1782,49092.0,2583.79,4778.97,50.0,20000.0,19,0,0.0,3,2,2583.7894736842104,1.8495969092497468,10.80147173742764,7.857399545731527,13.894736842105264,7,0.2631578947368421,0.47368421052631576
CustomerId_1784,62000.0,6888.89,3257.47,1000.0,10000.0,9,0,0.0,2,2,6888.888888888889,0.4728584720509605,11.034905792929415,8.837810398713351,9.444444444444445,7,0.0,0.0
CustomerId_1786,202800.0,6993.1,3720.3,200.0,10000.0,29,0,0.0,2,2,6993.103448275862,0.5319958243794604,12.219980481653478,8.852822215490795,13.517241379310345,48,0.034482758620689655,0.0
CustomerId_1790,225370.0,8347.04,10524.89,90.0,50000.0,27,0,0.0,4,2,8347.037037037036,1.2609128503923648,12.325503212150668,9.029782059752455,11.37037037037037,18,0.07407407407407407,0.037037037037037035
CustomerId_1791,42000.0,7000.0,3687.82,1000.0,10000.0,6,0,0.0,2,2,7000.0,0.5268314284961669,10.645448706505872,8.853808274977197,12.0,0,0.0,0.0
CustomerId_1792,90000.0,90000.0,0.0,90000.0,90000.0,1,0,0.0,1,1,90000.0,0.0,11.407576060361786,11.407576060361786,6.0,0,0.0,0.0
CustomerId_1794,20000.0,2222.22,3251.07,500.0,10000.0,9,0,0.0,2,2,2222.222222222222,1.4629829623246202,9.90353755128617,7.706711874429572,13.88888888888889,2,0.0,0.7777777777777778
CustomerId_1795,81000.0,8100.0,5216.43,1000.0,20000.0,10,0,0.0,2,2,8100.0,0.6440037036241971,11.302216779257382,8.999742789830492,14.3,17,0.0,0.0
CustomerId_1797,8000.0,2666.67,577.35,2000.0,3000.0,3,0,0.0,1,1,2666.6666666666665,0.21650597928633616,8.987321812850125,7.888960711229582,8.666666666666666,0,0.0,0.0
CustomerId_1798,50000.0,50000.0,0.0,50000.0,50000.0,1,0,0.0,1,1,50000.0,0.0,10.819798284210286,10.819798284210286,14.0,0,0.0,0.0
CustomerId_1800,27000.0,5400.0,4505.55,1000.0,10000.0,5,0,0.0,2,2,5400.0,0.8343611109565998,10.203629181337648,8.594339400592892,9.0,0,0.0,0.0
CustomerId_1801,14125.0,784.72,660.59,20.0,2000.0,18,0,0.0,2,2,784.7222222222222,0.8418161881412273,9.555772349968867,6.666600494866076,9.722222222222221,9,0.2777777777777778,0.1111111111111111
CustomerId_1802,21000.0,7000.0,5196.15,1000.0,10000.0,3,0,0.0,2,1,7000.0,0.7423071427510989,9.952325334619427,8.853808274977197,5.0,0,1.0,0.0
CustomerId_1805,288025.75,9931.92,16181.03,68.75,90000.0,29,0,0.0,3,2,9931.922413793103,1.6291945563768944,12.570808636749266,9.20360977222138,11.724137931034482,47,0.0,0.0
CustomerId_1806,74000.0,3700.0,3697.08,500.0,10000.0,20,0,0.0,2,2,3700.0,0.9992108105407539,11.211833885608513,8.216358332386156,9.95,5,0.25,0.0
CustomerId_1807,50000.0,8333.33,2581.99,5000.0,10000.0,6,0,0.0,2,2,8333.333333333334,0.30983892389838885,10.819798284210286,9.028138408030719,12.0,0,0.0,0.0
CustomerId_1809,68085.58,3583.45,3494.63,39.58,10000.0,19,0,0.0,3,2,3583.4515789473685,0.9752138299752435,11.128535409575674,8.184360324248784,13.842105263157896,25,0.0,0.0
CustomerId_1810,167000.0,7260.87,2815.82,1000.0,10000.0,23,0,0.0,2,2,7260.869565217391,0.38780752163476173,12.025755079404917,8.890392650409478,13.304347826086957,46,0.0,0.043478260869565216
CustomerId_1811,2025.0,675.0,562.92,25.0,1000.0,3,0,0.0,2,2,675.0,0.8339555543200657,7.613818684808629,6.516193076042964,17.666666666666668,2,0.0,0.3333333333333333
CustomerId_1812,998982.0,28542.34,26030.25,100.0,90000.0,35,0,0.0,4,3,28542.342857142856,0.9119872441813814,13.814493040468882,10.259178912915104,12.685714285714285,48,0.08571428571428572,0.14285714285714285
CustomerId_1813,22720.0,4544.0,6690.6,224.0,16000.0,5,0,0.0,3,2,4544.0,1.472403168690052,10.031044885951003,8.421783006611578,15.2,3,0.0,0.0
CustomerId_1815,81685.0,1033.99,1272.75,40.0,5000.0,79,0,0.0,2,2,1033.987341772152,1.2309113229035953,11.310637907535396,6.9421470438170445,10.113924050632912,90,0.0759493670886076,0.26582278481012656
CustomerId_1817,41000.0,6833.33,3763.86,1000.0,10000.0,6,0,0.0,2,2,6833.333333333333,0.5508090490945396,10.62135173563291,8.829713719481315,8.0,0,0.0,0.0
CustomerId_1820,17200.0,1720.0,1854.0,100.0,5000.0,10,0,0.0,2,2,1720.0,1.077906976117496,9.75272280064639,7.450660796211539,13.7,10,0.2,0.7
CustomerId_1821,10000.0,10000.0,0.0,10000.0,10000.0,1,0,0.0,1,1,10000.0,0.0,9.210440366976517,9.210440366976517,6.0,0,0.0,1.0
CustomerId_1825,171400.0,9021.05,5828.91,200.0,20000.0,19,0,0.0,2,2,9021.052631578947,0.6461454042881765,12.051761119434515,9.107426859961409,13.0,77,0.0,0.0
CustomerId_1827,41000.0,6833.33,3763.86,1000.0,10000.0,6,0,0.0,2,2,6833.333333333333,0.5508090490945396,10.62135173563291,8.829713719481315,21.0,0,0.0,0.0
CustomerId_1828,31000.0,6200.0,3834.06,1000.0,10000.0,5,0,0.0,2,2,6200.0,0.6183967740938069,10.34177474101152,8.732465848349879,20.0,0,0.0,0.0
CustomerId_1830,5200.0,577.78,500.69,50.0,1000.0,9,0,0.0,2,2,577.7777777777778,0.8665755116712668,8.556606193773073,6.360922439910144,17.444444444444443,0,0.0,0.0
CustomerId_1831,253200.0,18085.71,24765.36,300.0,90000.0,14,0,0.0,3,2,18085.714285714286,1.3693330258325864,12.441938918691436,9.802932693413672,9.0,26,0.14285714285714285,0.2857142857142857
CustomerId_1833,516000.0,51600.0,41164.17,1000.0,90000.0,10,0,0.0,2,2,51600.0,0.7977552325426791,13.153863982446317,10.851296331126829,12.9,0,0.0,0.0
CustomerId_1835,41000.0,6833.33,3763.86,1000.0,10000.0,6,0,0.0,2,2,6833.333333333333,0.5508090490945396,10.62135173563291,8.829713719481315,16.166666666666668,0,0.0,0.0
CustomerId_1836,5000.0,5000.0,0.0,5000.0,5000.0,1,0,0.0,1,1,5000.0,0.0,8.517393171418904,8.517393171418904,7.0,0,0.0,0.0
CustomerId_1838,1000.0,1000.0,0.0,1000.0,1000.0,1,0,0.0,1,1,1000.0,0.0,6.90875477931522,6.90875477931522,20.0,0,0.0,0.0
CustomerId_1839,28772.0,1692.47,2723.41,12.0,10000.0,17,0,0.0,3,2,1692.4705882352941,1.6091333958007328,10.267192726396061,7.434534957309067,12.764705882352942,21,0.11764705882352941,0.17647058823529413
CustomerId_1841,162000.0,7363.64,2837.6,1000.0,10000.0,22,0,0.0,2,2,7363.636363636364,0.3853528960696947,11.995357787034976,8.904445447865005,10.090909090909092,35,0.13636363636363635,0.0
CustomerId_1843,9055.0,696.54,556.31,10.0,2000.0,13,0,0.0,3,2,696.5384615384615,0.7986763132071721,9.111182800442965,6.547559859721456,10.923076923076923,15,0.0,0.0
CustomerId_1844,57225.0,5722.5,4256.38,25.0,10500.0,10,0,0.0,2,2,5722.5,0.7437972912636439,10.954763619547943,8.652335785358531,9.1,7,0.0,0.4
CustomerId_1845,31600.0,2430.77,2714.82,50.0,10000.0,13,0,0.0,2,2,2430.769230769231,1.116855975219023,10.360944044643913,7.796374666245388,10.692307692307692,24,0.46153846153846156,0.0
CustomerId_1846,111755.0,6984.69,7903.19,20.0,21000.0,16,0,0.0,3,3,6984.6875,1.131501898991723,11.624073202309658,8.85161904991899,12.75,18,0.0,0.0625
CustomerId_1848,80260.0,5350.67,12557.85,14.0,50000.0,15,0,0.0,3,2,5350.666666666667,2.3469677624770413,11.293039103249892,8.585163940714233,14.0,38,0.0,0.13333333333333333
CustomerId_1849,61780.0,2130.34,2615.14,40.0,10000.0,29,0,0.0,2,2,2130.344827586207,1.2275693076093162,11.031351152809686,7.664506168879222,11.275862068965518,86,0.1724137931034483,0.3103448275862069
CustomerId_1850,90000.0,90000.0,0.0,90000.0,90000.0,1,1,1.0,1,1,90000.0,0.0,11.407576060361786,11.407576060361786,15.0,0,0.0,0.0
CustomerId_1852,2000.0,2000.0,0.0,2000.0,2000.0,1,0,0.0,1,1,2000.0,0.0,7.601402334583733,7.601402334583733,14.0,0,0.0,0.0
CustomerId_1853,1000.0,1000.0,0.0,1000.0,1000.0,1,0,0.0,1,1,1000.0,0.0,6.90875477931522,6.90875477931522,8.0,0,0.0,0.0
CustomerId_1855,4050.0,810.0,424.85,50.0,1000.0,5,0,0.0,2,2,810.0,0.5245061721919677,8.30671904320269,6.698268054115413,17.2,2,0.0,0.8
CustomerId_1856,60600.0,30300.0,42002.14,600.0,60000.0,2,0,0.0,1,1,30300.0,1.3862092408783429,11.01206667357142,10.318935994253193,17.0,5,0.0,0.5
CustomerId_1858,468555.0,8367.05,23054.91,20.0,90000.0,56,2,0.04,3,3,8367.05357142857,2.7554406866511565,13.057410903933645,9.032176161430256,15.0,42,0.08928571428571429,0.32142857142857145
CustomerId_1859,2025.0,506.25,398.11,25.0,1000.0,4,0,0.0,2,2,506.25,0.7863901219034269,7.613818684808629,6.229003978705924,13.0,0,0.0,1.0
CustomerId_1860,332976.0,7084.6,4391.01,80.0,12000.0,47,0,0.0,3,2,7084.595744680851,0.6197964598396809,12.715828697508133,8.865819834495372,12.97872340425532,86,0.0,0.0851063829787234
CustomerId_1861,31000.0,6200.0,3834.06,1000.0,10000.0,5,0,0.0,2,2,6200.0,0.6183967740938069,10.34177474101152,8.732465848349879,11.0,0,0.0,0.0
CustomerId_1862,2575.0,515.0,481.4,25.0,1000.0,5,0,0.0,2,2,515.0,0.9347572797383353,7.853993087224244,6.246106765481563,13.0,4,0.0,0.4
CustomerId_1864,161600.0,5985.19,3683.93,500.0,10000.0,27,0,0.0,3,2,5985.185185185185,0.6155076111843554,11.992885613168797,8.697210428637284,17.444444444444443,40,0.1111111111111111,0.1111111111111111
CustomerId_1867,192000.0,6193.55,3603.79,500.0,10000.0,31,0,0.0,2,2,6193.548387096775,0.5818617754628829,12.165255859329688,8.731425152199705,9.741935483870968,45,0.0,0.0
CustomerId_1870,20200.0,5050.0,4001.25,200.0,10000.0,4,0,0.0,2,2,5050.0,0.7923267325163709,9.913487387114461,8.527341522468053,14.25,0,0.0,0.0
CustomerId_1871,63000.0,3705.88,3279.0,500.0,11000.0,17,0,0.0,2,2,3705.8823529411766,0.8848100853549468,11.050905878263567,8.217945831437133,15.235294117647058,14,0.058823529411764705,0.23529411764705882
CustomerId_1872,20000.0,5000.0,0.0,5000.0,5000.0,4,0,0.0,2,1,5000.0,0.0,9.90353755128617,8.517393171418904,12.25,30,0.0,0.0
CustomerId_1873,1000.0,1000.0,0.0,1000.0,1000.0,1,0,0.0,1,1,1000.0,0.0,6.90875477931522,6.90875477931522,14.0,0,0.0,0.0
CustomerId_1874,107430.0,4883.18,5981.84,40.0,20000.0,22,0,0.0,4,2,4883.181818181818,1.2249886342045575,11.584604060004121,8.49375668958832,12.409090909090908,70,0.0,0.4090909090909091
CustomerId_1875,895019.4,9227.0,5335.95,23.4,20000.0,97,0,0.0,3,2,9227.00412371134,0.5782973880374663,13.704601790293319,9.129997619293645,8.783505154639176,84,0.29896907216494845,0.0
CustomerId_1876,11000.0,3666.67,3785.94,1000.0,8000.0,3,0,0.0,1,1,3666.6666666666665,1.032528151965536,9.305741456739435,8.207311862044433,14.333333333333334,3,0.3333333333333333,0.0
CustomerId_1877,202880.0,11271.11,15769.79,40.0,70000.0,18,0,0.0,3,2,11271.111111111111,1.3991337143015077,12.220374879240932,9.33008681222501,13.833333333333334,78,0.0,0.05555555555555555
CustomerId_1879,1000.0,1000.0,0.0,1000.0,1000.0,1,0,0.0,1,1,1000.0,0.0,6.90875477931522,6.90875477931522,9.0,0,0.0,0.0
CustomerId_1881,291000.0,8314.29,2609.61,1000.0,10000.0,35,0,0.0,2,2,8314.285714285714,0.31387045673005504,12.581081982573842,9.025851267747653,13.82857142857143,69,0.0,0.0
CustomerId_1882,6500.0,1625.0,2250.0,500.0,5000.0,4,0,0.0,2,1,1625.0,1.3846153837633135,8.77971129020447,7.3938782901077555,13.75,3,0.25,0.25
CustomerId_1884,10000.0,10000.0,0.0,10000.0,10000.0,1,0,0.0,1,1,10000.0,0.0,9.210440366976517,9.210440366976517,13.0,0,0.0,0.0
CustomerId_1885,90000.0,90000.0,0.0,90000.0,90000.0,1,0,0.0,1,1,90000.0,0.0,11.407576060361786,11.407576060361786,9.0,0,0.0,0.0
CustomerId_1886,13000.0,4333.33,4932.88,1000.0,10000.0,3,0,0.0,2,2,4333.333333333333,1.13835779847407,9.472781556562168,8.374322321329618,8.0,0,0.0,0.0
CustomerId_1887,1000.0,1000.0,0.0,1000.0,1000.0,1,0,0.0,1,1,1000.0,0.0,6.90875477931522,6.90875477931522,18.0,0,0.0,0.0
CustomerId_1888,10000.0,10000.0,0.0,10000.0,10000.0,1,0,0.0,1,1,10000.0,0.0,9.210440366976517,9.210440366976517,20.0,0,0.0,0.0
CustomerId_1889,452977.6,6760.86,5954.7,25.0,35000.0,67,0,0.0,3,2,6760.859701492537,0.8807607314926266,13.023600162731196,8.819053279119755,10.791044776119403,84,0.26865671641791045,0.13432835820895522
CustomerId_1890,102000.0,11333.33,7211.1,1000.0,20000.0,9,0,0.0,2,2,11333.333333333334,0.6362737164949513,11.532737896139919,9.335591452240061,8.0,0,0.0,0.0
CustomerId_1891,101160.0,9196.36,26837.86,20.0,90000.0,11,1,0.09,3,2,9196.363636363636,2.918313332349069,11.524468586065211,9.126671765335491,9.090909090909092,3,0.0,0.2727272727272727
CustomerId_1892,10000.0,10000.0,0.0,10000.0,10000.0,1,0,0.0,1,1,10000.0,0.0,9.210440366976517,9.210440366976517,15.0,0,0.0,0.0
CustomerId_1895,11452.0,880.92,891.95,20.0,2500.0,13,0,0.0,4,2,880.9230769230769,1.01252099962253,9.346006983397716,6.782101348945185,12.384615384615385,6,0.3076923076923077,0.0
CustomerId_1898,312400.0,5294.92,4034.65,200.0,10000.0,59,0,0.0,2,2,5294.9152542372885,0.7619850723406614,12.652042897966872,8.57469199176257,11.254237288135593,77,0.1864406779661017,0.06779661016949153
CustomerId_1899,72000.0,7200.0,3224.9,1000.0,10000.0,10,0,0.0,2,2,7200.0,0.447902777715569,11.184435286790631,8.881975184248867,17.5,6,0.0,0.0
CustomerId_1900,30000.0,30000.0,0.0,30000.0,30000.0,1,0,0.0,1,1,30000.0,0.0,10.308985993422082,10.308985993422082,14.0,0,0.0,1.0
CustomerId_1901,122000.0,7176.47,2920.52,1000.0,10000.0,17,0,0.0,2,2,7176.470588235294,0.40695773821851716,11.711784520403112,8.878702232258167,11.588235294117647,20,0.0,0.0
CustomerId_1903,10000.0,10000.0,0.0,10000.0,10000.0,1,0,0.0,1,1,10000.0,0.0,9.210440366976517,9.210440366976517,21.0,0,0.0,0.0
CustomerId_1906,206805.0,4809.42,12453.04,6.0,60000.0,43,0,0.0,4,2,4809.418604651163,2.5893018279565307,12.239536434735179,8.478539677375123,13.511627906976743,59,0.023255813953488372,0.3023255813953488
CustomerId_1907,11000.0,5500.0,6363.96,1000.0,10000.0,2,0,0.0,1,1,5500.0,1.1570836361532575,9.305741456739435,8.612685172875459,17.5,0,0.0,0.0
CustomerId_1908,132137.0,869.32,1361.39,10.0,10000.0,152,0,0.0,3,2,869.3223684210526,1.5660401215133206,11.791602110006947,6.768860960112828,11.993421052631579,49,0.07894736842105263,0.375
CustomerId_1911,2059629.0,50234.85,40186.63,40.0,90000.0,41,0,0.0,5,2,50234.85365853659,0.7999751168601086,14.538036912983173,10.824484194227038,13.195121951219512,12,0.04878048780487805,0.24390243902439024
CustomerId_1913,500.0,500.0,0.0,500.0,500.0,1,0,0.0,1,1,500.0,0.0,6.2166061010848646,6.2166061010848646,14.0,0,0.0,0.0
CustomerId_1914,11250.0,2250.0,2536.24,50.0,5000.0,5,0,0.0,2,2,2250.0,1.127217777276792,9.328212292571072,7.719129840906732,7.6,0,0.4,0.0
CustomerId_1915,62624.0,5693.09,5330.16,1000.0,17000.0,11,0,0.0,3,2,5693.090909090909,0.9362507880718114,11.044919838387166,8.647184073824764,10.363636363636363,37,0.0,0.0
CustomerId_1916,15115.0,944.69,740.49,10.0,2000.0,16,0,0.0,2,2,944.6875,0.7838444349110878,9.62350906446938,6.851914819787702,16.25,11,0.0,0.1875
CustomerId_1917,260000.0,37142.86,43352.93,1000.0,90000.0,7,0,0.0,4,2,37142.857142857145,1.167194179415177,12.468440756144114,10.522553760577859,11.285714285714286,23,0.0,0.7142857142857143
CustomerId_1918,500.0,500.0,0.0,500.0,500.0,1,0,0.0,1,1,500.0,0.0,6.2166061010848646,6.2166061010848646,16.0,0,0.0,0.0
CustomerId_1919,31000.0,6200.0,3834.06,1000.0,10000.0,5,0,0.0,2,2,6200.0,0.6183967740938069,10.34177474101152,8.732465848349879,15.0,0,0.0,0.0
CustomerId_1922,32000.0,6400.0,3781.53,1000.0,10000.0,5,0,0.0,2,2,6400.0,0.5908640624076775,10.373522431293592,8.764209507142004,13.0,0,0.0,0.0
CustomerId_1923,32000.0,6400.0,3781.53,1000.0,10000.0,5,0,0.0,2,2,6400.0,0.5908640624076775,10.373522431293592,8.764209507142004,8.6,0,0.0,0.0
CustomerId_1925,61025.0,1356.11,2369.61,10.0,15000.0,45,0,0.0,3,2,1356.111111111111,1.7473582513606136,11.019055281853651,7.213112717713924,13.533333333333333,5,0.08888888888888889,0.26666666666666666
CustomerId_1927,21200.0,5300.0,5436.91,200.0,10000.0,4,0,0.0,2,2,5300.0,1.025832075278145,9.961803629358965,8.575650760987806,10.0,0,0.0,1.0
CustomerId_1928,1100.0,366.67,548.48,50.0,1000.0,3,0,0.0,2,2,366.6666666666667,1.4958409428209536,7.00397413672268,5.907185796727432,15.333333333333334,1,0.0,0.0
CustomerId_1929,966537.99,3731.81,7588.76,20.0,50000.0,259,0,0.0,5,2,3731.806911196911,2.033533325106709,13.781476918255008,8.224916580217714,10.13127413127413,52,0.2084942084942085,0.15444015444015444
CustomerId_1930,41000.0,6833.33,3763.86,1000.0,10000.0,6,0,0.0,2,2,6833.333333333333,0.5508090490945396,10.62135173563291,8.829713719481315,18.0,0,0.0,0.0
CustomerId_1931,62000.0,6200.0,3614.78,1000.0,10000.0,10,0,0.0,2,2,6200.0,0.5830290321640276,11.034905792929415,8.732465848349879,10.0,21,0.0,0.0
CustomerId_1932,40850.0,1276.56,2093.92,50.0,11000.0,32,0,0.0,3,2,1276.5625,1.6402832599797241,10.617686579792686,7.152707287706855,17.0625,22,0.03125,0.75
CustomerId_1935,1000.0,1000.0,0.0,1000.0,1000.0,1,0,0.0,1,1,1000.0,0.0,6.90875477931522,6.90875477931522,18.0,0,0.0,0.0
CustomerId_1937,342460.0,5111.34,5561.16,18.0,24000.0,67,0,0.0,3,2,5111.3432835820895,1.0880043195936868,12.743913061587756,8.539412504017811,13.373134328358208,82,0.1044776119402985,0.07462686567164178
CustomerId_1938,84961.0,1287.29,2110.37,10.0,10000.0,66,0,0.0,2,3,1287.2878787878788,1.6393897244293127,11.349959376688336,7.161071036600156,13.106060606060606,37,0.045454545454545456,0.24242424242424243
CustomerId_1942,5100.0,728.57,463.55,50.0,1000.0,7,0,0.0,2,2,728.5714285714286,0.6362463447077887,8.537191877922927,6.592455319493683,13.714285714285714,8,0.0,0.0
CustomerId_1943,147110.0,2829.04,2873.65,10.0,10000.0,52,0,0.0,2,2,2829.0384615384614,1.0157685995900487,11.898942682855576,7.948046124813014,14.192307692307692,62,0.09615384615384616,0.21153846153846154
CustomerId_1944,92000.0,15333.33,18497.75,500.0,50000.0,6,0,0.0,3,2,15333.333333333334,1.2063752621768151,11.429554725537322,9.637849384690714,19.5,21,0.3333333333333333,0.0
CustomerId_1945,9150.0,2287.5,2167.32,150.0,5000.0,4,0,0.0,2,2,2287.5,0.9474622946677762,9.121618441915379,7.7356518600936965,9.0,0,0.0,1.0
CustomerId_1946,152000.0,7600.0,2962.93,1000.0,11000.0,20,0,0.0,2,2,7600.0,0.3898592104750185,11.931642378754141,8.936035096566041,10.25,25,0.15,0.1
CustomerId_1947,155470.0,5552.5,16993.77,20.0,90000.0,28,0,0.0,2,2,5552.5,3.060561908498773,11.954214498032188,8.622183638607174,12.464285714285714,5,0.14285714285714285,0.21428571428571427
CustomerId_1950,61000.0,6777.78,3308.24,1000.0,10000.0,9,0,0.0,2,2,6777.777777777777,0.4881008235014856,11.0186455364637,8.821552423740167,15.11111111111111,13,0.0,0.0
CustomerId_1951,2000.0,1000.0,0.0,1000.0,1000.0,2,0,0.0,1,1,1000.0,0.0,7.601402334583733,6.90875477931522,19.5,0,0.0,1.0
CustomerId_1956,124160.0,2069.33,3245.62,20.0,11000.0,60,0,0.0,3,2,2069.3333333333335,1.5684400257240556,11.729334389508322,7.635463293843205,12.583333333333334,44,0.016666666666666666,0.36666666666666664
CustomerId_1961,1000.0,1000.0,0.0,1000.0,1000.0,1,0,0.0,1,1,1000.0,0.0,6.90875477931522,6.90875477931522,10.0,0,0.0,1.0
CustomerId_1963,14550.0,2425.0,2143.3,50.0,5000.0,6,0,0.0,2,2,2425.0,0.8838350511819238,9.585414998760278,7.793999089503996,14.0,3,0.0,0.0
CustomerId_1965,168520.0,6740.8,3493.39,10.0,10000.0,25,0,0.0,2,2,6740.8,0.5182456087529305,12.034815650089113,8.816082230566101,8.36,42,0.2,0.0
CustomerId_1966,10000.0,10000.0,0.0,10000.0,10000.0,1,0,0.0,1,1,10000.0,0.0,9.210440366976517,9.210440366976517,11.0,0,0.0,1.0
CustomerId_1967,33050.0,6610.0,8725.57,50.0,20000.0,5,0,0.0,2,3,6610.0,1.3200559755945451,10.405807102008175,8.796490207333578,16.6,2,0.0,0.8
CustomerId_1968,29650.0,3706.25,4134.65,500.0,10000.0,8,0,0.0,2,2,3706.25,1.1155885325826405,10.297251130669952,8.218045640855179,14.25,1,0.0,0.5
CustomerId_1969,518916.0,4895.43,15246.15,10.0,90000.0,106,0,0.0,5,2,4895.433962264151,3.114363803973427,13.159499226430281,8.496261647133,13.235849056603774,88,0.16981132075471697,0.1792452830188679
CustomerId_1970,16250.0,2321.43,2094.01,100.0,5000.0,7,0,0.0,2,2,2321.4285714285716,0.9020345214363413,9.69590972432601,7.750369330298362,12.714285714285714,37,0.0,0.0
CustomerId_1971,41000.0,6833.33,3763.86,1000.0,10000.0,6,0,0.0,2,2,6833.333333333333,0.5508090490945396,10.62135173563291,8.829713719481315,11.0,0,0.0,0.0
CustomerId_1972,1500.0,750.0,353.55,500.0,1000.0,2,0,0.0,2,2,750.0,0.4713999993714667,7.313886831633462,6.621405651764134,9.0,0,0.0,0.0
CustomerId_1973,62000.0,6200.0,3645.39,1000.0,10000.0,10,0,0.0,2,2,6200.0,0.5879661289374247,11.034905792929415,8.732465848349879,10.5,6,0.0,0.0
CustomerId_1974,189000.0,7560.0,3977.44,600.0,20000.0,25,0,0.0,3,2,7560.0,0.52611640204681,12.149507585033072,8.93075873555827,11.8,25,0.04,0.08
CustomerId_1975,41000.0,6833.33,3763.86,1000.0,10000.0,6,0,0.0,2,2,6833.333333333333,0.5508090490945396,10.62135173563291,8.829713719481315,20.0,0,0.0,0.0
CustomerId_1976,422023.0,2930.72,9471.19,10.0,80000.0,144,0,0.0,3,2,2930.715277777778,3.231693917115353,12.95281746343891,7.983344560492707,16.166666666666668,5,0.0,0.4930555555555556
CustomerId_1978,42000.0,7000.0,3949.68,1000.0,11000.0,6,0,0.0,2,2,7000.0,0.5642399999193942,10.645448706505872,8.853808274977197,16.0,0,0.0,0.0
CustomerId_1979,318832.0,1761.5,6881.55,10.0,50000.0,181,0,0.0,4,2,1761.5027624309391,3.906642064202871,12.672422733715482,7.474488534686424,14.187845303867404,7,0.0055248618784530384,0.13812154696132597
CustomerId_1980,90500.0,45250.0,63286.06,500.0,90000.0,2,0,0.0,2,1,45250.0,1.3985869612950588,11.413116179350727,10.719980048331397,11.0,0,0.0,0.0
CustomerId_1981,5235.0,654.38,591.83,25.0,1500.0,8,0,0.0,2,2,654.375,0.904413336433856,8.56331312702979,6.485215220083507,7.25,4,0.5,0.0
CustomerId_1983,36000.0,2769.23,2962.37,500.0,10000.0,13,0,0.0,2,2,2769.230769230769,1.0697450189873197,10.491301994830229,7.926685628225353,13.615384615384615,0,0.0,0.0
CustomerId_1984,90000.0,90000.0,0.0,90000.0,90000.0,1,1,1.0,1,1,90000.0,0.0,11.407576060361786,11.407576060361786,13.0,0,0.0,0.0
CustomerId_1985,222612.0,3049.48,6867.77,20.0,40000.0,73,0,0.0,4,3,3049.4794520547944,2.252111834721949,12.313190116837104,8.02305423426817,8.684931506849315,81,0.1506849315068493,0.1232876712328767
CustomerId_1986,1500.0,750.0,353.55,500.0,1000.0,2,0,0.0,2,2,750.0,0.4713999993714667,7.313886831633462,6.621405651764134,8.0,0,0.0,0.0
CustomerId_1987,2343233.4,5513.49,10650.8,18.0,90000.0,425,0,0.0,3,2,5513.490352941176,1.931770983182744,14.667042755166321,8.615134452343524,12.632941176470588,89,0.05647058823529412,0.32235294117647056
CustomerId_1988,1494895.0,62287.29,35928.35,1000.0,90000.0,24,14,0.58,3,2,62287.291666666664,0.5768167149256803,14.21756719716976,11.039528725631847,16.25,1,0.0,0.0
CustomerId_1990,42000.0,7000.0,3949.68,1000.0,11000.0,6,0,0.0,2,2,7000.0,0.5642399999193942,10.645448706505872,8.853808274977197,19.0,0,0.0,0.0
CustomerId_1991,22000.0,5500.0,3696.85,1000.0,10000.0,4,0,0.0,2,2,5500.0,0.6721545453323354,9.99884318585288,8.612685172875459,14.0,0,0.0,0.0
CustomerId_1994,5205.0,578.33,447.74,25.0,1000.0,9,0,0.0,2,2,578.3333333333334,0.774194662607517,8.55756708555451,6.361872263400744,16.88888888888889,14,0.0,0.2222222222222222
CustomerId_1995,1007280.36,3623.31,10439.34,10.0,90000.0,278,0,0.0,4,2,3623.3106474820142,2.881161147436692,13.822765536845427,8.195419204343313,12.18705035971223,79,0.12949640287769784,0.3273381294964029
CustomerId_1996,58118.0,3632.38,3493.1,496.0,10000.0,16,0,0.0,3,2,3632.375,0.9616559938768366,10.970247911755056,8.19791862350334,15.625,3,0.0625,0.8125
CustomerId_1997,3340.0,668.0,406.35,40.0,1000.0,5,0,0.0,2,2,668.0,0.6083083823228916,8.114025442356757,6.505784060128229,13.2,0,0.0,0.8
CustomerId_1998,20000.0,6666.67,2886.75,5000.0,10000.0,3,0,0.0,1,1,6666.666666666667,0.4330122834289064,9.90353755128617,8.80502575254403,17.0,0,0.0,0.0
CustomerId_1999,91500.0,45750.0,62578.95,1500.0,90000.0,2,0,0.0,2,1,45750.0,1.367845901609446,11.424105180165641,10.730968928388284,8.5,1,0.0,0.5
CustomerId_2,10000.0,10000.0,0.0,10000.0,10000.0,1,0,0.0,1,1,10000.0,0.0,9.210440366976517,9.210440366976517,16.0,0,0.0,0.0
CustomerId_2001,12230.0,873.57,846.96,20.0,2000.0,14,0,0.0,2,2,873.5714285714286,0.9695387879969106,9.411728991487363,6.77373233699559,9.642857142857142,8,0.2857142857142857,0.21428571428571427
CustomerId_2002,5500.0,2750.0,3181.98,500.0,5000.0,2,0,0.0,2,1,2750.0,1.1570836359428787,8.612685172875459,7.919719760924575,16.0,0,0.0,1.0
CustomerId_2003,97426.0,6495.07,11758.95,50.0,40000.0,15,0,0.0,4,2,6495.066666666667,1.8104423814045973,11.486858658607954,8.778952657645524,16.466666666666665,4,0.0,0.13333333333333333
CustomerId_2004,1500.0,750.0,353.55,500.0,1000.0,2,0,0.0,2,1,750.0,0.4713999993714667,7.313886831633462,6.621405651764134,13.0,8,0.0,0.5
CustomerId_2006,496170.0,6615.6,20228.77,18.0,90000.0,75,0,0.0,4,2,6615.6,3.057737770866174,13.114675904356174,8.797336921829718,11.386666666666667,29,0.10666666666666667,0.28
CustomerId_2007,500.0,500.0,0.0,500.0,500.0,1,0,0.0,1,1,500.0,0.0,6.2166061010848646,6.2166061010848646,7.0,0,0.0,0.0
CustomerId_2008,500.0,500.0,0.0,500.0,500.0,1,0,0.0,1,1,500.0,0.0,6.2166061010848646,6.2166061010848646,3.0,0,1.0,0.0
CustomerId_2009,97000.0,6466.67,3270.36,1000.0,10000.0,15,0,0.0,2,2,6466.666666666667,0.5057255124344174,11.48247656671073,8.77457119898725,11.866666666666667,13,0.26666666666666666,0.0
CustomerId_2012,65500.0,3852.94,3552.13,500.0,10000.0,17,0,0.0,2,2,3852.9411764705883,0.9219271514942026,11.089820688682373,8.256851280612336,13.588235294117647,21,0.29411764705882354,0.4117647058823529
CustomerId_2013,653884.0,4478.66,6094.01,25.0,50000.0,146,0,0.0,5,3,4478.657534246576,1.3606770772149086,13.390686773998905,8.40730242967188,11.76027397260274,83,0.04794520547945205,0.1506849315068493
CustomerId_2014,42000.0,7000.0,3949.68,1000.0,11000.0,6,0,0.0,2,2,7000.0,0.5642399999193942,10.645448706505872,8.853808274977197,16.0,0,0.0,0.0
CustomerId_2015,62000.0,6200.0,3645.39,1000.0,10000.0,10,0,0.0,2,2,6200.0,0.5879661289374247,11.034905792929415,8.732465848349879,12.7,6,0.0,0.0
CustomerId_2016,17422.0,1161.47,1473.79,12.0,5000.0,15,0,0.0,2,2,1161.4666666666667,1.2689006162286578,9.765546451422905,7.058302330676907,10.066666666666666,20,0.2,0.3333333333333333
CustomerId_2017,127035.0,1494.53,5496.88,20.0,50000.0,85,0,0.0,4,2,1494.5294117647059,3.6779991009360806,11.752225789839168,7.310235938049342,12.576470588235294,1,0.0,0.0
CustomerId_2018,62000.0,6888.89,3444.0,1000.0,11000.0,9,0,0.0,2,2,6888.888888888889,0.499935403163654,11.034905792929415,8.837810398713351,6.888888888888889,11,0.6666666666666666,0.0
CustomerId_2019,2000.0,2000.0,0.0,2000.0,2000.0,1,0,0.0,1,1,2000.0,0.0,7.601402334583733,7.601402334583733,10.0,0,0.0,0.0
CustomerId_2020,27000.0,5400.0,4505.55,1000.0,10000.0,5,0,0.0,2,2,5400.0,0.8343611109565998,10.203629181337648,8.594339400592892,19.0,0,0.0,0.0
CustomerId_2022,1575.0,393.75,459.34,25.0,1000.0,4,0,0.0,2,2,393.75,1.1665777748150405,7.362645270417825,5.978252653135751,9.25,2,0.25,0.0
CustomerId_2025,41000.0,6833.33,3763.86,1000.0,10000.0,6,0,0.0,2,2,6833.333333333333,0.5508090490945396,10.62135173563291,8.829713719481315,17.0,0,0.0,0.0
CustomerId_2029,1000.0,1000.0,0.0,1000.0,1000.0,1,0,0.0,1,1,1000.0,0.0,6.90875477931522,6.90875477931522,7.0,0,0.0,1.0
CustomerId_2030,2000.0,2000.0,0.0,2000.0,2000.0,1,0,0.0,1,1,2000.0,0.0,7.601402334583733,7.601402334583733,13.0,0,0.0,0.0
CustomerId_2032,361000.0,5388.06,3934.91,500.0,10000.0,67,0,0.0,3,2,5388.059701492537,0.7303018153602034,12.796636007394284,8.592126251662572,11.835820895522389,72,0.16417910447761194,0.1791044776119403
CustomerId_2033,138790.0,1826.18,1689.97,10.0,5000.0,76,0,0.0,2,3,1826.1842105263158,0.9254126094221748,11.84072448345398,7.5105290736925046,15.592105263157896,43,0.06578947368421052,0.3026315789473684
CustomerId_2034,76000.0,5066.67,3040.6,500.0,10000.0,15,0,0.0,3,2,5066.666666666667,0.6001180261196963,11.23850177707664,8.530636424877425,16.8,42,0.0,0.2
CustomerId_2035,24320.0,2432.0,3247.55,20.0,10000.0,10,0,0.0,2,2,2432.0,1.3353412823456656,10.099095453655817,7.796880342783522,12.0,12,0.1,0.5
CustomerId_2036,50000.0,50000.0,0.0,50000.0,50000.0,1,0,0.0,1,1,50000.0,0.0,10.819798284210286,10.819798284210286,5.0,0,1.0,0.0
CustomerId_2039,500.0,500.0,0.0,500.0,500.0,1,0,0.0,1,1,500.0,0.0,6.2166061010848646,6.2166061010848646,16.0,0,0.0,0.0
CustomerId_2040,90000.0,90000.0,0.0,90000.0,90000.0,1,0,0.0,1,1,90000.0,0.0,11.407576060361786,11.407576060361786,9.0,0,0.0,0.0
CustomerId_2041,31520.0,4502.86,4268.5,20.0,10000.0,7,0,0.0,2,2,4502.857142857143,0.947953078499453,10.358409269356885,8.412690085855075,11.142857142857142,61,0.0,0.0
CustomerId_2042,160000.0,8000.0,2513.12,5000.0,10000.0,20,0,0.0,2,2,8000.0,0.3141399999607325,11.982935344196433,8.987321812850125,11.4,25,0.1,0.1
CustomerId_2046,5000.0,5000.0,0.0,5000.0,5000.0,1,0,0.0,1,1,5000.0,0.0,8.517393171418904,8.517393171418904,7.0,0,0.0,0.0
CustomerId_2048,1000.0,1000.0,0.0,1000.0,1000.0,1,0,0.0,1,1,1000.0,0.0,6.90875477931522,6.90875477931522,16.0,0,0.0,1.0
CustomerId_2049,1000.0,1000.0,0.0,1000.0,1000.0,1,0,0.0,1,1,1000.0,0.0,6.90875477931522,6.90875477931522,10.0,0,0.0,1.0
CustomerId_2051,450600.0,7386.89,2914.53,200.0,10000.0,61,0,0.0,2,2,7386.88524590164,0.3945544064694947,13.018337526241023,8.907597452199084,12.131147540983607,84,0.03278688524590164,0.01639344262295082
CustomerId_2052,314976.0,1598.86,4163.19,6.0,27000.0,197,0,0.0,5,2,1598.8629441624366,2.603848990778524,12.660254899268965,7.377671404399524,12.532994923857869,63,0.025380710659898477,0.27411167512690354
CustomerId_2053,1000.0,1000.0,0.0,1000.0,1000.0,1,0,0.0,1,1,1000.0,0.0,6.90875477931522,6.90875477931522,19.0,0,0.0,0.0
CustomerId_2054,7120.0,890.0,976.04,20.0,3000.0,8,0,0.0,2,2,890.0,1.0966741560711526,8.870803443982124,6.792344427470809,19.875,0,0.625,0.0
CustomerId_2055,37410.0,3117.5,4021.93,50.0,11000.0,12,0,0.0,3,2,3117.5,1.2901138728820805,10.529720057805566,8.045107395966177,8.5,35,0.5,0.4166666666666667
CustomerId_2056,46425.0,2321.25,4409.54,50.0,20000.0,20,0,0.0,4,2,2321.25,1.8996402792031706,10.745614926107391,7.75029182226763,12.65,15,0.3,0.15
CustomerId_2057,41000.0,6833.33,3763.86,1000.0,10000.0,6,0,0.0,2,2,6833.333333333333,0.5508090490945396,10.62135173563291,8.829713719481315,19.0,0,0.0,0.0
CustomerId_2059,1100.0,1100.0,0.0,1100.0,1100.0,1,0,0.0,1,1,1100.0,0.0,7.00397413672268,7.00397413672268,7.0,0,0.0,0.0
CustomerId_2061,62000.0,4428.57,3921.62,500.0,10000.0,14,0,0.0,2,2,4428.571428571428,0.88552738222823,11.034905792929415,8.396057792865271,15.714285714285714,6,0.0,0.0
CustomerId_2062,85395.0,5023.24,3420.1,50.0,10000.0,17,0,0.0,2,2,5023.235294117647,0.6808553840388165,11.355054540272215,8.522029477707688,12.117647058823529,65,0.0,0.058823529411764705
CustomerId_2063,152000.0,6333.33,3418.83,1000.0,10000.0,24,0,0.0,2,2,6333.333333333333,0.5398155471861066,11.931642378754141,8.75373932552041,10.083333333333334,41,0.0,0.0
CustomerId_2064,83705.0,2092.62,2937.87,10.0,11000.0,40,0,0.0,3,2,2092.625,1.4039194878172248,11.335065938496163,7.646649904093501,15.025,71,0.0,0.325
CustomerId_2065,7100.0,1014.29,796.2,50.0,2000.0,7,0,0.0,3,2,1014.2857142857143,0.7849825978911529,8.867990898182093,6.922929564953049,8.142857142857142,6,0.14285714285714285,0.0
CustomerId_2067,2000.0,2000.0,0.0,2000.0,2000.0,1,0,0.0,1,1,2000.0,0.0,7.601402334583733,7.601402334583733,9.0,0,0.0,0.0
CustomerId_2068,457662.0,3845.9,4049.64,10.0,20000.0,119,0,0.0,5,2,3845.8991596638657,1.0529758961353712,13.03388838439659,8.25502290813318,13.184873949579831,89,0.04201680672268908,0.10084033613445378
CustomerId_2069,250405.0,5008.1,5216.33,40.0,20500.0,50,0,0.0,3,2,5008.1,1.0415786423910107,12.430838879582346,8.51901153722302,15.64,78,0.0,0.26
CustomerId_2071,10000.0,10000.0,0.0,10000.0,10000.0,1,0,0.0,1,1,10000.0,0.0,9.210440366976517,9.210440366976517,22.0,0,1.0,0.0
CustomerId_2072,253000.0,7441.18,3173.67,1000.0,11000.0,34,0,0.0,2,2,7441.176470588235,0.4265009043691322,12.441148720271016,8.914919095660558,13.411764705882353,53,0.14705882352941177,0.08823529411764706
CustomerId_2073,1000.0,1000.0,0.0,1000.0,1000.0,1,0,0.0,1,1,1000.0,0.0,6.90875477931522,6.90875477931522,5.0,0,1.0,1.0
CustomerId_2074,41000.0,6833.33,3763.86,1000.0,10000.0,6,0,0.0,2,2,6833.333333333333,0.5508090490945396,10.62135173563291,8.829713719481315,19.0,0,0.0,0.0
CustomerId_2075,15140.0,2162.86,1696.28,70.0,3500.0,7,0,0.0,2,2,2162.8571428571427,0.7842763744374225,9.625161575008372,7.6796489428643175,15.285714285714286,38,0.0,0.5714285714285714
CustomerId_2076,1500.0,1500.0,0.0,1500.0,1500.0,1,0,0.0,1,1,1500.0,0.0,7.313886831633462,7.313886831633462,11.0,0,0.0,0.0
CustomerId_2078,63270.0,7908.75,12480.08,150.0,30000.0,8,0,0.0,3,2,7908.75,1.5780091668622716,11.055182367294991,8.975851454699654,9.375,26,0.0,0.125
CustomerId_2081,4000.0,4000.0,0.0,4000.0,4000.0,1,0,0.0,1,1,4000.0,0.0,8.294299608857235,8.294299608857235,12.0,0,0.0,1.0
CustomerId_2083,1000.0,1000.0,0.0,1000.0,1000.0,1,0,0.0,1,1,1000.0,0.0,6.90875477931522,6.90875477931522,20.0,0,0.0,0.0
CustomerId_2085,5000.0,5000.0,0.0,5000.0,5000.0,1,0,0.0,1,1,5000.0,0.0,8.517393171418904,8.517393171418904,13.0,0,0.0,0.0
CustomerId_2086,52520.0,17506.67,14710.88,520.0,26000.0,3,0,0.0,2,2,17506.666666666668,0.8403014393462434,10.868968368601042,9.770394349606763,17.333333333333332,77,0.0,0.0
CustomerId_2089,10080.0,1680.0,1346.76,40.0,3000.0,6,0,0.0,3,2,1680.0,0.8016428566656887,9.218407743053941,7.427144133408616,16.0,0,0.3333333333333333,0.0
CustomerId_2093,244000.0,9760.0,6200.0,1000.0,21000.0,25,0,0.0,2,2,9760.0,0.6352459015742575,12.404927602627597,9.186150133174966,8.12,27,0.48,0.0
CustomerId_2094,570255.4,3655.48,7419.93,10.0,50000.0,156,0,0.0,5,3,3655.4833333333336,2.0298100380716595,13.253841363231398,8.204256214984575,11.01923076923077,87,0.019230769230769232,0.21794871794871795
CustomerId_2095,10000.0,10000.0,0.0,10000.0,10000.0,1,0,0.0,1,1,10000.0,0.0,9.210440366976517,9.210440366976517,10.0,0,0.0,1.0
CustomerId_2097,100000.0,33333.33,49074.77,5000.0,90000.0,3,0,0.0,3,2,33333.333333333336,1.4722432471801572,11.51293546492023,10.414343075855122,17.0,16,0.0,0.0
CustomerId_2098,10000.0,10000.0,0.0,10000.0,10000.0,1,0,0.0,1,1,10000.0,0.0,9.210440366976517,9.210440366976517,18.0,0,0.0,0.0
CustomerId_2099,30400.0,6080.0,4100.24,200.0,10000.0,5,0,0.0,2,2,6080.0,0.6743815788364503,10.322230781590136,8.71292443512011,11.0,0,0.0,0.0
CustomerId_2101,500.0,500.0,0.0,500.0,500.0,1,0,0.0,1,1,500.0,0.0,6.2166061010848646,6.2166061010848646,3.0,0,1.0,0.0
CustomerId_2102,61000.0,8714.29,6047.43,1000.0,20000.0,7,0,0.0,2,2,8714.285714285714,0.6939670356742813,11.0186455364637,9.072834233361476,14.571428571428571,0,0.0,0.0
CustomerId_2103,41000.0,6833.33,3763.86,1000.0,10000.0,6,0,0.0,2,2,6833.333333333333,0.5508090490945396,10.62135173563291,8.829713719481315,13.0,0,0.0,0.0
CustomerId_2104,41000.0,6833.33,3763.86,1000.0,10000.0,6,0,0.0,2,2,6833.333333333333,0.5508090490945396,10.62135173563291,8.829713719481315,19.0,0,0.0,0.0
CustomerId_2105,1000.0,1000.0,0.0,1000.0,1000.0,1,0,0.0,1,1,1000.0,0.0,6.90875477931522,6.90875477931522,14.0,0,0.0,0.0
CustomerId_2106,112000.0,8000.0,4607.69,1000.0,20000.0,14,0,0.0,2,2,8000.0,0.5759612499280048,11.626263078808801,8.987321812850125,15.928571428571429,17,0.0,0.14285714285714285
CustomerId_2107,51000.0,7285.71,6818.22,500.0,20000.0,7,0,0.0,2,2,7285.714285714285,0.9358346680095921,10.839600519357369,8.893807419979778,10.428571428571429,0,0.0,0.0
CustomerId_2108,40500.0,20250.0,353.55,20000.0,20500.0,2,0,0.0,1,1,20250.0,0.017459259258397072,10.609081944147828,9.915959454031448,6.0,0,0.0,1.0
CustomerId_2109,3000.0,1000.0,0.0,1000.0,1000.0,3,0,0.0,2,2,1000.0,0.0,8.006700845440367,6.90875477931522,7.0,0,0.6666666666666666,0.3333333333333333
CustomerId_2110,1000.0,1000.0,0.0,1000.0,1000.0,1,0,0.0,1,1,1000.0,0.0,6.90875477931522,6.90875477931522,8.0,0,0.0,0.0
CustomerId_2111,364568.0,3284.4,5224.7,25.0,50000.0,111,0,0.0,3,3,3284.3963963963965,1.5907623914289482,12.80647111292731,8.0972436891071,12.198198198198199,62,0.24324324324324326,0.13513513513513514
CustomerId_2115,2000.0,2000.0,0.0,2000.0,2000.0,1,0,0.0,1,1,2000.0,0.0,7.601402334583733,7.601402334583733,5.0,0,1.0,0.0
CustomerId_2116,2000.0,2000.0,0.0,2000.0,2000.0,1,0,0.0,1,1,2000.0,0.0,7.601402334583733,7.601402334583733,19.0,0,0.0,0.0
CustomerId_2117,102000.0,7285.71,3148.35,1000.0,11000.0,14,0,0.0,2,2,7285.714285714285,0.43212672472111474,11.532737896139919,8.893807419979778,13.214285714285714,18,0.0,0.07142857142857142
CustomerId_2120,32000.0,6400.0,3781.53,1000.0,10000.0,5,0,0.0,2,2,6400.0,0.5908640624076775,10.373522431293592,8.764209507142004,16.0,0,0.0,0.0
CustomerId_2122,500.0,500.0,0.0,500.0,500.0,1,0,0.0,1,1,500.0,0.0,6.2166061010848646,6.2166061010848646,17.0,0,0.0,0.0
CustomerId_2123,4500.0,1125.0,629.15,500.0,2000.0,4,0,0.0,2,2,1125.0,0.5592444439473382,8.412054873292933,7.026426808699636,5.75,0,0.25,1.0
CustomerId_2126,12800.0,711.11,1141.76,25.0,5000.0,18,0,0.0,2,2,711.1111111111111,1.6056025064960378,9.45727857185611,6.568232393860971,11.555555555555555,15,0.1111111111111111,0.0
CustomerId_2127,21350.0,2372.22,2191.48,40.0,5000.0,9,0,0.0,3,2,2372.222222222222,0.9238097643035598,9.968853855967382,7.772002961788721,13.333333333333334,11,0.3333333333333333,0.0
CustomerId_2130,109452.0,3774.21,7519.66,24.0,30000.0,29,0,0.0,4,2,3774.206896551724,1.9923798617479207,11.603250512351522,8.236211289274955,13.206896551724139,9,0.20689655172413793,0.27586206896551724
CustomerId_2133,71400.0,7933.33,7122.68,300.0,22000.0,9,0,0.0,2,2,7933.333333333333,0.8978171838436297,11.17606715383184,8.978954193352738,11.0,47,0.1111111111111111,0.3333333333333333
CustomerId_2134,112000.0,6588.24,3704.88,500.0,11000.0,17,0,0.0,2,2,6588.235294117647,0.562347455380747,11.626263078808801,8.793193294594072,15.647058823529411,20,0.0,0.058823529411764705
CustomerId_2135,222385.96,2712.02,3224.51,17.96,10000.0,82,0,0.0,2,2,2712.0239024390244,1.1889698449167154,12.312174206546052,7.905817684544771,9.182926829268293,78,0.2682926829268293,0.2682926829268293
CustomerId_2136,1050.0,525.0,671.75,50.0,1000.0,2,0,0.0,2,2,525.0,1.2795238070866213,6.957497370876951,6.26530121273771,17.0,0,0.0,0.0
CustomerId_2137,236000.0,5900.0,3665.85,500.0,10000.0,40,0,0.0,2,2,5900.0,0.621330508369266,12.371591321286905,8.682877107057168,9.025,49,0.0,0.0
CustomerId_2138,112000.0,8000.0,3113.25,1000.0,11000.0,14,0,0.0,2,2,8000.0,0.38915624995135545,11.626263078808801,8.987321812850125,11.428571428571429,34,0.0,0.0
CustomerId_2139,1000.0,1000.0,0.0,1000.0,1000.0,1,0,0.0,1,1,1000.0,0.0,6.90875477931522,6.90875477931522,9.0,0,0.0,1.0
CustomerId_2140,102000.0,7846.15,3782.55,1000.0,15000.0,13,0,0.0,2,2,7846.153846153846,0.48208994213950923,11.532737896139919,8.967905687530347,14.0,18,0.0,0.07692307692307693
CustomerId_2141,10000.0,10000.0,0.0,10000.0,10000.0,1,0,0.0,1,1,10000.0,0.0,9.210440366976517,9.210440366976517,12.0,0,0.0,0.0
CustomerId_2142,216700.0,7739.29,2806.65,500.0,10200.0,28,0,0.0,2,2,7739.285714285715,0.3626495453248748,12.286273802188468,8.954194433582135,10.928571428571429,34,0.0,0.0
CustomerId_2143,90000.0,90000.0,0.0,90000.0,90000.0,1,1,1.0,1,1,90000.0,0.0,11.407576060361786,11.407576060361786,9.0,0,0.0,0.0
CustomerId_2144,23000.0,5750.0,4924.43,1000.0,10000.0,4,0,0.0,2,2,5750.0,0.8564226085467092,10.043292972227004,8.657129031713755,12.0,0,0.0,0.0
CustomerId_2145,142000.0,7473.68,2988.28,1000.0,11000.0,19,0,0.0,2,2,7473.684210526316,0.39984050689889844,11.863589378812122,8.919276587977992,9.368421052631579,25,0.10526315789473684,0.15789473684210525
CustomerId_2147,10000.0,10000.0,0.0,10000.0,10000.0,1,0,0.0,1,1,10000.0,0.0,9.210440366976517,9.210440366976517,15.0,0,0.0,0.0
CustomerId_2148,35000.0,11666.67,1527.53,10000.0,13000.0,3,0,0.0,2,2,11666.666666666666,0.13093110543703293,10.463131911491967,9.364577048105653,14.666666666666666,37,0.0,0.0
CustomerId_2149,62000.0,6888.89,3257.47,1000.0,10000.0,9,0,0.0,2,2,6888.888888888889,0.4728584720509605,11.034905792929415,8.837810398713351,12.444444444444445,7,0.0,0.0
CustomerId_2150,26663.0,1066.52,1293.16,18.0,3500.0,25,0,0.0,3,2,1066.52,1.2125042181932788,10.191069619987575,6.973093480290273,7.72,65,0.12,0.28
CustomerId_2151,6000.0,6000.0,0.0,6000.0,6000.0,1,0,0.0,1,1,6000.0,0.0,8.699681400989514,8.699681400989514,4.0,0,1.0,0.0
CustomerId_2152,2050.0,683.33,548.48,50.0,1000.0,3,0,0.0,2,2,683.3333333333334,0.8026575727647585,7.62608275807238,6.528440257418357,6.0,0,0.0,0.0
CustomerId_2153,500.0,500.0,0.0,500.0,500.0,1,0,0.0,1,1,500.0,0.0,6.2166061010848646,6.2166061010848646,6.0,0,0.0,1.0
CustomerId_2154,464878.0,3660.46,3757.38,110.0,16000.0,127,0,0.0,3,2,3660.4566929133857,1.0264775462574438,13.04953243565392,8.205617253956952,13.913385826771654,84,0.05511811023622047,0.25984251968503935
CustomerId_2155,31000.0,6200.0,3834.06,1000.0,10000.0,5,0,0.0,2,2,6200.0,0.6183967740938069,10.34177474101152,8.732465848349879,17.2,0,0.0,0.0
CustomerId_2156,4140.0,517.5,457.97,10.0,1000.0,8,0,0.0,2,2,517.5,0.8849661818647997,8.328692583545568,6.250940027669582,15.75,2,0.375,0.375
CustomerId_2157,1000.0,1000.0,0.0,1000.0,1000.0,1,0,0.0,1,1,1000.0,0.0,6.90875477931522,6.90875477931522,5.0,0,1.0,0.0
CustomerId_2158,115000.0,38333.33,45368.86,5000.0,90000.0,3,0,0.0,1,1,38333.333333333336,1.183535581146132,11.652696102959753,10.554101118339283,7.333333333333333,0,0.0,0.0
CustomerId_2159,4000.0,1333.33,577.35,1000.0,2000.0,3,0,0.0,2,1,1333.3333333333333,0.43301358220919534,8.294299608857235,7.196184572194938,13.0,0,0.0,0.0
CustomerId_2165,6250.0,2083.33,2553.59,250.0,5000.0,3,0,0.0,2,2,2083.3333333333335,1.225725160571909,8.740496729931813,7.6422027396655405,1.0,0,1.0,0.0
CustomerId_2166,50000.0,50000.0,0.0,50000.0,50000.0,1,0,0.0,1,1,50000.0,0.0,10.819798284210286,10.819798284210286,6.0,0,0.0,0.0
CustomerId_2167,62000.0,6200.0,3614.78,1000.0,10000.0,10,0,0.0,2,2,6200.0,0.5830290321640276,11.034905792929415,8.732465848349879,11.1,28,0.0,0.0
CustomerId_2169,117000.0,29250.0,41258.33,2000.0,90000.0,4,0,0.0,1,1,29250.0,1.410541196532973,11.669937760751914,10.283669040109793,8.5,30,0.0,0.75
CustomerId_2170,4000.0,2000.0,0.0,2000.0,2000.0,2,0,0.0,1,1,2000.0,0.0,8.294299608857235,7.601402334583733,14.0,0,0.0,0.0
CustomerId_2171,123000.0,7235.29,3478.14,500.0,11500.0,17,0,0.0,2,2,7235.294117647059,0.4807188100987356,11.719947764402807,8.886863923102933,12.705882352941176,17,0.29411764705882354,0.11764705882352941
CustomerId_2172,11160.0,1240.0,1577.0,10.0,5000.0,9,0,0.0,2,2,1240.0,1.2717741925227626,9.320180837655714,7.123672785204607,20.0,0,0.0,0.0
CustomerId_2173,51000.0,7285.71,3638.42,1000.0,10000.0,7,0,0.0,2,2,7285.714285714285,0.49939127408318595,10.839600519357369,8.893807419979778,15.0,0,0.0,0.0
CustomerId_2175,32000.0,5333.33,4033.2,1000.0,10000.0,6,0,0.0,2,2,5333.333333333333,0.756225472499128,10.373522431293592,8.581918570094851,8.0,0,0.0,0.0
CustomerId_2176,12220.0,4073.33,6011.33,220.0,11000.0,3,0,0.0,2,2,4073.3333333333335,1.4757778030565218,9.410911062438,8.312461594979062,16.0,0,0.0,0.0
CustomerId_2178,319027.0,12761.08,26130.29,50.0,90000.0,25,0,0.0,4,2,12761.08,2.0476550572484733,12.673034152209715,9.45423355301858,13.52,15,0.0,0.36
CustomerId_2179,1000.0,500.0,0.0,500.0,500.0,2,0,0.0,1,1,500.0,0.0,6.90875477931522,6.2166061010848646,5.0,2,0.5,0.0
CustomerId_2181,1000.0,1000.0,0.0,1000.0,1000.0,1,0,0.0,1,1,1000.0,0.0,6.90875477931522,6.90875477931522,16.0,0,0.0,0.0
CustomerId_2183,31000.0,4428.57,3141.5,500.0,10000.0,7,0,0.0,2,2,4428.571428571428,0.7093711964111731,10.34177474101152,8.396057792865271,18.0,0,0.0,0.0
CustomerId_2184,23662.0,3943.67,4734.42,40.0,10000.0,6,0,0.0,3,3,3943.6666666666665,1.2005111986549304,10.071667925775051,8.280120579590989,11.0,6,0.0,0.0
CustomerId_2186,222115.3,2362.93,2801.46,6.45,10200.0,94,0,0.0,3,3,2362.9287234042554,1.185587384651434,12.310956397554278,7.768080767258477,13.446808510638299,24,0.07446808510638298,0.35106382978723405
CustomerId_2187,46510.0,1257.03,1514.39,10.0,5000.0,37,0,0.0,2,2,1257.027027027027,1.204736560619288,10.74744412273953,7.13730228435283,10.45945945945946,27,0.13513513513513514,0.2972972972972973
CustomerId_2188,6075.0,759.38,519.6,25.0,1500.0,8,0,0.0,2,2,759.375,0.6842424073793854,8.712101863715663,6.633818308322028,10.25,0,0.0,0.0
CustomerId_2190,1000.0,1000.0,0.0,1000.0,1000.0,1,0,0.0,1,1,1000.0,0.0,6.90875477931522,6.90875477931522,10.0,0,0.0,0.0
CustomerId_2191,42000.0,14000.0,10392.3,2000.0,20000.0,3,0,0.0,2,1,14000.0,0.7423071428041208,10.645448706505872,9.546884034617925,18.333333333333332,0,0.0,0.0
CustomerId_2192,22000.0,5500.0,3696.85,1000.0,10000.0,4,0,0.0,2,2,5500.0,0.6721545453323354,9.99884318585288,8.612685172875459,18.0,0,0.0,0.0
CustomerId_2198,90000.0,90000.0,0.0,90000.0,90000.0,1,0,0.0,1,1,90000.0,0.0,11.407576060361786,11.407576060361786,16.0,0,0.0,1.0
CustomerId_2204,158474.0,22639.14,36839.26,24.0,90000.0,7,0,0.0,3,2,22639.14285714286,1.6272376070103707,11.973352131152367,10.027479716043583,10.285714285714286,77,0.0,0.42857142857142855
CustomerId_2205,109050.0,13631.25,31035.73,50.0,90000.0,8,0,0.0,2,2,13631.25,2.2768073359173364,11.599570941693186,9.520193588102813,12.0,0,0.5,0.5
CustomerId_2206,41000.0,6833.33,3763.86,1000.0,10000.0,6,0,0.0,2,2,6833.333333333333,0.5508090490945396,10.62135173563291,8.829713719481315,19.0,0,0.0,0.0
CustomerId_2207,5000.0,5000.0,0.0,5000.0,5000.0,1,0,0.0,1,1,5000.0,0.0,8.517393171418904,8.517393171418904,4.0,0,1.0,1.0
CustomerId_2211,101000.0,11222.22,7224.57,1000.0,20000.0,9,0,0.0,2,2,11222.222222222223,0.6437736917790087,11.522885696764481,9.325740125425927,13.0,0,0.0,0.0
CustomerId_2212,125850.0,5720.45,4392.76,100.0,15000.0,22,0,0.0,4,2,5720.454545454545,0.767904622753821,11.742853946499315,8.65197754875253,11.863636363636363,31,0.09090909090909091,0.8181818181818182
CustomerId_2213,302179.2,6429.34,10094.48,11.2,45250.0,47,0,0.0,4,2,6429.344680851064,1.5700647342386518,12.618778807150784,8.768782692972133,13.72340425531915,13,0.0425531914893617,0.10638297872340426
CustomerId_2214,1223067.0,8320.18,17469.48,20.0,90000.0,147,1,0.01,6,3,8320.183673469388,2.099651689975499,14.016873014104826,9.026559350681843,14.489795918367347,89,0.07482993197278912,0.272108843537415
CustomerId_2215,110000.0,55000.0,49497.47,20000.0,90000.0,2,0,0.0,1,1,55000.0,0.8999539999836372,11.608244735642321,10.915106645867503,11.0,0,0.0,0.0
CustomerId_2216,1319152.0,5589.63,10419.02,200.0,90000.0,236,2,0.01,4,2,5589.627118644068,1.8639909972817537,14.092500421939723,8.628847261051073,10.220338983050848,88,0.08898305084745763,0.08898305084745763
CustomerId_2217,100000.0,7692.31,2594.37,5000.0,10000.0,13,0,0.0,2,2,7692.307692307692,0.3372679987757555,11.51293546492023,8.948106399020384,11.307692307692308,18,0.07692307692307693,0.07692307692307693
CustomerId_2218,2000.0,2000.0,0.0,2000.0,2000.0,1,0,0.0,1,1,2000.0,0.0,7.601402334583733,7.601402334583733,14.0,0,0.0,1.0
CustomerId_2219,22250.0,4450.0,3528.46,500.0,10000.0,5,0,0.0,2,2,4450.0,0.7929123593723791,10.010142230404668,8.400884069015854,8.2,14,0.2,0.0
CustomerId_2221,670930.0,9866.62,7079.84,30.0,31200.0,68,0,0.0,3,2,9866.617647058823,0.7175547451186368,13.416421579071653,9.197013968598096,11.088235294117647,52,0.22058823529411764,0.07352941176470588
CustomerId_2223,40000.0,8000.0,2738.61,5000.0,10000.0,5,0,0.0,2,2,8000.0,0.3423262499572092,10.596659732783579,8.987321812850125,18.2,0,0.0,0.0
CustomerId_2224,51600.0,5733.33,4595.92,200.0,10700.0,9,0,0.0,2,2,5733.333333333333,0.8016144194034506,10.851296331126829,8.6542261962348,12.222222222222221,0,0.0,0.0
CustomerId_2226,10000.0,10000.0,0.0,10000.0,10000.0,1,0,0.0,1,1,10000.0,0.0,9.210440366976517,9.210440366976517,11.0,0,0.0,0.0
CustomerId_2227,1000.0,1000.0,0.0,1000.0,1000.0,1,0,0.0,1,1,1000.0,0.0,6.90875477931522,6.90875477931522,4.0,0,1.0,0.0
CustomerId_2230,260000.0,8125.0,2767.9,5000.0,15000.0,32,0,0.0,2,2,8125.0,0.34066461534268744,12.468440756144114,9.002824076547672,12.25,67,0.0,0.03125
CustomerId_2231,32000.0,6400.0,3781.53,1000.0,10000.0,5,0,0.0,2,2,6400.0,0.5908640624076775,10.373522431293592,8.764209507142004,12.0,0,0.0,0.0
CustomerId_2232,41000.0,6833.33,3763.86,1000.0,10000.0,6,0,0.0,2,2,6833.333333333333,0.5508090490945396,10.62135173563291,8.829713719481315,12.0,0,0.0,0.0
CustomerId_2233,262110.0,1771.01,2018.82,5.0,5000.0,148,0,0.0,3,2,1771.0135135135135,1.1399258044054377,12.476523357145068,7.47986977448996,13.797297297297296,88,0.05405405405405406,0.19594594594594594
CustomerId_2239,31000.0,6200.0,3834.06,1000.0,10000.0,5,0,0.0,2,2,6200.0,0.6183967740938069,10.34177474101152,8.732465848349879,15.0,0,0.0,0.0
CustomerId_2243,51000.0,7285.71,3638.42,1000.0,10000.0,7,0,0.0,2,2,7285.714285714285,0.49939127408318595,10.839600519357369,8.893807419979778,13.142857142857142,0,0.0,0.0
CustomerId_2244,1000.0,1000.0,0.0,1000.0,1000.0,1,0,0.0,1,1,1000.0,0.0,6.90875477931522,6.90875477931522,19.0,0,0.0,1.0
CustomerId_2245,10000.0,10000.0,0.0,10000.0,10000.0,1,0,0.0,1,1,10000.0,0.0,9.210440366976517,9.210440366976517,14.0,0,0.0,1.0
CustomerId_2246,20820.0,991.43,1473.58,20.0,5000.0,21,0,0.0,2,2,991.4285714285714,1.4863177415588416,9.943717371755195,6.900156481106807,9.476190476190476,1,0.0,1.0
CustomerId_2247,14358.0,717.9,775.11,8.0,2000.0,20,0,0.0,3,2,717.9,1.079690763226507,9.572132202294377,6.577722265989826,13.35,10,0.1,0.4
CustomerId_2250,62000.0,7750.0,5035.59,1000.0,14000.0,8,0,0.0,2,2,7750.0,0.6497535483032576,11.034905792929415,8.955577146281511,9.0,8,0.0,0.375
CustomerId_2253,36000.0,2117.65,3429.12,25.0,10000.0,17,0,0.0,2,3,2117.6470588235293,1.6193044168680828,10.491301994830229,7.658534372374799,12.058823529411764,14,0.0,0.23529411764705882
CustomerId_2254,2000.0,2000.0,0.0,2000.0,2000.0,1,0,0.0,1,1,2000.0,0.0,7.601402334583733,7.601402334583733,9.0,0,0.0,0.0
CustomerId_2256,2000.0,1000.0,0.0,1000.0,1000.0,2,0,0.0,1,1,1000.0,0.0,7.601402334583733,6.90875477931522,15.0,0,0.0,0.0
CustomerId_2258,41000.0,6833.33,3763.86,1000.0,10000.0,6,0,0.0,2,2,6833.333333333333,0.5508090490945396,10.62135173563291,8.829713719481315,8.0,0,0.0,0.0
CustomerId_2260,180000.0,8181.82,2461.83,5000.0,10000.0,22,0,0.0,2,2,8181.818181818182,0.3008902664320542,12.100717685412471,9.009792113462767,10.318181818181818,25,0.13636363636363635,0.09090909090909091
CustomerId_2261,4000.0,2000.0,0.0,2000.0,2000.0,2,0,0.0,1,1,2000.0,0.0,8.294299608857235,7.601402334583733,9.0,0,0.0,0.0
CustomerId_2262,91000.0,8272.73,3133.4,1000.0,10000.0,11,0,0.0,2,2,8272.727272727272,0.37876251245009057,11.418625774449598,9.020840714146633,4.0,0,1.0,0.0
CustomerId_2263,9485.0,1580.83,747.4,85.0,2000.0,6,0,0.0,2,2,1580.8333333333333,0.4727896102219786,9.157572306437528,7.366337683640708,17.833333333333332,26,0.0,0.3333333333333333
CustomerId_2265,30000.0,3333.33,3172.14,500.0,10000.0,9,0,0.0,2,2,3333.3333333333335,0.9516429513574585,10.308985993422082,8.112027038616482,17.555555555555557,1,0.0,0.5555555555555556
CustomerId_2266,2119644.5,27527.85,33738.77,100.0,90000.0,77,7,0.09,4,2,27527.85064935065,1.225623141610201,14.566759415684745,10.222989824652457,12.779220779220779,60,0.0,0.42857142857142855
CustomerId_2267,143041.0,8940.06,21965.93,100.0,90000.0,16,0,0.0,4,2,8940.0625,2.457022659528345,11.8708935724125,9.098409429371564,9.75,25,0.0625,0.0625
CustomerId_2268,525.0,262.5,335.88,25.0,500.0,2,0,0.0,2,2,262.5,1.2795428522684082,6.26530121273771,5.574053367981417,15.0,0,0.0,0.0
CustomerId_2269,41000.0,6833.33,3763.86,1000.0,10000.0,6,0,0.0,2,2,6833.333333333333,0.5508090490945396,10.62135173563291,8.829713719481315,19.0,0,0.0,0.0
CustomerId_2272,27000.0,3375.0,4103.57,1000.0,10000.0,8,0,0.0,4,2,3375.0,1.215872592232334,10.203629181337648,8.124446855715847,10.125,2,0.0,0.0
CustomerId_2273,173658.0,10215.18,8127.92,392.0,28000.0,17,0,0.0,3,2,10215.176470588236,0.7956707565803371,12.064848885219616,9.231728016977671,11.117647058823529,11,0.17647058823529413,0.17647058823529413
CustomerId_2275,1000.0,1000.0,0.0,1000.0,1000.0,1,0,0.0,1,1,1000.0,0.0,6.90875477931522,6.90875477931522,14.0,0,0.0,0.0
CustomerId_2276,50330.0,689.45,601.16,25.0,2000.0,73,0,0.0,2,2,689.4520547945206,0.8719414013025724,10.82637646843851,6.53734355893136,12.684931506849315,85,0.0821917808219178,0.2191780821917808
CustomerId_2277,32000.0,6400.0,3781.53,1000.0,10000.0,5,0,0.0,2,2,6400.0,0.5908640624076775,10.373522431293592,8.764209507142004,13.0,0,0.0,0.0
CustomerId_2279,62000.0,8857.14,6094.49,1000.0,20000.0,7,0,0.0,2,2,8857.142857142857,0.6880878025312812,11.034905792929415,9.089092089280351,17.0,0,0.0,0.0
CustomerId_2280,1000.0,1000.0,0.0,1000.0,1000.0,1,0,0.0,1,1,1000.0,0.0,6.90875477931522,6.90875477931522,9.0,0,0.0,0.0
CustomerId_2281,4050.0,578.57,439.32,25.0,1000.0,7,0,0.0,2,2,578.5714285714286,0.7593203920712784,8.30671904320269,6.362286449272572,9.428571428571429,0,0.5714285714285714,0.0
CustomerId_2282,14800.0,2114.29,1607.72,500.0,5500.0,7,0,0.0,1,1,2114.285714285714,0.7604065663837948,9.60245002503719,7.656947197920104,11.571428571428571,1,0.0,1.0
CustomerId_2283,1000.0,1000.0,0.0,1000.0,1000.0,1,0,0.0,1,1,1000.0,0.0,6.90875477931522,6.90875477931522,3.0,0,1.0,0.0
CustomerId_2284,15935.0,637.4,698.82,25.0,2500.0,25,0,0.0,3,2,637.4,1.0963602116467521,9.67633597982438,6.458965046135599,13.68,48,0.12,0.2
CustomerId_2286,500.0,500.0,0.0,500.0,500.0,1,0,0.0,1,1,500.0,0.0,6.2166061010848646,6.2166061010848646,17.0,0,0.0,1.0
CustomerId_2287,108725.0,9884.09,26668.56,50.0,90000.0,11,0,0.0,3,2,9884.09090909091,2.6981300248482025,11.596586234940213,9.198782840267366,13.363636363636363,17,0.0,0.0
CustomerId_2288,505300.0,7218.57,3608.66,200.0,19900.0,70,0,0.0,4,2,7218.571428571428,0.4999134176852322,13.132909570300404,8.884550673326592,7.785714285714286,88,0.34285714285714286,0.1
CustomerId_2289,102000.0,4857.14,3811.64,1000.0,11000.0,21,0,0.0,2,2,4857.142857142857,0.7847498732207121,11.532737896139919,8.488410927590678,15.0,18,0.0,0.047619047619047616
CustomerId_2290,30400.0,6080.0,4100.24,200.0,10000.0,5,0,0.0,2,2,6080.0,0.6743815788364503,10.322230781590136,8.71292443512011,0.0,0,1.0,0.0
CustomerId_2291,2520.0,630.0,477.0,10.0,1010.0,4,0,0.0,2,2,630.0,0.7571428559410431,7.83241092718792,6.447305862541213,12.0,0,0.0,0.0
CustomerId_2292,258000.0,86000.0,6928.2,78000.0,90000.0,3,1,0.33,3,1,86000.0,0.08056046511534233,12.460718739865236,11.362114203075018,21.0,0,0.0,1.0
CustomerId_2294,26480.0,1765.33,2773.72,10.0,10000.0,15,0,0.0,2,2,1765.3333333333333,1.5712189779977572,10.184182773688342,7.476659226674353,10.133333333333333,17,0.0,0.6666666666666666
CustomerId_2295,6100.0,1525.0,1252.66,100.0,3000.0,4,0,0.0,2,2,1525.0,0.8214163929039893,8.716207971151853,7.330405211844402,12.0,0,0.0,0.0
CustomerId_2296,2000.0,500.0,0.0,500.0,500.0,4,0,0.0,1,1,500.0,0.0,7.601402334583733,6.2166061010848646,19.0,0,0.0,0.0
CustomerId_2297,24000.0,1263.16,2242.0,50.0,10000.0,19,0,0.0,2,2,1263.157894736842,1.7749137070720147,10.085850775128717,7.142163148974423,13.157894736842104,10,0.0,0.0
CustomerId_2298,136908.0,6519.43,19327.88,40.0,90000.0,21,0,0.0,3,2,6519.428571428572,2.9646579527712302,11.827071750532761,8.782695603666278,13.857142857142858,6,0.0,0.42857142857142855
CustomerId_2299,33000.0,4714.29,4121.66,500.0,10000.0,7,0,0.0,2,2,4714.285714285715,0.8742907201563138,10.404293143019792,8.4585656990086,17.857142857142858,3,0.0,0.14285714285714285
CustomerId_2300,1025.0,512.5,689.43,25.0,1000.0,2,0,0.0,2,2,512.5,1.3452292656678453,6.933423025730715,6.241250029368613,20.0,0,0.0,1.0
CustomerId_2301,789792.9,3346.58,9303.89,6.0,70000.0,236,0,0.0,5,2,3346.5800847457626,2.78011880702684,13.579527304330563,8.11599297571143,10.038135593220339,40,0.15254237288135594,0.1059322033898305
CustomerId_2302,42000.0,7000.0,3687.82,1000.0,10000.0,6,0,0.0,2,2,7000.0,0.5268314284961669,10.645448706505872,8.853808274977197,12.0,0,0.0,0.0
CustomerId_2303,836000.0,76000.0,31606.96,1000.0,90000.0,11,8,0.73,2,2,76000.0,0.41588105262610686,13.636385088238372,11.23850177707664,16.90909090909091,0,0.0,0.0
CustomerId_2305,16000.0,5333.33,4509.25,1000.0,10000.0,3,0,0.0,2,2,5333.333333333333,0.8454849032695361,9.680406499268875,8.581918570094851,14.0,0,0.0,0.0
CustomerId_2306,206380.0,3383.28,4262.28,10.0,12000.0,61,0,0.0,4,2,3383.27868852459,1.259807050773271,12.237479254088726,8.126896459619942,9.065573770491802,41,0.26229508196721313,0.3770491803278688
CustomerId_2307,2000.0,500.0,0.0,500.0,500.0,4,0,0.0,1,1,500.0,0.0,7.601402334583733,6.2166061010848646,15.0,0,0.0,0.0
CustomerId_2308,166305.0,1154.9,1641.15,10.0,12000.0,144,0,0.0,3,2,1154.8958333333333,1.4210321227629819,12.021584743904798,7.052634540300222,13.159722222222221,60,0.1388888888888889,0.16666666666666666
CustomerId_2309,10000.0,10000.0,0.0,10000.0,10000.0,1,0,0.0,1,1,10000.0,0.0,9.210440366976517,9.210440366976517,22.0,0,1.0,0.0
CustomerId_2310,62000.0,6888.89,3257.47,1000.0,10000.0,9,0,0.0,2,2,6888.888888888889,0.4728584720509605,11.034905792929415,8.837810398713351,10.333333333333334,6,0.0,0.0
CustomerId_2311,8640.0,664.62,936.04,10.0,3500.0,13,0,0.0,3,2,664.6153846153846,1.4083837359568117,9.0642735958414,6.500718937132487,11.461538461538462,20,0.0,0.15384615384615385
CustomerId_2313,52000.0,7428.57,3552.33,1000.0,10000.0,7,0,0.0,2,2,7428.571428571428,0.47819836112761965,10.859018228147887,8.913223262551202,14.428571428571429,0,0.0,0.0
CustomerId_2315,152000.0,6080.0,3627.67,1000.0,11000.0,25,0,0.0,2,2,6080.0,0.5966562499018657,11.931642378754141,8.71292443512011,13.76,42,0.0,0.0
CustomerId_2317,1000.0,1000.0,0.0,1000.0,1000.0,1,0,0.0,1,1,1000.0,0.0,6.90875477931522,6.90875477931522,9.0,0,0.0,0.0
CustomerId_2321,46665.0,1794.81,2262.32,20.0,10000.0,26,0,0.0,3,2,1794.8076923076924,1.2604788243544003,10.750771127107004,7.49321145262004,11.692307692307692,16,0.15384615384615385,0.23076923076923078
CustomerId_2322,22400.0,4480.0,5052.92,200.0,10000.0,5,0,0.0,2,2,4480.0,1.1278839283196687,10.016860879703811,8.407601514786142,19.4,1,0.0,0.8
CustomerId_2323,33797.0,2414.07,3658.36,25.0,10000.0,14,0,0.0,4,2,2414.0714285714284,1.515432443336178,10.42815690812277,7.789483551173848,11.142857142857142,24,0.0,0.21428571428571427
CustomerId_2324,552722.0,3411.86,11610.76,10.0,90000.0,162,0,0.0,5,2,3411.864197530864,3.403058741154954,13.222612250850943,8.135305928434557,10.049382716049383,9,0.17901234567901234,0.012345679012345678
CustomerId_2325,680000.0,61818.18,29939.33,10000.0,90000.0,11,0,0.0,1,1,61818.181818181816,0.4843127054131275,13.429849547739444,11.03196895128238,10.181818181818182,3,0.0,0.0
CustomerId_2326,20075.0,2230.56,2171.54,25.0,5000.0,9,0,0.0,2,2,2230.5555555555557,0.9735402764446864,9.907280350774824,7.710456171451526,14.666666666666666,3,0.1111111111111111,0.6666666666666666
CustomerId_2327,21000.0,5250.0,3685.56,1000.0,10000.0,4,0,0.0,2,2,5250.0,0.702011428437712,9.952325334619427,8.566173813637858,14.0,0,0.0,0.0
CustomerId_2328,32000.0,6400.0,3781.53,1000.0,10000.0,5,0,0.0,2,2,6400.0,0.5908640624076775,10.373522431293592,8.764209507142004,8.0,0,0.0,0.0
CustomerId_2329,339979.0,10967.06,19221.78,25.0,90000.0,31,0,0.0,3,2,10967.064516129032,1.752683034308859,12.73664207133276,9.302742691686706,14.161290322580646,48,0.06451612903225806,0.1935483870967742
CustomerId_2330,32000.0,6400.0,3781.53,1000.0,10000.0,5,0,0.0,2,2,6400.0,0.5908640624076775,10.373522431293592,8.764209507142004,8.0,0,0.0,0.0
CustomerId_2332,53404.0,3560.27,6238.55,15.0,20000.0,15,0,0.0,3,2,3560.266666666667,1.7522687881109387,10.885659653523795,8.177872501801964,9.466666666666667,7,0.13333333333333333,0.0
CustomerId_2333,1000.0,1000.0,0.0,1000.0,1000.0,1,0,0.0,1,1,1000.0,0.0,6.90875477931522,6.90875477931522,5.0,0,1.0,0.0
CustomerId_2334,21000.0,5250.0,3685.56,1000.0,10000.0,4,0,0.0,2,2,5250.0,0.702011428437712,9.952325334619427,8.566173813637858,13.0,0,0.0,0.0
CustomerId_2335,5000.0,5000.0,0.0,5000.0,5000.0,1,0,0.0,1,1,5000.0,0.0,8.517393171418904,8.517393171418904,14.0,0,0.0,0.0
CustomerId_2336,21000.0,5250.0,3685.56,1000.0,10000.0,4,0,0.0,2,2,5250.0,0.702011428437712,9.952325334619427,8.566173813637858,9.0,0,0.0,0.0
CustomerId_2338,52000.0,7428.57,3552.33,1000.0,10000.0,7,0,0.0,2,2,7428.571428571428,0.47819836112761965,10.859018228147887,8.913223262551202,11.0,0,0.0,0.0
CustomerId_2340,4510.0,751.67,521.55,10.0,1500.0,6,0,0.0,2,2,751.6666666666666,0.6938550152409235,8.414274137408396,6.623626884729654,14.833333333333334,13,0.0,0.0
CustomerId_2341,17500.0,3500.0,3704.05,1000.0,10000.0,5,0,0.0,2,2,3500.0,1.0582999996976286,9.770013301136158,8.160803920954665,13.2,0,0.0,0.8
CustomerId_2342,500.0,500.0,0.0,500.0,500.0,1,0,0.0,1,1,500.0,0.0,6.2166061010848646,6.2166061010848646,22.0,0,1.0,0.0
CustomerId_2343,133512.0,2086.12,4082.61,50.0,20000.0,64,0,0.0,5,2,2086.125,1.9570350689523928,11.801954130358638,7.643540404226316,12.953125,40,0.171875,0.296875
CustomerId_2344,86000.0,28666.67,44500.94,1000.0,80000.0,3,0,0.0,2,2,28666.666666666668,1.552358191532105,11.362114203075018,10.26352528595505,13.0,0,0.0,1.0
CustomerId_2345,41000.0,6833.33,3763.86,1000.0,10000.0,6,0,0.0,2,2,6833.333333333333,0.5508090490945396,10.62135173563291,8.829713719481315,12.0,0,0.0,0.0
CustomerId_2346,11750.0,5875.0,5833.63,1750.0,10000.0,2,0,0.0,2,1,5875.0,0.9929582977033262,9.371693622333941,8.678631537293768,17.0,7,0.0,0.5
CustomerId_2347,20000.0,20000.0,0.0,20000.0,20000.0,1,0,0.0,1,1,20000.0,0.0,9.90353755128617,9.90353755128617,17.0,0,0.0,0.0
CustomerId_2348,98480.0,2661.62,5289.65,25.0,20000.0,37,0,0.0,3,2,2661.6216216216217,1.9873798656504762,11.49761891515284,7.887065879424575,9.45945945945946,66,0.35135135135135137,0.16216216216216217
CustomerId_2349,1152764.5,2381.74,6833.38,10.0,46000.0,484,0,0.0,4,2,2381.744834710744,2.8690705102701934,13.95767439608569,7.776006364977536,12.518595041322314,49,0.028925619834710745,0.3243801652892562
CustomerId_2352,32000.0,5333.33,4033.2,1000.0,10000.0,6,0,0.0,2,2,5333.333333333333,0.756225472499128,10.373522431293592,8.581918570094851,8.0,0,0.0,0.0
CustomerId_2353,2686822.0,48851.31,35684.59,56.0,90000.0,55,5,0.09,4,2,48851.30909090909,0.7304735533042926,14.803870012707419,10.796556943968053,13.072727272727272,76,0.01818181818181818,0.4909090909090909
CustomerId_2356,5000.0,5000.0,0.0,5000.0,5000.0,1,0,0.0,1,1,5000.0,0.0,8.517393171418904,8.517393171418904,3.0,0,1.0,0.0
CustomerId_2357,2000.0,2000.0,0.0,2000.0,2000.0,1,0,0.0,1,1,2000.0,0.0,7.601402334583733,7.601402334583733,20.0,0,0.0,0.0
CustomerId_2359,100000.0,33333.33,49074.77,5000.0,90000.0,3,0,0.0,1,1,33333.333333333336,1.4722432471801572,11.51293546492023,10.414343075855122,9.0,15,0.0,0.0
CustomerId_2360,48740.0,1949.6,2824.72,10.0,10000.0,25,0,0.0,2,2,1949.6,1.4488715626544564,10.79427584399786,7.575892296537915,14.96,4,0.76,0.52
CustomerId_2361,1000.0,1000.0,0.0,1000.0,1000.0,1,0,0.0,1,1,1000.0,0.0,6.90875477931522,6.90875477931522,23.0,0,1.0,0.0
CustomerId_2362,3050.0,762.5,475.0,50.0,1000.0,4,0,0.0,2,2,762.5,0.6229508188551465,8.02322468471667,6.637913124658687,8.75,0,0.0,1.0
CustomerId_2363,232800.0,8622.22,5913.76,200.0,20000.0,27,0,0.0,2,2,8622.222222222223,0.68587440349633,12.35793929036284,9.062213843789342,9.481481481481481,77,0.0,0.0
CustomerId_2365,500.0,500.0,0.0,500.0,500.0,1,0,0.0,1,1,500.0,0.0,6.2166061010848646,6.2166061010848646,9.0,0,0.0,0.0
CustomerId_2366,540000.0,90000.0,0.0,90000.0,90000.0,6,0,0.0,2,1,90000.0,0.0,13.199326270390594,11.407576060361786,14.833333333333334,9,0.0,0.0
CustomerId_2368,62000.0,6888.89,3257.47,1000.0,10000.0,9,0,0.0,2,2,6888.888888888889,0.4728584720509605,11.034905792929415,8.837810398713351,10.88888888888889,6,0.0,0.0
CustomerId_2369,5700.0,1140.0,498.0,700.0,2000.0,5,0,0.0,2,2,1140.0,0.436842104879963,8.648396877031582,7.039660349862076,10.0,0,0.0,0.0
CustomerId_2371,61000.0,7625.0,3502.55,1000.0,10000.0,8,0,0.0,2,2,7625.0,0.4593508196118884,11.0186455364637,8.939318740417509,13.0,0,0.0,0.0
CustomerId_2372,5000.0,5000.0,0.0,5000.0,5000.0,1,0,0.0,1,1,5000.0,0.0,8.517393171418904,8.517393171418904,7.0,0,0.0,1.0
CustomerId_2373,165800.0,15072.73,17939.01,2500.0,50000.0,11,0,0.0,2,2,15072.727272727272,1.1901632948251468,12.01854355302823,9.62070877260707,13.272727272727273,47,0.0,0.09090909090909091
CustomerId_2374,3550.0,591.67,361.13,50.0,1000.0,6,0,0.0,3,2,591.6666666666666,0.6103571237170093,8.174984532943087,6.384637751686887,15.833333333333334,8,0.0,0.5
CustomerId_2375,22000.0,7333.33,4618.8,2000.0,10000.0,3,0,0.0,2,1,7333.333333333333,0.6298366498398631,9.99884318585288,8.900321343528448,14.666666666666666,7,0.0,0.0
CustomerId_2376,500.0,500.0,0.0,500.0,500.0,1,0,0.0,1,1,500.0,0.0,6.2166061010848646,6.2166061010848646,17.0,0,0.0,1.0
CustomerId_2381,8610.0,782.73,671.86,20.0,2000.0,11,0,0.0,2,2,782.7272727272727,0.858354731697578,9.060795734696166,6.664064573280224,8.727272727272727,3,0.2727272727272727,0.7272727272727273
CustomerId_2384,31750.0,3968.75,5335.06,50.0,15000.0,8,0,0.0,2,2,3968.75,1.3442670862754604,10.36567949988784,8.286458399406207,7.875,19,0.0,0.375
CustomerId_2386,2122.0,707.33,595.62,22.0,1100.0,3,0,0.0,2,2,707.3333333333334,0.8420680575656793,7.660585461703256,6.562910086796982,21.0,0,0.0,1.0
CustomerId_2388,95000.0,47500.0,60104.08,5000.0,90000.0,2,0,0.0,1,1,47500.0,1.26534905260494,11.461642696843066,10.768506042432708,13.0,1,0.0,0.0
CustomerId_2389,1000.0,1000.0,0.0,1000.0,1000.0,1,0,0.0,1,1,1000.0,0.0,6.90875477931522,6.90875477931522,19.0,0,0.0,1.0
CustomerId_2391,32000.0,6400.0,3781.53,1000.0,10000.0,5,0,0.0,2,2,6400.0,0.5908640624076775,10.373522431293592,8.764209507142004,16.0,0,0.0,0.0
CustomerId_2393,220800.0,10514.29,6913.34,1000.0,30000.0,21,0,0.0,3,2,10514.285714285714,0.6575184819272134,12.30501712236033,9.26058566740461,9.047619047619047,13,0.38095238095238093,0.0
CustomerId_2396,3250.0,1625.0,883.88,1000.0,2250.0,2,0,0.0,1,1,1625.0,0.54392615351143,8.086717920303906,7.3938782901077555,8.5,0,0.0,0.0
CustomerId_2397,500.0,500.0,0.0,500.0,500.0,1,0,0.0,1,1,500.0,0.0,6.2166061010848646,6.2166061010848646,17.0,0,0.0,0.0
CustomerId_2398,50000.0,50000.0,0.0,50000.0,50000.0,1,0,0.0,1,1,50000.0,0.0,10.819798284210286,10.819798284210286,5.0,0,1.0,1.0
CustomerId_2400,76000.0,9500.0,7596.99,1000.0,25000.0,8,0,0.0,3,2,9500.0,0.7996831578105597,11.23850177707664,9.15915233520675,16.0,0,0.0,0.0
CustomerId_2401,108650.0,7760.71,4984.75,1000.0,20000.0,14,0,0.0,3,2,7760.714285714285,0.6423059229577827,11.595896189507844,8.956957949726126,16.857142857142858,6,0.42857142857142855,0.0
CustomerId_2402,20380.0,1072.63,1058.49,20.0,4000.0,19,0,0.0,2,2,1072.6315789473683,0.9868174477808586,9.922358373286379,6.9788007091951165,13.421052631578947,41,0.15789473684210525,0.42105263157894735
CustomerId_2403,153000.0,7285.71,3261.79,500.0,11000.0,21,0,0.0,2,2,7285.714285714285,0.4476969299563533,11.938199736300925,8.893807419979778,10.0,25,0.14285714285714285,0.09523809523809523
CustomerId_2404,8020.0,1604.0,1945.27,20.0,5000.0,5,0,0.0,2,2,1604.0,1.2127618446304476,8.989818381366925,7.380879035564116,12.4,0,0.0,0.6
CustomerId_2405,2000.0,2000.0,0.0,2000.0,2000.0,1,0,0.0,1,1,2000.0,0.0,7.601402334583733,7.601402334583733,23.0,0,1.0,0.0
CustomerId_2406,21375.0,971.59,1375.82,25.0,5000.0,22,0,0.0,2,2,971.5909090909091,1.4160499784723493,9.970024076336372,6.879962616197725,15.227272727272727,29,0.0,0.36363636363636365
CustomerId_2407,5070.0,845.0,737.39,20.0,2000.0,6,0,0.0,2,2,845.0,0.8726508865412416,8.531293315795018,6.740519359606223,8.333333333333334,1,0.0,0.8333333333333334
CustomerId_2408,71000.0,10142.86,7425.82,1000.0,20000.0,7,0,0.0,2,2,10142.857142857143,0.7321228922875674,11.170449240431308,9.224623875319939,11.714285714285714,0,0.0,0.0
CustomerId_2409,1000.0,1000.0,0.0,1000.0,1000.0,1,0,0.0,1,1,1000.0,0.0,6.90875477931522,6.90875477931522,14.0,0,0.0,0.0
CustomerId_2414,330410.0,9717.94,5481.58,200.0,20010.0,34,0,0.0,2,2,9717.941176470587,0.5640681049107045,12.708092613052969,9.181831838009778,15.117647058823529,83,0.0,0.0
CustomerId_2415,5000.0,5000.0,0.0,5000.0,5000.0,1,0,0.0,1,1,5000.0,0.0,8.517393171418904,8.517393171418904,14.0,0,0.0,0.0
CustomerId_2416,131476.0,2306.6,8080.68,20.0,60000.0,57,0,0.0,4,2,2306.59649122807,3.5032862206263395,11.786587210359338,7.743963302382734,11.947368421052632,1,0.0,0.8947368421052632
CustomerId_2417,1197954.8,9660.93,15580.42,4.8,90000.0,124,0,0.0,3,2,9660.925806451613,1.6127246547058383,13.996127162152193,9.17594870021127,10.798387096774194,86,0.0,0.07258064516129033
CustomerId_2419,142000.0,10142.86,6087.28,1000.0,20000.0,14,0,0.0,2,2,10142.857142857143,0.6001541970804926,11.863589378812122,9.224623875319939,11.5,20,0.0,0.0
CustomerId_2420,7100.0,394.44,203.2,25.0,500.0,18,0,0.0,2,2,394.44444444444446,0.5151607328993998,8.867990898182093,5.979999068998704,8.222222222222221,3,0.4444444444444444,0.5555555555555556
CustomerId_2422,8401.0,646.23,602.1,25.0,2000.0,13,0,0.0,2,2,646.2307692307693,0.931711618260199,9.036225051729327,6.472701718192859,18.923076923076923,14,0.0,0.0
CustomerId_2423,34020.0,11340.0,18764.51,20.0,33000.0,3,0,0.0,3,2,11340.0,1.6547186947394426,10.434733259991683,9.33617975681533,11.666666666666666,23,0.0,0.0
CustomerId_2424,53880.0,1381.54,2064.35,10.0,6000.0,39,0,0.0,2,2,1381.5384615384614,1.4942383126842231,10.894533190114505,7.23167766607016,11.384615384615385,47,0.0,0.05128205128205128
CustomerId_2425,251200.0,7177.14,3223.73,200.0,10000.0,35,0,0.0,2,2,7177.142857142857,0.4491663809749891,12.434008694459976,8.878795575557474,13.17142857142857,83,0.0,0.0
CustomerId_2426,4425.0,737.5,828.59,20.0,2000.0,6,0,0.0,2,2,737.5,1.1235118628833738,8.395251520610994,6.604621101971435,7.5,20,0.0,0.0
CustomerId_2427,586200.0,8749.25,3154.91,500.0,20700.0,67,0,0.0,3,2,8749.253731343284,0.3605920507059928,13.281418013159897,9.076837550372076,7.3283582089552235,72,0.40298507462686567,0.029850746268656716
CustomerId_2428,1000.0,500.0,0.0,500.0,500.0,2,0,0.0,2,1,500.0,0.0,6.90875477931522,6.2166061010848646,11.0,0,0.0,1.0
CustomerId_2431,32000.0,6400.0,3781.53,1000.0,10000.0,5,0,0.0,2,2,6400.0,0.5908640624076775,10.373522431293592,8.764209507142004,7.0,0,0.0,0.0
CustomerId_2432,53000.0,26500.0,33234.02,3000.0,50000.0,2,0,0.0,1,1,26500.0,1.2541139622168258,10.87806606028079,10.184937747111391,7.5,0,0.0,0.0
CustomerId_2433,312000.0,10400.0,5684.83,1000.0,20000.0,30,0,0.0,2,2,10400.0,0.5466182691782098,12.650761671914688,9.249657234353133,10.366666666666667,49,0.26666666666666666,0.0
CustomerId_2434,20100.0,3350.0,6703.28,50.0,17000.0,6,0,0.0,2,2,3350.0,2.000979103880305,9.908524844053396,8.11701408773731,9.333333333333334,0,0.0,0.0
CustomerId_2435,92000.0,7666.67,4830.46,1000.0,20000.0,12,0,0.0,2,2,7666.666666666667,0.630059725978807,11.429554725537322,8.94476806724572,14.75,17,0.0,0.16666666666666666
CustomerId_2436,2500.0,2500.0,0.0,2500.0,2500.0,1,0,0.0,1,1,2500.0,0.0,7.824445930877619,7.824445930877619,22.0,0,1.0,0.0
CustomerId_2437,123400.0,6855.56,3774.56,200.0,11700.0,18,0,0.0,2,2,6855.555555555556,0.5505837596708971,11.723194494148304,8.83296113722201,9.333333333333334,21,0.2777777777777778,0.0
CustomerId_2438,71000.0,7888.89,3370.62,1000.0,10000.0,9,0,0.0,2,2,7888.888888888889,0.42726162990899075,11.170449240431308,8.973337472044381,13.777777777777779,0,0.0,0.0
CustomerId_2440,45050.0,5005.56,5309.22,50.0,15000.0,9,0,0.0,3,2,5005.555555555556,1.060664540818477,10.71555046034839,8.518504331496299,13.88888888888889,69,0.0,0.2222222222222222
CustomerId_2441,30265.0,976.29,1939.44,10.0,9000.0,31,0,0.0,2,2,976.2903225806451,1.9865408823335886,10.317780249246972,6.884783435019852,9.258064516129032,57,0.1935483870967742,0.12903225806451613
CustomerId_2443,3050.0,762.5,475.0,50.0,1000.0,4,0,0.0,2,2,762.5,0.6229508188551465,8.02322468471667,6.637913124658687,7.75,1,0.0,0.0
CustomerId_2444,1000.0,1000.0,0.0,1000.0,1000.0,1,0,0.0,1,1,1000.0,0.0,6.90875477931522,6.90875477931522,13.0,0,0.0,0.0
CustomerId_2445,1658182.0,30148.76,41708.8,25.0,90000.0,55,2,0.04,2,2,30148.763636363637,1.3834333484566719,14.321232982531134,10.313932241924643,13.727272727272727,34,0.03636363636363636,0.6545454545454545
CustomerId_2446,213577.0,3444.79,5471.83,20.0,16000.0,62,0,0.0,3,2,3444.7903225806454,1.5884364499466046,12.271757384509018,8.144908475010398,11.983870967741936,12,0.016129032258064516,0.22580645161290322
CustomerId_2447,13400.0,1488.89,1717.38,50.0,5000.0,9,0,0.0,2,2,1488.888888888889,1.1534633175362428,9.503084610020228,7.306457570710912,15.555555555555555,2,0.0,0.1111111111111111
CustomerId_2451,1000.0,1000.0,0.0,1000.0,1000.0,1,0,0.0,1,1,1000.0,0.0,6.90875477931522,6.90875477931522,19.0,0,0.0,0.0
CustomerId_2454,12280.0,818.67,712.2,50.0,3000.0,15,0,0.0,4,2,818.6666666666666,0.869947596870598,9.415808631610384,6.708901820233592,12.6,10,0.0,0.7333333333333333
CustomerId_2455,51000.0,25500.0,34648.23,1000.0,50000.0,2,0,0.0,2,1,25500.0,1.3587541175937745,10.839600519357369,10.146472946063877,14.0,0,0.0,0.0
CustomerId_2456,12000.0,12000.0,0.0,12000.0,12000.0,1,0,0.0,1,1,12000.0,0.0,9.392745258631441,9.392745258631441,18.0,0,0.0,0.0
CustomerId_2457,55983.0,2544.68,2264.31,8.0,5000.0,22,0,0.0,2,2,2544.681818181818,0.8898211166473502,10.93282121460747,7.842153083865324,14.818181818181818,44,0.0,0.0
CustomerId_2458,500.0,500.0,0.0,500.0,500.0,1,0,0.0,1,1,500.0,0.0,6.2166061010848646,6.2166061010848646,14.0,0,0.0,0.0
CustomerId_2459,863349.0,2163.78,5376.87,10.0,50000.0,399,0,0.0,3,2,2163.781954887218,2.4849430152395606,13.668575449840576,7.6800740186450955,11.80451127819549,66,0.05764411027568922,0.2606516290726817
CustomerId_2461,5550.0,792.86,376.86,50.0,1000.0,7,0,0.0,2,2,792.8571428571429,0.4753172054646253,8.621733370690162,6.6769071232823745,17.285714285714285,2,0.14285714285714285,0.2857142857142857
CustomerId_2462,32000.0,6400.0,3781.53,1000.0,10000.0,5,0,0.0,2,2,6400.0,0.5908640624076775,10.373522431293592,8.764209507142004,7.0,0,0.0,0.0
CustomerId_2463,7300.0,1042.86,1112.22,50.0,3000.0,7,0,0.0,2,2,1042.857142857143,1.0665094058008655,8.895766604056085,6.950680659833568,13.571428571428571,3,0.0,0.14285714285714285
CustomerId_2465,1000.0,1000.0,0.0,1000.0,1000.0,1,0,0.0,1,1,1000.0,0.0,6.90875477931522,6.90875477931522,7.0,0,0.0,1.0
CustomerId_2468,1800.0,900.0,141.42,800.0,1000.0,2,0,0.0,1,1,900.0,0.15713333315874073,7.496097345175956,6.803505257608338,23.0,0,1.0,0.0
CustomerId_2469,182000.0,6500.0,3474.78,500.0,11000.0,28,0,0.0,2,2,6500.0,0.5345815383792951,12.111767460549332,8.77971129020447,9.285714285714286,41,0.0,0.0
CustomerId_2470,20500.0,10250.0,13788.58,500.0,20000.0,2,0,0.0,1,1,10250.0,1.345227316941929,9.928228944424575,9.235130540783402,11.5,0,0.0,0.0
CustomerId_2471,1500.0,750.0,353.55,500.0,1000.0,2,0,0.0,2,1,750.0,0.4713999993714667,7.313886831633462,6.621405651764134,2.0,0,1.0,0.0
CustomerId_2474,62000.0,5636.36,3748.94,1000.0,10000.0,11,0,0.0,2,2,5636.363636363636,0.6651349451303439,11.034905792929415,8.63717114979969,10.909090909090908,13,0.0,0.0
CustomerId_2477,665157.5,2145.67,5308.43,10.0,47000.0,310,0,0.0,5,3,2145.6693548387098,2.4740197688954875,13.407780637102789,7.671673083224115,10.303225806451612,49,0.18387096774193548,0.3032258064516129
CustomerId_2480,10000.0,10000.0,0.0,10000.0,10000.0,1,0,0.0,1,1,10000.0,0.0,9.210440366976517,9.210440366976517,11.0,0,0.0,0.0
CustomerId_2481,32000.0,5333.33,4033.2,1000.0,10000.0,6,0,0.0,2,2,5333.333333333333,0.756225472499128,10.373522431293592,8.581918570094851,15.0,0,0.0,0.0
CustomerId_2482,8235.0,823.5,305.45,35.0,1000.0,10,0,0.0,2,3,823.5,0.37091681800738696,9.01627006814768,6.714777141999654,10.9,35,0.3,0.6
CustomerId_2485,5000.0,5000.0,0.0,5000.0,5000.0,1,0,0.0,1,1,5000.0,0.0,8.517393171418904,8.517393171418904,9.0,0,0.0,1.0
CustomerId_2488,80000.0,40000.0,0.0,40000.0,40000.0,2,0,0.0,1,1,40000.0,0.0,11.289794413577894,10.596659732783579,18.5,0,0.0,0.0
CustomerId_2489,10000.0,10000.0,0.0,10000.0,10000.0,1,0,0.0,1,1,10000.0,0.0,9.210440366976517,9.210440366976517,14.0,0,0.0,1.0
CustomerId_2490,5000.0,5000.0,0.0,5000.0,5000.0,1,0,0.0,1,1,5000.0,0.0,8.517393171418904,8.517393171418904,7.0,0,0.0,1.0
CustomerId_2491,442462.0,5205.44,3937.05,6.0,11000.0,85,0,0.0,3,2,5205.435294117647,0.7563337583842416,13.000112124114915,8.55765159984708,11.929411764705883,85,0.12941176470588237,0.16470588235294117
CustomerId_2492,41000.0,6833.33,3763.86,1000.0,10000.0,6,0,0.0,2,2,6833.333333333333,0.5508090490945396,10.62135173563291,8.829713719481315,11.0,0,0.0,0.0
CustomerId_2493,1000.0,1000.0,0.0,1000.0,1000.0,1,0,0.0,1,1,1000.0,0.0,6.90875477931522,6.90875477931522,14.0,0,0.0,0.0
CustomerId_2494,6100.0,2033.33,2608.32,100.0,5000.0,3,0,0.0,2,2,2033.3333333333333,1.2827824301599926,8.716207971151853,7.617921805336619,6.0,0,0.0,1.0
CustomerId_2495,5050.0,841.67,387.84,50.0,1000.0,6,0,0.0,2,2,841.6666666666666,0.46079817450925165,8.527341522468053,6.736575422287017,20.166666666666668,11,0.8333333333333334,0.0
CustomerId_2496,30000.0,15000.0,0.0,15000.0,15000.0,2,0,0.0,2,1,15000.0,0.0,10.308985993422082,9.61587214452889,13.0,0,0.0,0.0
CustomerId_2497,90500.0,45250.0,63286.06,500.0,90000.0,2,0,0.0,2,1,45250.0,1.3985869612950588,11.413116179350727,10.719980048331397,9.0,0,0.0,0.0
CustomerId_2498,19150.0,3191.67,2186.42,150.0,5000.0,6,0,0.0,2,2,3191.6666666666665,0.6850394932167049,9.860110212566559,8.068612836293202,18.0,0,0.0,0.0
CustomerId_2501,151000.0,18875.0,25776.17,1000.0,80000.0,8,0,0.0,2,2,18875.0,1.3656249005899006,11.92504173829169,9.845646552846278,12.0,20,0.0,0.0
CustomerId_2503,1500.0,1500.0,0.0,1500.0,1500.0,1,0,0.0,1,1,1500.0,0.0,7.313886831633462,7.313886831633462,21.0,0,0.0,1.0
CustomerId_2504,32000.0,5333.33,4033.2,1000.0,10000.0,6,0,0.0,2,2,5333.333333333333,0.756225472499128,10.373522431293592,8.581918570094851,8.833333333333334,0,0.0,0.0
CustomerId_2505,8000.0,2000.0,1154.7,1000.0,3000.0,4,0,0.0,3,2,2000.0,0.577349999711325,8.987321812850125,7.601402334583733,15.75,10,0.0,0.0
CustomerId_2506,62000.0,6888.89,3444.0,1000.0,11000.0,9,0,0.0,2,2,6888.888888888889,0.499935403163654,11.034905792929415,8.837810398713351,15.333333333333334,35,0.0,0.0
CustomerId_2508,92000.0,6571.43,3344.67,1000.0,10000.0,14,0,0.0,2,2,6571.428571428572,0.5089714110157193,11.429554725537322,8.79063890610989,10.071428571428571,13,0.0,0.0
CustomerId_2512,1000.0,1000.0,0.0,1000.0,1000.0,1,0,0.0,1,1,1000.0,0.0,6.90875477931522,6.90875477931522,15.0,0,0.0,1.0
CustomerId_2513,41000.0,6833.33,3763.86,1000.0,10000.0,6,0,0.0,2,2,6833.333333333333,0.5508090490945396,10.62135173563291,8.829713719481315,17.0,0,0.0,0.0
CustomerId_2514,11050.0,690.62,625.53,10.0,2000.0,16,0,0.0,2,2,690.625,0.9057513525444508,9.310276200588783,6.539036671840976,12.25,27,0.25,0.4375
CustomerId_2515,15730.0,1310.83,3072.54,25.0,11000.0,12,0,0.0,2,2,1310.8333333333333,2.3439652721222695,9.663388566822505,7.1791783879379745,11.5,44,0.0,0.5
CustomerId_2519,37285.0,1242.83,1180.31,20.0,5000.0,30,0,0.0,2,2,1242.8333333333333,0.9496954523549516,10.526373200055406,7.125950608012297,12.966666666666667,55,0.13333333333333333,0.26666666666666666
CustomerId_2520,27050.0,1932.14,1886.22,25.0,5250.0,14,0,0.0,2,2,1932.142857142857,0.9762336057551555,10.205479252168017,7.566900902866068,18.928571428571427,55,0.0,0.0
CustomerId_2522,1000.0,1000.0,0.0,1000.0,1000.0,1,0,0.0,1,1,1000.0,0.0,6.90875477931522,6.90875477931522,10.0,0,0.0,0.0
CustomerId_2523,5020.0,1004.0,700.06,20.0,2000.0,5,0,0.0,2,2,1004.0,0.6972709156401684,8.521384396034705,6.912742820493176,21.0,0,0.0,0.0
CustomerId_2525,20000.0,20000.0,0.0,20000.0,20000.0,1,0,0.0,1,1,20000.0,0.0,9.90353755128617,9.90353755128617,15.0,0,0.0,1.0
CustomerId_2526,1000.0,1000.0,0.0,1000.0,1000.0,1,0,0.0,1,1,1000.0,0.0,6.90875477931522,6.90875477931522,2.0,0,1.0,0.0
CustomerId_2527,4020.0,804.0,438.27,20.0,1000.0,5,0,0.0,2,2,804.0,0.5451119396205075,8.299285906897275,6.690842277418564,10.0,21,0.0,0.6
CustomerId_2528,1325261.7,2172.56,7888.47,10.0,90000.0,610,1,0.0,5,2,2172.5601639344263,3.6309561054097674,14.097121261901664,7.6841216552928255,12.668852459016394,56,0.09344262295081968,0.11967213114754098
CustomerId_2529,199000.0,3158.73,3473.2,500.0,10000.0,63,0,0.0,3,2,3158.7301587301586,1.0995558338004336,12.201065128819632,8.058241859892519,15.65079365079365,55,0.047619047619047616,0.31746031746031744
CustomerId_2530,36000.0,3000.0,2984.81,500.0,10000.0,12,0,0.0,2,2,3000.0,0.9949366663350211,10.491301994830229,8.006700845440367,17.166666666666668,0,0.0,0.0
CustomerId_2531,217794.25,1637.55,2647.77,20.0,14000.0,133,0,0.0,4,3,1637.5507518796992,1.616909406358945,12.291310680244095,7.401566983388868,14.172932330827068,87,0.045112781954887216,0.39097744360902253
CustomerId_2532,10000.0,10000.0,0.0,10000.0,10000.0,1,0,0.0,1,1,10000.0,0.0,9.210440366976517,9.210440366976517,14.0,0,0.0,0.0
CustomerId_2534,1000.0,1000.0,0.0,1000.0,1000.0,1,0,0.0,1,1,1000.0,0.0,6.90875477931522,6.90875477931522,6.0,0,0.0,1.0
CustomerId_2535,206100.0,14721.43,25305.86,500.0,90000.0,14,0,0.0,2,2,14721.42857142857,1.7189811043003986,12.236121618880365,9.597127460180152,8.571428571428571,16,0.42857142857142855,0.42857142857142855
CustomerId_2536,500.0,500.0,0.0,500.0,500.0,1,0,0.0,1,1,500.0,0.0,6.2166061010848646,6.2166061010848646,6.0,0,0.0,1.0
CustomerId_2537,106474.0,7098.27,5492.41,224.0,16000.0,15,0,0.0,4,2,7098.266666666666,0.773767410823515,11.575665494791414,8.867747240841979,11.133333333333333,78,0.0,0.2
CustomerId_2538,21000.0,5250.0,3685.56,1000.0,10000.0,4,0,0.0,2,2,5250.0,0.702011428437712,9.952325334619427,8.566173813637858,9.0,0,0.0,0.0
CustomerId_2539,52000.0,6500.0,4035.56,1000.0,10000.0,8,0,0.0,2,2,6500.0,0.6208553845198683,10.859018228147887,8.77971129020447,11.0,0,0.0,0.0
CustomerId_2541,1000.0,1000.0,0.0,1000.0,1000.0,1,0,0.0,1,1,1000.0,0.0,6.90875477931522,6.90875477931522,15.0,0,0.0,0.0
CustomerId_2543,21000.0,5250.0,3685.56,1000.0,10000.0,4,0,0.0,2,2,5250.0,0.702011428437712,9.952325334619427,8.566173813637858,9.0,0,0.0,0.0
CustomerId_2544,188035.0,1352.77,1325.79,25.0,9000.0,139,0,0.0,2,2,1352.769784172662,0.9800557367623056,12.14438871284204,7.210648571982616,10.62589928057554,62,0.15827338129496402,0.12949640287769784
CustomerId_2545,8200.0,911.11,753.65,50.0,2000.0,9,0,0.0,2,2,911.1111111111111,0.8271778371138744,9.012011377036412,6.815760596836132,11.444444444444445,15,0.0,0.3333333333333333
CustomerId_2546,160660.0,1473.94,2495.08,10.0,10000.0,109,0,0.0,4,2,1473.9449541284403,1.6927961778004557,11.987051834033092,7.2963725899804475,13.110091743119266,25,0.10091743119266056,0.11009174311926606
CustomerId_2548,51851.0,1525.03,2345.21,7.5,10008.0,34,0,0.0,2,2,1525.0294117647059,1.537812369895797,10.856148785719933,7.3304248708910045,13.588235294117647,28,0.17647058823529413,0.3235294117647059
CustomerId_2549,37000.0,5285.71,3683.94,1000.0,10000.0,7,0,0.0,2,2,5285.714285714285,0.6969621865942395,10.518700218288165,8.572951403208448,13.0,0,0.0,0.0
CustomerId_2550,72000.0,6000.0,3783.94,1000.0,10000.0,12,0,0.0,2,2,6000.0,0.6306566665615572,11.184435286790631,8.699681400989514,9.916666666666666,27,0.0,0.0
CustomerId_2552,11496.0,1642.29,628.0,496.0,2000.0,7,0,0.0,3,2,1642.2857142857142,0.3823928780042545,9.34984141075374,7.404455608852596,6.857142857142857,1,0.2857142857142857,0.0
CustomerId_2554,108550.0,21710.0,28176.37,50.0,55000.0,5,0,0.0,2,2,21710.0,1.2978521418103246,11.594975387608546,9.985574323534237,9.0,6,0.4,0.0
CustomerId_2555,42500.0,14166.67,23239.69,500.0,41000.0,3,0,0.0,3,1,14166.666666666666,1.6404483197787165,10.657282884047461,9.558717887265942,13.0,2,0.0,0.0
CustomerId_2556,50000.0,50000.0,0.0,50000.0,50000.0,1,0,0.0,1,1,50000.0,0.0,10.819798284210286,10.819798284210286,7.0,0,0.0,1.0
CustomerId_2557,1500.0,750.0,353.55,500.0,1000.0,2,0,0.0,2,1,750.0,0.4713999993714667,7.313886831633462,6.621405651764134,14.0,0,0.0,0.0
CustomerId_2558,500.0,500.0,0.0,500.0,500.0,1,0,0.0,1,1,500.0,0.0,6.2166061010848646,6.2166061010848646,4.0,0,1.0,1.0
CustomerId_2559,1000.0,1000.0,0.0,1000.0,1000.0,1,0,0.0,1,1,1000.0,0.0,6.90875477931522,6.90875477931522,16.0,0,0.0,0.0
CustomerId_2560,32000.0,6400.0,3781.53,1000.0,10000.0,5,0,0.0,2,2,6400.0,0.5908640624076775,10.373522431293592,8.764209507142004,11.0,0,0.0,0.0
CustomerId_2561,40000.0,40000.0,0.0,40000.0,40000.0,1,0,0.0,1,1,40000.0,0.0,10.596659732783579,10.596659732783579,14.0,0,0.0,0.0
CustomerId_2562,192950.0,9188.1,22615.66,18.0,90000.0,21,0,0.0,3,2,9188.095238095239,2.4614076901142337,12.170191549642151,9.125773278018665,13.714285714285714,0,0.14285714285714285,0.0
CustomerId_2564,246000.0,7028.57,2915.33,1000.0,10000.0,35,0,0.0,2,2,7028.571428571428,0.41478280782367066,12.413090879946887,8.85788081650438,12.657142857142857,62,0.0,0.0
CustomerId_2565,4050.0,1012.5,796.22,50.0,2000.0,4,0,0.0,2,2,1012.5,0.7863901226801085,8.30671904320269,6.921164965892054,9.25,1,0.0,0.0
CustomerId_2569,7905.0,790.5,656.18,25.0,2000.0,10,0,0.0,3,2,790.5,0.8300822253888902,8.97537724385663,6.673929879321067,14.0,0,0.0,0.4
CustomerId_2570,500.0,500.0,0.0,500.0,500.0,1,0,0.0,1,1,500.0,0.0,6.2166061010848646,6.2166061010848646,15.0,0,0.0,0.0
CustomerId_2571,14310.0,1192.5,1386.95,20.0,5000.0,12,0,0.0,2,2,1192.5,1.1630607956703891,9.568783751310876,7.084645445778885,19.0,3,0.0,0.25
CustomerId_2572,20000.0,10000.0,0.0,10000.0,10000.0,2,0,0.0,1,1,10000.0,0.0,9.90353755128617,9.210440366976517,14.0,0,0.0,0.0
CustomerId_2574,125481.5,2163.47,6074.5,8.0,45700.0,58,0,0.0,4,2,2163.4741379310344,2.807757906137937,11.739921585599928,7.679930806772124,11.03448275862069,21,0.10344827586206896,0.08620689655172414
CustomerId_2576,5000.0,5000.0,0.0,5000.0,5000.0,1,0,0.0,1,1,5000.0,0.0,8.517393171418904,8.517393171418904,20.0,0,0.0,0.0
CustomerId_2577,130000.0,18571.43,16681.9,5000.0,50000.0,7,0,0.0,2,1,18571.428571428572,0.8982560847011644,11.775297421715827,9.829433502005532,10.285714285714286,0,0.2857142857142857,0.0
CustomerId_2579,1000.0,1000.0,0.0,1000.0,1000.0,1,0,0.0,1,1,1000.0,0.0,6.90875477931522,6.90875477931522,15.0,0,0.0,0.0
CustomerId_2580,26997.54,2999.73,3303.99,1.54,10000.0,9,0,0.0,4,3,2999.726666666667,1.1014291282543998,10.203538069450337,8.006610871382826,12.0,4,0.0,0.1111111111111111
CustomerId_2582,60000.0,10000.0,5477.23,5000.0,20000.0,6,0,0.0,2,2,10000.0,0.5477229999452277,11.002116507732017,9.210440366976517,12.0,0,0.0,0.0
CustomerId_2584,92632.0,23158.0,44566.02,32.0,90000.0,4,0,0.0,3,2,23158.0,1.9244330252213302,11.436400728639315,10.050138752861821,13.5,41,0.0,0.0
CustomerId_2587,31000.0,15500.0,13435.03,6000.0,25000.0,2,0,0.0,1,1,15500.0,0.866776128976337,10.34177474101152,9.648659816955295,8.5,2,0.0,0.5
CustomerId_2588,442597.0,2529.13,5327.95,10.0,30000.0,175,0,0.0,5,2,2529.1257142857144,2.10663350555067,13.000417187836053,7.836025963800694,12.96,18,0.05142857142857143,0.7485714285714286
CustomerId_2589,133400.0,7847.06,5816.91,200.0,20000.0,17,0,0.0,2,2,7847.058823529412,0.7412852710771568,11.801114908687438,8.968021646475913,5.117647058823529,14,0.8823529411764706,0.0
CustomerId_2591,10000.0,10000.0,0.0,10000.0,10000.0,1,0,0.0,1,1,10000.0,0.0,9.210440366976517,9.210440366976517,8.0,0,0.0,0.0
CustomerId_2592,60000.0,10000.0,5477.23,5000.0,20000.0,6,0,0.0,2,2,10000.0,0.5477229999452277,11.002116507732017,9.210440366976517,7.0,0,0.0,0.0
CustomerId_2594,160000.0,53333.33,31754.26,35000.0,90000.0,3,0,0.0,1,1,53333.333333333336,0.5953924122008621,11.982935344196433,10.884335492873245,8.0,0,0.0,0.0
CustomerId_2595,156181.0,1976.97,4223.85,20.0,19000.0,79,0,0.0,3,2,1976.9746835443038,2.136527108587117,11.958777272871643,7.589826345232453,11.632911392405063,36,0.0379746835443038,0.189873417721519
CustomerId_2596,2425.0,606.25,443.65,25.0,1000.0,4,0,0.0,3,2,606.25,0.7317938132259071,7.793999089503996,6.408940567882282,19.0,0,0.0,0.0
CustomerId_2597,5200.0,1733.33,2003.33,200.0,4000.0,3,0,0.0,2,2,1733.3333333333333,1.1557695296592283,8.556606193773073,7.458376450652252,16.0,0,0.0,0.0
CustomerId_2598,23330.0,1372.35,2338.72,30.0,10000.0,17,0,0.0,3,2,1372.3529411764705,1.704171675079847,10.057538227363054,7.225008289524153,9.941176470588236,0,0.0,0.0
CustomerId_2599,42000.0,7000.0,3949.68,1000.0,11000.0,6,0,0.0,2,2,7000.0,0.5642399999193942,10.645448706505872,8.853808274977197,19.0,0,0.0,0.0
CustomerId_2600,1000.0,1000.0,0.0,1000.0,1000.0,1,0,0.0,1,1,1000.0,0.0,6.90875477931522,6.90875477931522,10.0,0,0.0,1.0
CustomerId_2601,24170.0,2014.17,2041.11,50.0,5000.0,12,0,0.0,3,2,2014.1666666666667,1.0133752359466304,10.092908846445306,7.608458838067725,14.833333333333334,56,0.16666666666666666,0.08333333333333333
CustomerId_2602,8700.0,669.23,573.11,25.0,2000.0,13,0,0.0,3,2,669.2307692307693,0.856372247424096,9.071193240566025,6.507620937058774,17.0,5,0.0,0.0
CustomerId_2603,121400.0,8671.43,5961.86,200.0,20000.0,14,0,0.0,2,2,8671.42857142857,0.6875290464562904,11.7068543948059,9.067904307320987,12.928571428571429,77,0.0,0.0
CustomerId_2604,280326.0,3840.08,7498.37,25.0,33500.0,73,0,0.0,2,2,3840.082191780822,1.9526598399114967,12.543712057879569,8.253508856038405,16.328767123287673,7,0.0136986301369863,0.1780821917808219
CustomerId_2605,82000.0,7454.55,3173.76,1000.0,10000.0,11,0,0.0,2,2,7454.545454545455,0.4257480330233551,11.314486721293981,8.916714000466794,14.090909090909092,35,0.0,0.0
CustomerId_2607,151200.0,988.24,1398.12,6.0,8000.0,153,0,0.0,2,2,988.2352941176471,1.414757547341984,11.926365356462313,6.896936971546258,12.176470588235293,24,0.0457516339869281,0.3202614379084967
CustomerId_2609,133170.0,2560.96,9046.11,20.0,60000.0,52,0,0.0,4,2,2560.9615384615386,3.5323121003325664,11.799389295666765,7.8485278695323,10.326923076923077,20,0.23076923076923078,0.19230769230769232
CustomerId_2610,2050.0,683.33,548.48,50.0,1000.0,3,0,0.0,2,2,683.3333333333334,0.8026575727647585,7.62608275807238,6.528440257418357,19.0,0,0.0,0.0
CustomerId_2612,738764.55,1388.66,4002.24,2.55,35000.0,532,0,0.0,4,2,1388.6551691729323,2.8820877659887314,13.512735896550291,7.236814391887676,10.528195488721805,53,0.05263157894736842,0.3684210526315789
CustomerId_2613,500.0,500.0,0.0,500.0,500.0,1,0,0.0,1,1,500.0,0.0,6.2166061010848646,6.2166061010848646,8.0,0,0.0,0.0
CustomerId_2614,52000.0,7428.57,3552.33,1000.0,10000.0,7,0,0.0,2,2,7428.571428571428,0.47819836112761965,10.859018228147887,8.913223262551202,11.285714285714286,6,0.0,0.0
CustomerId_2615,31570.0,2428.46,3410.6,20.0,10000.0,13,0,0.0,2,2,2428.4615384615386,1.404429143817716,10.359994256691806,7.7954242894173555,8.0,7,0.6153846153846154,0.23076923076923078
CustomerId_2616,4120.0,824.0,808.63,20.0,2000.0,5,0,0.0,2,2,824.0,0.9813470861876856,8.323851131338817,6.715383386334681,16.8,2,0.0,0.4
CustomerId_2617,82000.0,8200.0,4211.1,1000.0,16000.0,10,0,0.0,2,2,8200.0,0.513548780425177,11.314486721293981,9.012011377036412,11.7,7,0.0,0.0
CustomerId_2618,41000.0,6833.33,3763.86,1000.0,10000.0,6,0,0.0,2,2,6833.333333333333,0.5508090490945396,10.62135173563291,8.829713719481315,19.0,0,0.0,0.0
CustomerId_2619,500.0,500.0,0.0,500.0,500.0,1,0,0.0,1,1,500.0,0.0,6.2166061010848646,6.2166061010848646,10.0,0,0.0,0.0
CustomerId_2621,2000.0,2000.0,0.0,2000.0,2000.0,1,0,0.0,1,1,2000.0,0.0,7.601402334583733,7.601402334583733,19.0,0,0.0,0.0
CustomerId_2623,52052.0,3470.13,4476.94,28.0,15000.0,15,0,0.0,3,2,3470.133333333333,1.2901361040392907,10.860017709269782,8.152235468343953,8.6,1,0.0,0.9333333333333333
CustomerId_2625,1000.0,1000.0,0.0,1000.0,1000.0,1,0,0.0,1,1,1000.0,0.0,6.90875477931522,6.90875477931522,20.0,0,0.0,0.0
CustomerId_2626,2000.0,2000.0,0.0,2000.0,2000.0,1,0,0.0,1,1,2000.0,0.0,7.601402334583733,7.601402334583733,6.0,0,0.0,0.0
CustomerId_2627,32000.0,6400.0,3781.53,1000.0,10000.0,5,0,0.0,2,2,6400.0,0.5908640624076775,10.373522431293592,8.764209507142004,18.0,0,0.0,0.0
CustomerId_2628,10000.0,10000.0,0.0,10000.0,10000.0,1,0,0.0,1,1,10000.0,0.0,9.210440366976517,9.210440366976517,20.0,0,0.0,0.0
CustomerId_2630,171000.0,34200.0,41841.37,1000.0,80000.0,5,0,0.0,3,2,34200.0,1.2234318713092565,12.049424683420915,10.440010162389305,9.2,1,0.0,0.8
CustomerId_2631,1000.0,1000.0,0.0,1000.0,1000.0,1,0,0.0,1,1,1000.0,0.0,6.90875477931522,6.90875477931522,21.0,0,0.0,0.0
CustomerId_2632,33435.0,1114.5,1960.21,39.25,10000.0,30,0,0.0,2,2,1114.5,1.758824583437573,10.417388442819046,7.017058013872587,13.3,3,0.1,0.3333333333333333
CustomerId_2633,21380.0,2672.5,3746.92,20.0,10000.0,8,0,0.0,2,2,2672.5,1.4020280630862385,9.97025795616998,7.891143754388787,9.0,6,0.0,0.0
CustomerId_2634,14500.0,3625.0,4269.56,1000.0,10000.0,4,0,0.0,3,2,3625.0,1.177809654847501,9.581972891547895,8.195885391314796,15.5,18,0.0,0.0
CustomerId_2635,50.0,50.0,0.0,50.0,50.0,1,0,0.0,1,1,50.0,0.0,3.9318256327243257,3.9318256327243257,7.0,0,0.0,0.0
CustomerId_2636,82000.0,82000.0,0.0,82000.0,82000.0,1,0,0.0,1,1,82000.0,0.0,11.314486721293981,11.314486721293981,11.0,0,0.0,0.0
CustomerId_2637,61000.0,8714.29,6047.43,1000.0,20000.0,7,0,0.0,2,2,8714.285714285714,0.6939670356742813,11.0186455364637,9.072834233361476,5.0,0,1.0,0.0
CustomerId_2638,32000.0,6400.0,3781.53,1000.0,10000.0,5,0,0.0,2,2,6400.0,0.5908640624076775,10.373522431293592,8.764209507142004,10.0,0,0.0,0.0
CustomerId_2639,8105.0,1350.83,1229.47,30.0,3000.0,6,0,0.0,2,2,1350.8333333333333,0.9101589386450116,9.000359807188254,7.209214509052047,15.333333333333334,2,0.0,0.8333333333333334
CustomerId_2641,58369.8,6485.53,8158.59,25.8,18000.0,9,0,0.0,3,2,6485.533333333334,1.2579681226888213,10.974571043774636,8.777482997990736,9.222222222222221,4,0.0,0.2222222222222222
CustomerId_2642,12209.5,581.4,674.12,2.5,1800.0,21,0,0.0,3,2,581.4047619047619,1.159477122188722,9.41005151630727,6.367157496882476,15.19047619047619,66,0.0,0.2857142857142857
CustomerId_2643,703653.15,4659.95,4750.35,10.0,20000.0,151,0,0.0,4,2,4659.95463576159,1.0193993495596736,13.46404225022584,8.446974569003467,11.821192052980132,84,0.13245033112582782,0.2251655629139073
CustomerId_2644,4040.0,404.0,310.63,10.0,1000.0,10,0,0.0,2,2,404.0,0.7688861367106778,8.304247465078474,6.003887067106539,11.4,87,0.0,0.3
CustomerId_2645,1575.0,787.5,1007.63,75.0,1500.0,2,0,0.0,2,2,787.5,1.2795301571053586,7.362645270417825,6.670132406403093,16.0,0,0.0,0.0
CustomerId_2647,51226.0,898.7,947.76,16.0,5000.0,57,0,0.0,2,2,898.7017543859649,1.054589962106832,10.844022015780748,6.802061374423073,16.526315789473685,58,0.17543859649122806,0.21052631578947367
CustomerId_2648,1510.0,503.33,495.01,10.0,1000.0,3,0,0.0,2,2,503.3333333333333,0.9834700872519618,7.32052696227274,6.223230815713077,5.0,0,1.0,0.0
CustomerId_2649,1493998.0,4161.55,5605.91,20.0,50000.0,359,0,0.0,4,2,4161.554317548746,1.3470726048354402,14.216966975330633,8.333883146228567,12.506963788300835,89,0.1392757660167131,0.1309192200557103
CustomerId_2651,70325.0,1598.3,4268.89,10.0,25000.0,44,0,0.0,3,2,1598.2954545454545,2.670894073283555,11.160896852951236,7.377321312496825,12.113636363636363,22,0.09090909090909091,0.22727272727272727
CustomerId_2652,2000.0,1000.0,0.0,1000.0,1000.0,2,0,0.0,1,1,1000.0,0.0,7.601402334583733,6.90875477931522,11.0,0,0.0,0.0
CustomerId_2653,52000.0,8666.67,6501.28,1000.0,20000.0,6,0,0.0,2,2,8666.666666666666,0.7501474037029046,10.859018228147887,9.067355290865539,7.833333333333333,5,0.0,0.0
CustomerId_2654,8190.0,744.55,648.69,25.0,2000.0,11,0,0.0,2,2,744.5454545454545,0.8712510900930078,9.010791269515602,6.614122201036916,20.545454545454547,11,0.0,0.0
CustomerId_2655,1000.0,1000.0,0.0,1000.0,1000.0,1,0,0.0,1,1,1000.0,0.0,6.90875477931522,6.90875477931522,18.0,0,0.0,0.0
CustomerId_2656,110525.0,22105.0,38118.55,25.0,90000.0,5,1,0.2,2,2,22105.0,1.724431124102039,11.613006066380272,10.0036043438709,14.4,12,0.2,0.0
CustomerId_2659,116310.0,1906.72,2574.92,10.0,10500.0,61,0,0.0,2,2,1906.72131147541,1.3504447420961416,11.664022917009133,7.553664090715211,13.049180327868852,46,0.03278688524590164,0.4098360655737705
CustomerId_2662,1368983.68,11904.21,19635.9,10.0,90000.0,115,0,0.0,6,4,11904.205913043477,1.6494920703138225,14.12957991355786,9.384731398412594,11.373913043478261,87,0.09565217391304348,0.1391304347826087
CustomerId_2663,7025.0,1003.57,758.35,25.0,2000.0,7,0,0.0,2,2,1003.5714285714286,0.7556523204603044,8.857372832825773,6.912314868238154,14.714285714285714,3,0.0,0.0
CustomerId_2664,62000.0,6888.89,3257.47,1000.0,10000.0,9,0,0.0,2,2,6888.888888888889,0.4728584720509605,11.034905792929415,8.837810398713351,11.333333333333334,11,0.0,0.1111111111111111
CustomerId_2665,74200.0,3533.33,4262.16,10.0,10000.0,21,0,0.0,3,3,3533.3333333333335,1.206272835765051,11.214532906153606,8.170279027127942,11.80952380952381,17,0.0,0.047619047619047616
CustomerId_2666,2500.0,2500.0,0.0,2500.0,2500.0,1,0,0.0,1,1,2500.0,0.0,7.824445930877619,7.824445930877619,0.0,0,1.0,0.0
CustomerId_2667,86000.0,28666.67,44500.94,1000.0,80000.0,3,0,0.0,2,2,28666.666666666668,1.552358191532105,11.362114203075018,10.26352528595505,9.0,0,0.0,0.0
CustomerId_2668,4530.0,1132.5,840.77,30.0,2000.0,4,0,0.0,2,2,1132.5,0.7424017653488725,8.418697944667139,7.033065469947584,12.5,4,0.0,0.25
CustomerId_2669,1010.0,336.67,282.9,10.0,500.0,3,0,0.0,2,2,336.6666666666667,0.8402887075168897,6.918695219020472,5.822069087200161,8.0,0,0.0,0.0
CustomerId_2670,62000.0,6888.89,3444.0,1000.0,11000.0,9,0,0.0,2,2,6888.888888888889,0.499935403163654,11.034905792929415,8.837810398713351,6.888888888888889,11,0.6666666666666666,0.0
CustomerId_2671,8589.0,1717.8,2091.71,20.0,5000.0,5,0,0.0,4,2,1717.8,1.2176679466656957,9.0583540149783,7.44938165190084,12.4,72,0.0,0.4
CustomerId_2672,198032.75,7616.64,15827.36,30.0,50000.0,26,0,0.0,2,3,7616.6442307692305,2.0779976469837096,12.1961927496964,8.938221889424158,10.0,19,0.0,0.2692307692307692
CustomerId_2674,100500.0,33500.0,28578.84,500.0,50000.0,3,0,0.0,2,1,33500.0,0.8530997014670716,11.51792295668052,10.419330568113901,19.333333333333332,7,0.0,0.0
CustomerId_2675,21085.0,413.43,423.34,10.0,2000.0,51,0,0.0,2,2,413.4313725490196,1.0239701980408529,9.956364592136895,6.026904082147361,15.431372549019608,68,0.0784313725490196,0.35294117647058826
CustomerId_2676,31300.0,1422.73,1482.9,50.0,5000.0,22,0,0.0,2,2,1422.7272727272727,1.0422919309761571,10.351405324899678,7.261035467252717,10.318181818181818,29,0.045454545454545456,0.0
CustomerId_2677,62000.0,6200.0,3614.78,1000.0,10000.0,10,0,0.0,2,2,6200.0,0.5830290321640276,11.034905792929415,8.732465848349879,13.0,35,0.0,0.0
CustomerId_2678,22000.0,3666.67,3763.86,500.0,10000.0,6,0,0.0,2,2,3666.6666666666665,1.0265063392597353,9.99884318585288,8.207311862044433,11.333333333333334,2,0.0,0.16666666666666666
CustomerId_2679,72000.0,7200.0,3224.9,1000.0,10000.0,10,0,0.0,2,2,7200.0,0.447902777715569,11.184435286790631,8.881975184248867,16.6,6,0.0,0.0
CustomerId_2681,55000.0,9166.67,2041.24,5000.0,10000.0,6,0,0.0,2,2,9166.666666666666,0.22268064627365436,10.915106645867503,9.123438443542296,7.333333333333333,17,0.0,0.0
CustomerId_2682,52000.0,4333.33,3767.89,1000.0,10000.0,12,0,0.0,2,2,4333.333333333333,0.8695137455791472,10.859018228147887,8.374322321329618,14.25,6,0.0,0.0
CustomerId_2683,846614.0,11288.19,13108.38,130.0,80000.0,75,0,0.0,3,2,11288.186666666666,1.1612472857773257,13.649001324842546,9.33160090966292,13.253333333333334,63,0.04,0.36
CustomerId_2684,1000.0,1000.0,0.0,1000.0,1000.0,1,0,0.0,1,1,1000.0,0.0,6.90875477931522,6.90875477931522,5.0,0,1.0,0.0
CustomerId_2685,121400.0,8671.43,5961.86,200.0,20000.0,14,0,0.0,2,2,8671.42857142857,0.6875290464562904,11.7068543948059,9.067904307320987,6.857142857142857,28,0.5714285714285714,0.0
CustomerId_2686,3020.0,755.0,490.0,20.0,1000.0,4,0,0.0,2,2,755.0,0.6490066216569449,8.013343181386672,6.628041376179533,8.5,14,0.25,0.0
CustomerId_2687,32000.0,6400.0,3781.53,1000.0,10000.0,5,0,0.0,2,2,6400.0,0.5908640624076775,10.373522431293592,8.764209507142004,19.0,0,0.0,0.0
CustomerId_2689,167000.0,7260.87,2815.82,1000.0,10000.0,23,0,0.0,2,2,7260.869565217391,0.38780752163476173,12.025755079404917,8.890392650409478,10.043478260869565,27,0.043478260869565216,0.043478260869565216
CustomerId_2690,1000.0,1000.0,0.0,1000.0,1000.0,1,0,0.0,1,1,1000.0,0.0,6.90875477931522,6.90875477931522,16.0,0,0.0,0.0
CustomerId_2691,12100.0,2420.0,2383.69,100.0,5000.0,5,0,0.0,2,2,2420.0,0.9849958673615721,9.401043372798053,7.791935956938058,8.2,11,0.0,0.4
CustomerId_2693,7080.0,1011.43,986.84,20.0,3000.0,7,0,0.0,2,2,1011.4285714285714,0.9756878864818249,8.865170419651774,6.920108660788236,17.0,17,0.0,0.14285714285714285
CustomerId_2694,1000.0,1000.0,0.0,1000.0,1000.0,1,0,0.0,1,1,1000.0,0.0,6.90875477931522,6.90875477931522,15.0,0,0.0,0.0
CustomerId_2696,226961.0,856.46,1912.36,6.0,20000.0,265,0,0.0,3,2,856.4566037735849,2.2328655135874813,12.33253788156939,6.7539745307217585,13.8,83,0.045283018867924525,0.18867924528301888
CustomerId_2697,51885.0,978.96,1427.72,10.0,10000.0,53,0,0.0,2,3,978.9622641509434,1.4584048362972901,10.85680428324673,6.887511754505078,13.075471698113208,30,0.05660377358490566,0.33962264150943394
CustomerId_2698,500.0,500.0,0.0,500.0,500.0,1,0,0.0,1,1,500.0,0.0,6.2166061010848646,6.2166061010848646,8.0,0,0.0,1.0
CustomerId_2700,66200.0,9457.14,3346.07,5000.0,13200.0,7,0,0.0,3,3,9457.142857142857,0.3538141551934503,11.10045084755119,9.15463102537805,13.571428571428571,67,0.0,0.2857142857142857
CustomerId_2701,112000.0,5333.33,3851.41,1000.0,11000.0,21,0,0.0,2,2,5333.333333333333,0.7221398262019901,11.626263078808801,8.581918570094851,15.095238095238095,18,0.0,0.047619047619047616
CustomerId_2703,90000.0,90000.0,0.0,90000.0,90000.0,1,1,1.0,1,1,90000.0,0.0,11.407576060361786,11.407576060361786,12.0,0,0.0,0.0
CustomerId_2704,152000.0,6333.33,3459.92,1000.0,10000.0,24,0,0.0,2,2,6333.333333333333,0.5463034453366075,11.931642378754141,8.75373932552041,8.5,28,0.0,0.0
CustomerId_2705,90000.0,90000.0,0.0,90000.0,90000.0,1,0,0.0,1,1,90000.0,0.0,11.407576060361786,11.407576060361786,12.0,0,0.0,1.0
CustomerId_2706,181276.0,1169.52,3418.01,10.0,30000.0,155,0,0.0,2,2,1169.5225806451613,2.9225750710354887,12.107781527139903,7.0652033735000686,12.23225806451613,83,0.04516129032258064,0.3096774193548387
CustomerId_2707,4619.1,1154.78,826.58,77.1,2000.0,4,0,0.0,2,2,1154.775,0.7157900199901366,8.438171628863179,7.052530719702122,18.25,8,0.0,0.25
CustomerId_2708,2550.0,637.5,457.12,50.0,1000.0,4,0,0.0,3,2,637.5,0.717050979267371,7.844240718141811,6.459121675472594,9.5,0,0.0,0.0
CustomerId_2709,8275.0,591.07,800.25,9.0,3000.0,14,0,0.0,3,2,591.0714285714286,1.3539005509433728,9.021115038865434,6.383624871137068,5.214285714285714,11,0.35714285714285715,0.14285714285714285
CustomerId_2710,769408.0,4421.89,11755.81,20.0,90000.0,174,0,0.0,5,3,4421.885057471264,2.6585487195161908,13.553377966658484,8.394548607561324,10.0,88,0.26436781609195403,0.1781609195402299
CustomerId_2712,500.0,500.0,0.0,500.0,500.0,1,0,0.0,1,1,500.0,0.0,6.2166061010848646,6.2166061010848646,10.0,0,0.0,1.0
CustomerId_2713,15000.0,7500.0,3535.53,5000.0,10000.0,2,0,0.0,1,1,7500.0,0.47140399993714616,9.61587214452889,8.922791623969637,14.0,0,0.0,0.0
CustomerId_2717,1000.0,1000.0,0.0,1000.0,1000.0,1,0,0.0,1,1,1000.0,0.0,6.90875477931522,6.90875477931522,8.0,0,0.0,0.0
CustomerId_2719,500.0,500.0,0.0,500.0,500.0,1,0,0.0,1,1,500.0,0.0,6.2166061010848646,6.2166061010848646,12.0,0,0.0,0.0
CustomerId_2720,41000.0,6833.33,3763.86,1000.0,10000.0,6,0,0.0,2,2,6833.333333333333,0.5508090490945396,10.62135173563291,8.829713719481315,8.0,0,0.0,0.0
CustomerId_2722,43000.0,10750.0,16255.77,1000.0,35000.0,4,0,0.0,2,2,10750.0,1.5121646510221243,10.668978650219241,9.282754052485227,9.75,7,0.0,1.0
CustomerId_2723,5110.0,1277.5,1469.48,50.0,3000.0,4,0,0.0,2,2,1277.5,1.1502778855966513,8.53915035876828,7.153442794731241,6.25,0,0.25,1.0
CustomerId_2724,20000.0,20000.0,0.0,20000.0,20000.0,1,0,0.0,1,1,20000.0,0.0,9.90353755128617,9.90353755128617,21.0,0,0.0,1.0
CustomerId_2727,7837.5,1959.38,2138.03,87.5,5000.0,4,0,0.0,2,2,1959.375,1.0911768002678517,8.966802768508586,7.58089361098376,16.75,15,0.0,0.0
CustomerId_2728,1338517.4,2284.16,5204.96,4.0,50000.0,586,0,0.0,5,3,2284.159385665529,2.2787195282822923,14.107073888579475,7.734191322758726,8.361774744027304,90,0.19283276450511946,0.11604095563139932
CustomerId_2730,10000.0,10000.0,0.0,10000.0,10000.0,1,0,0.0,1,1,10000.0,0.0,9.210440366976517,9.210440366976517,17.0,0,0.0,0.0
CustomerId_2731,180000.0,90000.0,0.0,90000.0,90000.0,2,0,0.0,1,1,90000.0,0.0,12.100717685412471,11.407576060361786,21.0,0,0.0,0.0
CustomerId_2732,1000.0,1000.0,0.0,1000.0,1000.0,1,0,0.0,1,1,1000.0,0.0,6.90875477931522,6.90875477931522,11.0,0,0.0,1.0
CustomerId_2733,62000.0,6888.89,3444.0,1000.0,11000.0,9,0,0.0,2,2,6888.888888888889,0.499935403163654,11.034905792929415,8.837810398713351,14.0,41,0.0,0.0
CustomerId_2734,32000.0,8000.0,6480.74,1000.0,16000.0,4,0,0.0,3,2,8000.0,0.8100924998987383,10.373522431293592,8.987321812850125,9.5,0,0.0,0.0
CustomerId_2735,12590.0,740.59,787.73,10.0,3000.0,17,0,0.0,2,2,740.5882352941177,1.0636519517362482,9.4407375520017,6.608796529802586,8.941176470588236,24,0.11764705882352941,0.4117647058823529
CustomerId_2736,70250.0,8781.25,10178.27,250.0,25000.0,8,0,0.0,3,2,8781.25,1.1590912454196052,11.159829821970122,9.080487918035994,14.125,15,0.0,0.375
CustomerId_2737,102000.0,7285.71,3148.35,1000.0,11000.0,14,0,0.0,2,2,7285.714285714285,0.43212672472111474,11.532737896139919,8.893807419979778,11.428571428571429,18,0.0,0.07142857142857142
CustomerId_2738,67460.0,3066.36,2641.96,20.0,10000.0,22,0,0.0,2,2,3066.3636363636365,0.8615948548567047,11.119304932104942,8.028572535771739,13.954545454545455,33,0.09090909090909091,0.3181818181818182
CustomerId_2739,188306.0,3086.98,11763.71,20.0,90000.0,61,0,0.0,3,2,3086.9836065573772,3.810750311368797,12.14582888867547,8.035272434439754,10.426229508196721,88,0.19672131147540983,0.2459016393442623
CustomerId_2740,6100.0,1525.0,1252.66,100.0,3000.0,4,0,0.0,2,2,1525.0,0.8214163929039893,8.716207971151853,7.330405211844402,5.0,6,1.0,1.0
CustomerId_2741,1000.0,1000.0,0.0,1000.0,1000.0,1,0,0.0,1,1,1000.0,0.0,6.90875477931522,6.90875477931522,22.0,0,1.0,0.0
CustomerId_2742,1000.0,1000.0,0.0,1000.0,1000.0,1,0,0.0,1,1,1000.0,0.0,6.90875477931522,6.90875477931522,12.0,0,0.0,1.0
CustomerId_2743,197628.2,2381.06,3970.85,25.0,20000.0,83,0,0.0,3,2,2381.0626506024096,1.6676816200903457,12.194147826657861,7.775720938514887,13.337349397590362,48,0.0,0.10843373493975904
CustomerId_2745,96490.0,4195.22,4124.14,40.0,10000.0,23,0,0.0,2,2,4195.217391304348,0.9830569073891102,11.477205018728991,8.341939399028295,13.782608695652174,35,0.17391304347826086,0.2608695652173913
CustomerId_2746,52250.0,3265.62,5676.82,50.0,20000.0,16,0,0.0,3,2,3265.625,1.7383590247063776,10.863814308399895,8.091511090174226,10.75,34,0.0625,0.3125
CustomerId_2747,136744.0,9767.43,7230.21,644.0,18500.0,14,0,0.0,3,2,9767.42857142857,0.7402366844973307,11.825873156544484,9.186911036115653,9.285714285714286,21,0.07142857142857142,0.14285714285714285
CustomerId_2749,57150.0,3007.89,7940.53,37.5,34500.0,19,0,0.0,3,2,3007.8947368421054,2.6399003944160526,10.953452166882645,8.009326518966143,12.263157894736842,33,0.05263157894736842,0.21052631578947367
CustomerId_2750,67299.0,2170.94,3142.92,25.0,14000.0,31,0,0.0,3,2,2170.935483870968,1.447723105453065,11.116915515632819,7.683376056362875,10.96774193548387,88,0.1935483870967742,0.3870967741935484
CustomerId_2751,29580.0,14790.0,410.12,14500.0,15080.0,2,0,0.0,2,2,14790.0,0.027729546989335392,10.294887542319458,9.60177416667137,14.5,0,0.0,0.5
CustomerId_2753,531001.0,9155.19,7654.38,1000.0,55000.0,58,0,0.0,2,2,9155.189655172413,0.8360700323165253,13.182521066695326,9.122185432276984,17.310344827586206,0,0.0,0.0
CustomerId_2754,500.0,500.0,0.0,500.0,500.0,1,0,0.0,1,1,500.0,0.0,6.2166061010848646,6.2166061010848646,10.0,0,0.0,0.0
CustomerId_2756,92000.0,7076.92,3040.33,1000.0,10000.0,13,0,0.0,2,2,7076.923076923077,0.429612034553222,11.429554725537322,8.864735358213673,14.76923076923077,7,0.0,0.0
CustomerId_2757,61000.0,6777.78,3308.24,1000.0,10000.0,9,0,0.0,2,2,6777.777777777777,0.4881008235014856,11.0186455364637,8.821552423740167,11.666666666666666,6,0.0,0.0
CustomerId_2758,70000.0,8750.0,2314.55,5000.0,10000.0,8,0,0.0,2,2,8750.0,0.26451999996976916,11.156264806643742,9.076923258535832,9.625,76,0.0,0.0
CustomerId_2759,36000.0,6000.0,3464.1,1000.0,10000.0,6,0,0.0,2,2,6000.0,0.577349999903775,10.491301994830229,8.699681400989514,6.0,0,0.0,0.0
CustomerId_2760,41000.0,6833.33,3763.86,1000.0,10000.0,6,0,0.0,2,2,6833.333333333333,0.5508090490945396,10.62135173563291,8.829713719481315,18.0,0,0.0,0.0
CustomerId_2761,53000.0,7571.43,6673.51,500.0,20000.0,7,0,0.0,2,2,7571.428571428572,0.8814068147124906,10.87806606028079,8.932269298883757,16.142857142857142,3,0.14285714285714285,0.14285714285714285
CustomerId_2762,15825.0,1318.75,1635.36,20.0,5000.0,12,0,0.0,2,2,1318.75,1.240083411381927,9.669409436169138,7.185197603703726,14.75,23,0.0,0.25
CustomerId_2764,122000.0,13555.56,12979.42,500.0,40000.0,9,0,0.0,3,3,13555.555555555555,0.9574978827169444,11.711784520403112,9.514625841994683,13.444444444444445,42,0.0,1.0
CustomerId_2767,500.0,500.0,0.0,500.0,500.0,1,0,0.0,1,1,500.0,0.0,6.2166061010848646,6.2166061010848646,13.0,0,0.0,1.0
CustomerId_2769,8000.0,2666.67,2081.67,1000.0,5000.0,3,0,0.0,2,2,2666.6666666666665,0.7806252739256732,8.987321812850125,7.888960711229582,12.0,0,0.0,0.0
CustomerId_2771,1000.0,1000.0,0.0,1000.0,1000.0,1,0,0.0,1,1,1000.0,0.0,6.90875477931522,6.90875477931522,18.0,0,0.0,0.0
CustomerId_2772,78445.0,1170.82,1910.76,10.0,10000.0,67,0,0.0,2,2,1170.8208955223881,1.6319844197810214,11.270165768970877,7.0663133747240385,10.283582089552239,28,0.0,0.11940298507462686
CustomerId_2773,52745.0,1953.52,3308.91,18.0,12600.0,27,0,0.0,4,3,1953.5185185185185,1.6938193611051744,10.873243219079233,7.577899917976766,12.88888888888889,88,0.1111111111111111,0.37037037037037035
CustomerId_2774,673665.0,2941.77,10172.9,10.0,90000.0,229,0,0.0,4,2,2941.768558951965,3.458088156634241,13.420489718108055,7.98710659363344,12.602620087336245,36,0.056768558951965066,0.2794759825327511
CustomerId_2775,166050.0,7907.14,11172.25,100.0,50000.0,21,0,0.0,3,2,7907.142857142857,1.4129318563459186,12.020050249069204,8.975647887725101,9.857142857142858,67,0.09523809523809523,0.047619047619047616
CustomerId_2776,271000.0,18066.67,32085.75,1000.0,80000.0,15,0,0.0,4,2,18066.666666666668,1.7759636943733426,12.509877789891931,9.801879432272964,13.933333333333334,9,0.13333333333333333,0.2
CustomerId_2777,42000.0,7000.0,3949.68,1000.0,11000.0,6,0,0.0,2,2,7000.0,0.5642399999193942,10.645448706505872,8.853808274977197,12.0,0,0.0,0.0
CustomerId_2778,32000.0,6400.0,3781.53,1000.0,10000.0,5,0,0.0,2,2,6400.0,0.5908640624076775,10.373522431293592,8.764209507142004,12.0,0,0.0,0.0
CustomerId_2782,224790.0,4782.77,4170.39,10.0,10185.0,47,0,0.0,2,2,4782.765957446809,0.8719612273071962,12.322926360613039,8.472984217551659,12.042553191489361,41,0.06382978723404255,0.02127659574468085
CustomerId_2783,17760.0,1776.0,2010.0,55.0,5000.0,10,0,0.0,2,2,1776.0,1.1317567561195063,9.784760321267326,7.482681828154651,13.5,32,0.2,0.3
CustomerId_2785,41000.0,6833.33,3763.86,1000.0,10000.0,6,0,0.0,2,2,6833.333333333333,0.5508090490945396,10.62135173563291,8.829713719481315,11.0,0,0.0,0.0
CustomerId_2786,9782.0,1630.33,2475.16,50.0,6600.0,6,0,0.0,3,2,1630.3333333333333,1.5181957017792742,9.18840146445743,7.39715091201407,14.666666666666666,2,0.0,0.0
CustomerId_2787,27800.0,842.42,708.61,25.0,2100.0,33,0,0.0,2,2,842.4242424242424,0.8411599904546901,10.2328272702548,6.73746505457173,9.515151515151516,2,0.0,0.24242424242424243
CustomerId_2788,20000.0,20000.0,0.0,20000.0,20000.0,1,0,0.0,1,1,20000.0,0.0,9.90353755128617,9.90353755128617,16.0,0,0.0,0.0
CustomerId_2790,3020.0,755.0,490.0,20.0,1000.0,4,0,0.0,2,2,755.0,0.6490066216569449,8.013343181386672,6.628041376179533,19.25,0,0.0,0.25
CustomerId_2791,2000.0,2000.0,0.0,2000.0,2000.0,1,0,0.0,1,1,2000.0,0.0,7.601402334583733,7.601402334583733,19.0,0,0.0,1.0
CustomerId_2793,237396.25,2667.37,5045.04,10.0,23000.0,89,0,0.0,5,3,2667.373595505618,1.8913911448762672,12.377490177265843,7.889223078079911,12.48314606741573,87,0.0898876404494382,0.2696629213483146
CustomerId_2794,32000.0,6400.0,3781.53,1000.0,10000.0,5,0,0.0,2,2,6400.0,0.5908640624076775,10.373522431293592,8.764209507142004,9.0,0,0.0,0.0
CustomerId_2796,1000.0,1000.0,0.0,1000.0,1000.0,1,0,0.0,1,1,1000.0,0.0,6.90875477931522,6.90875477931522,17.0,0,0.0,0.0
CustomerId_2797,265527.0,11063.62,18222.7,200.0,90000.0,24,0,0.0,3,2,11063.625,1.6470829618472902,12.489475575497066,9.311507909373969,15.875,40,0.0,0.20833333333333334
CustomerId_2798,36915.0,802.5,879.38,10.0,5000.0,46,0,0.0,2,2,802.5,1.0958006216874758,10.516400340385468,6.688977185177567,10.217391304347826,35,0.043478260869565216,0.2391304347826087
CustomerId_2799,1050.0,525.0,671.75,50.0,1000.0,2,0,0.0,2,2,525.0,1.2795238070866213,6.957497370876951,6.26530121273771,14.0,0,0.0,0.0
CustomerId_2800,62000.0,6888.89,3257.47,1000.0,10000.0,9,0,0.0,2,2,6888.888888888889,0.4728584720509605,11.034905792929415,8.837810398713351,13.444444444444445,7,0.0,0.0
CustomerId_2801,31000.0,6200.0,3834.06,1000.0,10000.0,5,0,0.0,2,2,6200.0,0.6183967740938069,10.34177474101152,8.732465848349879,14.0,0,0.0,0.0
CustomerId_2802,113135.0,2308.88,2007.54,25.0,10000.0,49,0,0.0,2,2,2308.877551020408,0.8694865039025473,11.636345913844021,7.744950854114545,14.83673469387755,51,0.3673469387755102,0.3469387755102041
CustomerId_2803,8040.0,893.33,593.55,20.0,2000.0,9,0,0.0,3,2,893.3333333333334,0.6644241202417649,8.99230873254815,6.796074834579492,13.11111111111111,27,0.0,0.4444444444444444
CustomerId_2804,10000.0,10000.0,0.0,10000.0,10000.0,1,0,0.0,1,1,10000.0,0.0,9.210440366976517,9.210440366976517,10.0,0,0.0,0.0
CustomerId_2806,2212.0,553.0,406.98,12.0,1000.0,4,0,0.0,2,2,553.0,0.7359493657577769,7.70210434005105,6.317164686747284,6.0,0,0.0,1.0
CustomerId_2807,186086.0,6416.76,5440.49,20.0,20000.0,29,0,0.0,2,3,6416.758620689655,0.8478562388420547,12.133969585273663,8.766824426143549,14.620689655172415,22,0.10344827586206896,0.27586206896551724
CustomerId_2808,13825.0,1152.08,1437.35,50.0,5000.0,12,0,0.0,2,2,1152.0833333333333,1.247613011902287,9.53430615650521,7.050191902077176,9.583333333333334,26,0.16666666666666666,0.16666666666666666
CustomerId_2809,140007.4,1971.94,3157.69,1.4,20000.0,71,0,0.0,5,2,1971.9352112676056,1.601311398114896,11.849457699791513,7.587280095017884,9.774647887323944,84,0.2112676056338028,0.16901408450704225
CustomerId_2810,260000.0,52000.0,43098.72,5000.0,90000.0,5,0,0.0,3,2,52000.0,0.8288215384455996,12.468440756144114,10.859018228147887,10.8,3,0.2,0.8
CustomerId_2811,4000.0,4000.0,0.0,4000.0,4000.0,1,0,0.0,1,1,4000.0,0.0,8.294299608857235,8.294299608857235,9.0,0,0.0,0.0
CustomerId_2812,25000.0,12500.0,3535.53,10000.0,15000.0,2,0,0.0,1,1,12500.0,0.2828423999773726,10.12667110305036,9.433563920090563,0.0,0,1.0,0.0
CustomerId_2815,42065.0,657.27,628.17,15.0,2000.0,64,0,0.0,3,2,657.265625,0.9557259559150334,10.646995092435022,6.489615181507706,10.671875,84,0.0625,0.125
CustomerId_2816,252970.6,1124.31,1833.2,20.0,16000.0,225,0,0.0,4,2,1124.313777777778,1.630511156504424,12.441032508444394,7.025813832235617,11.88,88,0.12,0.2577777777777778
CustomerId_2817,10000.0,10000.0,0.0,10000.0,10000.0,1,0,0.0,1,1,10000.0,0.0,9.210440366976517,9.210440366976517,9.0,0,0.0,0.0
CustomerId_2818,200732.5,2135.45,2222.37,15.0,10000.0,94,0,0.0,4,3,2135.4521276595747,1.0407033641430596,12.209733436650257,7.6669008520487045,13.659574468085106,38,0.0,0.10638297872340426
CustomerId_2820,395091.0,26339.4,26317.69,5000.0,90000.0,15,0,0.0,3,2,26339.4,0.9991757594706342,12.886873928156017,10.178859161210818,13.266666666666667,84,0.0,0.13333333333333333
CustomerId_2822,177500.0,11833.33,11339.98,500.0,30000.0,15,0,0.0,2,2,11833.333333333334,0.9583084388791397,12.086731521684555,9.378759908600754,14.333333333333334,50,0.0,0.3333333333333333
CustomerId_2824,41000.0,6833.33,3763.86,1000.0,10000.0,6,0,0.0,2,2,6833.333333333333,0.5508090490945396,10.62135173563291,8.829713719481315,11.166666666666666,0,0.0,0.0
CustomerId_2825,11100.0,2775.0,2595.35,100.0,5000.0,4,0,0.0,2,2,2775.0,0.9352612609242302,9.314790473332646,7.9287663216266955,15.75,17,0.0,0.25
CustomerId_2826,14000.0,14000.0,0.0,14000.0,14000.0,1,0,0.0,1,1,14000.0,0.0,9.546884034617925,9.546884034617925,6.0,0,0.0,1.0
CustomerId_2827,10000.0,10000.0,0.0,10000.0,10000.0,1,0,0.0,1,1,10000.0,0.0,9.210440366976517,9.210440366976517,13.0,0,0.0,1.0
CustomerId_2828,137400.0,7633.33,4577.82,200.0,20200.0,18,0,0.0,2,2,7633.333333333333,0.5997146722859205,11.83065893676428,8.940410460036592,15.166666666666666,17,0.0,0.16666666666666666
CustomerId_2829,32000.0,4571.43,2878.49,1000.0,10000.0,7,0,0.0,2,2,4571.428571428572,0.6296694905905439,10.373522431293592,8.427800071235865,10.428571428571429,0,0.0,1.0
CustomerId_2831,46000.0,4181.82,2716.92,500.0,10000.0,11,0,0.0,2,2,4181.818181818182,0.6496979782368209,10.736418414365376,8.338740939199088,18.0,0,0.0,0.0
CustomerId_2832,85000.0,42500.0,53033.01,5000.0,80000.0,2,0,0.0,2,2,42500.0,1.247835529382404,11.350418300109132,10.657282884047461,9.0,0,0.0,0.0
CustomerId_2833,10622.0,5311.0,6631.25,622.0,10000.0,2,0,0.0,2,2,5311.0,1.2485878363305238,9.270776740780013,8.57772369115627,17.0,0,0.0,0.0
CustomerId_2834,1000.0,1000.0,0.0,1000.0,1000.0,1,0,0.0,1,1,1000.0,0.0,6.90875477931522,6.90875477931522,13.0,0,0.0,1.0
CustomerId_2835,720250.0,80027.78,15772.03,50000.0,90000.0,9,0,0.0,2,2,80027.77777777778,0.19708193829446374,13.487355041352615,11.290141598961503,11.444444444444445,34,0.0,0.0
CustomerId_2836,107500.0,5657.89,3085.82,250.0,10000.0,19,0,0.0,2,2,5657.894736842105,0.5454012007046087,11.58525542883217,8.64098303889034,13.421052631578947,28,0.0,0.0
CustomerId_2838,42689.68,908.29,886.49,20.0,3000.0,47,0,0.0,3,2,908.2910638297873,0.9759988539167019,10.661735908414089,6.8126640752008125,11.106382978723405,67,0.0425531914893617,0.2127659574468085
CustomerId_2839,5100.0,1275.0,914.24,100.0,2000.0,4,0,0.0,2,2,1275.0,0.7170509798297638,8.537191877922927,7.151485463904735,7.0,0,0.25,0.25
CustomerId_2840,2000.0,2000.0,0.0,2000.0,2000.0,1,0,0.0,1,1,2000.0,0.0,7.601402334583733,7.601402334583733,16.0,0,0.0,0.0
CustomerId_2841,500.0,500.0,0.0,500.0,500.0,1,0,0.0,1,1,500.0,0.0,6.2166061010848646,6.2166061010848646,15.0,0,0.0,0.0
CustomerId_2843,22610.0,1884.17,2913.19,10.0,10000.0,12,0,0.0,2,2,1884.1666666666667,1.5461396787199988,10.026191792511579,7.54177328149202,11.416666666666666,3,0.0,0.4166666666666667
CustomerId_2844,133770.0,5816.09,6242.27,20.0,15000.0,23,0,0.0,2,2,5816.086956521739,1.0732760323390325,11.803884661779371,8.668555415683802,10.434782608695652,11,0.0,0.08695652173913043
CustomerId_2845,1036351.0,7792.11,6539.48,10.0,34000.0,133,0,0.0,4,2,7792.112781954887,0.839243799068642,13.851217412433142,8.96099528897556,8.473684210526315,84,0.23308270676691728,0.08270676691729323
CustomerId_2846,272609.0,1867.18,2832.95,25.0,30000.0,146,0,0.0,3,2,1867.1849315068494,1.517234545401496,12.515797481357502,7.5327199738895265,11.5,59,0.1232876712328767,0.2945205479452055
CustomerId_2847,51500.0,12875.0,18602.76,500.0,40000.0,4,0,0.0,2,2,12875.0,1.4448745629945727,10.849356503939038,9.463120392418698,5.0,0,1.0,0.0
CustomerId_2849,241774.0,20147.83,22188.15,40.0,52000.0,12,0,0.0,3,2,20147.833333333332,1.10126748135649,12.395762820585164,9.91090150117289,10.416666666666666,80,0.25,0.0
CustomerId_2850,18692.0,2336.5,3478.83,20.0,10000.0,8,0,0.0,3,2,2336.5,1.488906483420113,9.835904401212332,7.7568372611628424,12.5,33,0.0,0.25
CustomerId_2851,800.0,800.0,0.0,800.0,800.0,1,0,0.0,1,1,800.0,0.0,6.68586094706836,6.68586094706836,21.0,0,0.0,0.0
CustomerId_2852,752312.0,6217.45,7870.86,20.0,40000.0,121,0,0.0,4,2,6217.454545454545,1.2659305661861484,13.5309077397393,8.735275958537228,13.140495867768594,54,0.1322314049586777,0.09917355371900827
CustomerId_2853,6300.0,1050.0,1040.67,100.0,2000.0,6,0,0.0,2,2,1050.0,0.9911142847703673,8.748463629942055,6.957497370876951,9.0,39,0.3333333333333333,0.16666666666666666
CustomerId_2854,22275.0,968.48,1405.16,10.0,6000.0,23,0,0.0,2,2,968.4782608695652,1.450892118111998,10.01126514470956,6.876759845279618,14.91304347826087,0,0.0,0.0
CustomerId_2855,72000.0,7200.0,3852.85,1000.0,10000.0,10,0,0.0,2,2,7200.0,0.5351180554812336,11.184435286790631,8.881975184248867,20.0,0,0.0,0.0
CustomerId_2857,37590.0,817.17,1041.1,25.0,5000.0,46,0,0.0,2,2,817.1739130434783,1.2740311057992448,10.534519939024273,6.707070138971219,11.326086956521738,55,0.2608695652173913,0.15217391304347827
CustomerId_2858,129800.0,4475.86,4492.01,100.0,20000.0,29,0,0.0,2,2,4475.862068965517,1.0036082448951469,11.773757787382696,8.406677186811658,8.793103448275861,85,0.27586206896551724,0.10344827586206896
CustomerId_2859,434651.28,2956.81,3081.64,10.0,10100.0,147,0,0.0,4,3,2956.8114285714287,1.0422177951771612,12.98230163409336,7.992204408618156,11.639455782312925,81,0.12244897959183673,0.16326530612244897
CustomerId_2860,2000.0,1000.0,0.0,1000.0,1000.0,2,0,0.0,2,1,1000.0,0.0,7.601402334583733,6.90875477931522,8.5,0,0.5,0.0
CustomerId_2862,89022.0,5563.88,4556.17,500.0,10000.0,16,0,0.0,3,2,5563.875,0.8188835846893024,11.396650042294073,8.624230700134834,13.625,24,0.0,0.1875
CustomerId_2864,32000.0,5333.33,3881.58,1000.0,10000.0,6,0,0.0,2,2,5333.333333333333,0.7277967047364785,10.373522431293592,8.581918570094851,15.0,0,0.0,0.0
CustomerId_2865,1000.0,1000.0,0.0,1000.0,1000.0,1,0,0.0,1,1,1000.0,0.0,6.90875477931522,6.90875477931522,21.0,0,0.0,0.0
CustomerId_2866,83620.0,2144.1,2103.69,20.0,5000.0,39,0,0.0,3,2,2144.102564102564,0.9811529308422402,11.334049963700565,7.670941450322057,13.153846153846153,89,0.2564102564102564,0.10256410256410256
CustomerId_2868,1015.0,507.5,10.61,500.0,515.0,2,0,0.0,1,1,507.5,0.020906403899691815,6.923628628138427,6.2314652154886145,7.5,0,0.0,0.0
CustomerId_2869,1000.0,1000.0,0.0,1000.0,1000.0,1,0,0.0,1,1,1000.0,0.0,6.90875477931522,6.90875477931522,20.0,0,0.0,0.0
CustomerId_2870,5100.0,2550.0,3464.82,100.0,5000.0,2,0,0.0,2,2,2550.0,1.3587529406436265,8.537191877922927,7.844240718141811,13.0,0,0.0,1.0
CustomerId_2871,18630.0,1164.38,1212.74,10.0,4000.0,16,0,0.0,2,2,1164.375,1.0415328320294637,9.832582139020353,7.060802493072097,17.0,40,0.0,0.125
CustomerId_2872,41000.0,6833.33,3763.86,1000.0,10000.0,6,0,0.0,2,2,6833.333333333333,0.5508090490945396,10.62135173563291,8.829713719481315,18.0,0,0.0,0.0
CustomerId_2874,1000.0,1000.0,0.0,1000.0,1000.0,1,0,0.0,1,1,1000.0,0.0,6.90875477931522,6.90875477931522,14.0,0,0.0,1.0
CustomerId_2875,10000.0,10000.0,0.0,10000.0,10000.0,1,0,0.0,1,1,10000.0,0.0,9.210440366976517,9.210440366976517,4.0,0,1.0,1.0
CustomerId_2876,821698.0,2059.39,6336.61,10.0,90000.0,399,0,0.0,5,2,2059.3934837092734,3.0769354017078188,13.61912942692937,7.630650564253133,17.598997493734334,30,0.015037593984962405,0.44110275689223055
CustomerId_2877,661000.0,38882.35,33260.12,1000.0,90000.0,17,1,0.06,2,2,38882.35294117647,0.8554040586318625,13.401510631691982,10.568321417414037,12.294117647058824,0,0.0,0.0
CustomerId_2878,62000.0,6888.89,3257.47,1000.0,10000.0,9,0,0.0,2,2,6888.888888888889,0.4728584720509605,11.034905792929415,8.837810398713351,10.88888888888889,6,0.0,0.0
CustomerId_2879,20240.0,722.86,774.11,25.0,3000.0,28,0,0.0,3,2,722.8571428571429,1.070898927771769,9.915465529295535,6.58459800352155,13.178571428571429,62,0.21428571428571427,0.25
CustomerId_2880,10000.0,10000.0,0.0,10000.0,10000.0,1,0,0.0,1,1,10000.0,0.0,9.210440366976517,9.210440366976517,14.0,0,0.0,0.0
CustomerId_2881,7050.0,1762.5,2204.3,50.0,5000.0,4,0,0.0,2,2,1762.5,1.2506666659570687,8.860924729719041,7.475055749676106,18.0,0,0.0,0.0
CustomerId_2883,380050.4,4634.76,8467.55,14.4,50000.0,82,0,0.0,5,3,4634.760975609756,1.8269662287093684,12.848061785713227,8.441555434353416,10.353658536585366,87,0.13414634146341464,0.14634146341463414
CustomerId_2884,4201.75,466.86,386.22,10.0,1000.0,9,0,0.0,3,2,466.8611111111111,0.8272715571535973,8.343494351913169,6.148169105865621,8.88888888888889,12,0.6666666666666666,0.0
CustomerId_2885,95500.0,31833.33,50424.04,500.0,90000.0,3,0,0.0,2,1,31833.333333333332,1.5840014223587666,11.466891997618188,10.368300546211122,6.666666666666667,0,0.0,1.0
CustomerId_2886,109000.0,6055.56,3171.05,1000.0,10000.0,18,0,0.0,2,2,6055.555555555556,0.5236592486039838,11.599112335481124,8.708897261119583,17.666666666666668,43,0.5,0.0
CustomerId_2887,11200.0,2240.0,3806.07,20.0,9000.0,5,0,0.0,2,2,2240.0,1.6991383920985992,9.32375833901174,7.714677473800927,9.8,2,0.0,0.0
CustomerId_2888,32000.0,6400.0,3781.53,1000.0,10000.0,5,0,0.0,2,2,6400.0,0.5908640624076775,10.373522431293592,8.764209507142004,7.2,0,0.0,0.0
CustomerId_2889,2329167.0,43946.55,31239.09,20.0,90000.0,53,0,0.0,4,2,43946.54716981132,0.7108428306497132,14.661021680228023,10.690752156394543,12.20754716981132,9,0.0,0.09433962264150944
CustomerId_2890,32000.0,6400.0,3781.53,1000.0,10000.0,5,0,0.0,2,2,6400.0,0.5908640624076775,10.373522431293592,8.764209507142004,11.0,0,0.0,0.0
CustomerId_2892,5000.0,5000.0,0.0,5000.0,5000.0,1,0,0.0,1,1,5000.0,0.0,8.517393171418904,8.517393171418904,7.0,0,0.0,0.0
CustomerId_2893,53342.5,17780.83,27782.74,1000.0,49850.0,3,0,0.0,2,2,17780.833333333332,1.5625108613286043,10.884507412381218,9.785932428405939,7.0,0,0.0,1.0
CustomerId_2894,391000.0,27928.57,21003.53,1000.0,50000.0,14,0,0.0,4,1,27928.571428571428,0.752044590870494,12.876465396508989,10.23744126318877,10.357142857142858,1,0.0,1.0
CustomerId_2895,79115.0,2930.19,5909.19,40.0,30000.0,27,0,0.0,3,2,2930.185185185185,2.016657622196288,11.2786704089013,7.983163762901939,15.333333333333334,55,0.0,0.07407407407407407
CustomerId_2896,32000.0,16000.0,19798.99,2000.0,30000.0,2,0,0.0,2,1,16000.0,1.2374368749226603,10.373522431293592,9.680406499268875,13.5,0,0.0,1.0
CustomerId_2898,1050.0,525.0,671.75,50.0,1000.0,2,0,0.0,2,2,525.0,1.2795238070866213,6.957497370876951,6.26530121273771,10.0,0,0.0,1.0
CustomerId_2900,2000.0,2000.0,0.0,2000.0,2000.0,1,0,0.0,1,1,2000.0,0.0,7.601402334583733,7.601402334583733,4.0,0,1.0,0.0
CustomerId_2901,160000.0,80000.0,0.0,80000.0,80000.0,2,0,0.0,1,1,80000.0,0.0,11.982935344196433,11.289794413577894,19.0,0,0.0,0.0
CustomerId_2902,64420.0,4026.25,8359.83,50.0,30000.0,16,0,0.0,2,2,4026.25,2.076331573529629,11.073194945894171,8.300839039878076,14.6875,2,0.0,0.5625
CustomerId_2904,39000.0,6500.0,3146.43,2000.0,10000.0,6,0,0.0,2,2,6500.0,0.4840661537716821,10.571342565808699,8.77971129020447,19.5,19,0.0,0.5
CustomerId_2906,1000.0,1000.0,0.0,1000.0,1000.0,1,0,0.0,1,1,1000.0,0.0,6.90875477931522,6.90875477931522,19.0,0,0.0,0.0
CustomerId_2907,56335.0,2816.75,1888.46,25.0,5000.0,20,0,0.0,2,3,2816.75,0.6704393358762974,10.939089041394833,7.943693973122188,17.85,57,0.0,0.1
CustomerId_2908,63754.0,2198.41,3938.57,20.0,15000.0,29,0,0.0,3,2,2198.4137931034484,1.7915538949551935,11.062802891317641,7.695944421561051,10.620689655172415,13,0.10344827586206896,0.10344827586206896
CustomerId_2909,500.0,500.0,0.0,500.0,500.0,1,0,0.0,1,1,500.0,0.0,6.2166061010848646,6.2166061010848646,7.0,0,0.0,0.0
CustomerId_2910,6295.0,899.29,1196.14,25.0,3500.0,7,0,0.0,4,2,899.2857142857143,1.3300937391385497,8.74766979009724,6.802716933644102,6.571428571428571,21,0.7142857142857143,0.0
CustomerId_2911,60272.0,825.64,929.35,17.0,4000.0,73,0,0.0,3,2,825.6438356164383,1.1256116453592224,11.006639521246269,6.7173692919061,13.164383561643836,59,0.0821917808219178,0.2602739726027397
CustomerId_2912,5000.0,5000.0,0.0,5000.0,5000.0,1,0,0.0,1,1,5000.0,0.0,8.517393171418904,8.517393171418904,11.0,0,0.0,0.0
CustomerId_2913,58050.0,2322.0,2270.19,50.0,5000.0,25,0,0.0,2,2,2322.0,0.9776873380802381,10.969077213506518,7.750614732770409,8.08,41,0.4,0.12
CustomerId_2914,147892.0,14789.2,15822.63,392.0,50000.0,10,0,0.0,4,2,14789.2,1.069877342853577,11.904244318302288,9.601720078263854,16.7,33,0.0,0.2
CustomerId_2915,123812.0,12381.2,27729.06,50.0,90000.0,10,0,0.0,4,2,12381.2,2.239610053771879,11.726527641797215,9.424015236428133,17.1,43,0.0,0.2
CustomerId_2917,279444.0,7762.33,4281.78,200.0,25000.0,36,0,0.0,3,2,7762.333333333333,0.5516101479128547,12.540560772249352,8.957166644841356,11.63888888888889,70,0.2777777777777778,0.0
CustomerId_2918,8260.0,1652.0,1303.66,60.0,3000.0,5,0,0.0,2,2,1652.0,0.7891404353576632,9.019300924562506,7.410347097821024,9.0,0,0.0,0.0
CustomerId_2919,32000.0,6400.0,3781.53,1000.0,10000.0,5,0,0.0,2,2,6400.0,0.5908640624076775,10.373522431293592,8.764209507142004,19.0,0,0.0,0.0
CustomerId_2920,1510.0,503.33,495.01,10.0,1000.0,3,0,0.0,2,2,503.3333333333333,0.9834700872519618,7.32052696227274,6.223230815713077,12.0,0,0.0,0.0
CustomerId_2921,99800.0,4339.13,4597.5,200.0,11000.0,23,0,0.0,2,2,4339.130434782609,1.059544194098922,11.510933482289435,8.37565958056289,10.652173913043478,76,0.17391304347826086,0.0
CustomerId_2922,32000.0,6400.0,3781.53,1000.0,10000.0,5,0,0.0,2,2,6400.0,0.5908640624076775,10.373522431293592,8.764209507142004,13.0,0,0.0,0.0
CustomerId_2923,51540.0,1718.0,3591.49,40.0,20000.0,30,0,0.0,2,2,1718.0,2.0905064015771204,10.85013288642403,7.449498005382849,8.166666666666666,14,0.43333333333333335,0.3
CustomerId_2924,500.0,500.0,0.0,500.0,500.0,1,0,0.0,1,1,500.0,0.0,6.2166061010848646,6.2166061010848646,15.0,0,0.0,0.0
CustomerId_2925,5000.0,5000.0,0.0,5000.0,5000.0,1,0,0.0,1,1,5000.0,0.0,8.517393171418904,8.517393171418904,18.0,0,0.0,0.0
CustomerId_2926,50700.0,2028.0,2751.47,20.0,10000.0,25,0,0.0,4,2,2028.0,1.3567406304947036,10.83370091325064,7.615298339825815,13.72,47,0.04,0.0
CustomerId_2927,5000.0,5000.0,0.0,5000.0,5000.0,1,0,0.0,1,1,5000.0,0.0,8.517393171418904,8.517393171418904,15.0,0,0.0,0.0
CustomerId_2928,10000.0,10000.0,0.0,10000.0,10000.0,1,0,0.0,1,1,10000.0,0.0,9.210440366976517,9.210440366976517,6.0,0,0.0,0.0
CustomerId_2930,32000.0,6400.0,3781.53,1000.0,10000.0,5,0,0.0,2,2,6400.0,0.5908640624076775,10.373522431293592,8.764209507142004,10.0,0,0.0,0.0
CustomerId_2931,2010.0,502.5,404.18,10.0,1000.0,4,0,0.0,2,2,502.5,0.8043383068570382,7.606387389772652,6.221583712158617,8.0,0,0.0,0.0
CustomerId_2932,54860.0,1828.67,1883.99,25.0,5000.0,30,0,0.0,2,2,1828.6666666666667,1.0302514936919993,10.912557992542743,7.5118909017055895,14.2,41,0.13333333333333333,0.06666666666666667
CustomerId_2933,966000.0,64400.0,37952.6,1000.0,90000.0,15,0,0.0,2,2,64400.0,0.5893260869473707,13.780920148390807,11.072884439922198,8.6,1,0.0,0.0
CustomerId_2934,76700.0,5900.0,5931.55,200.0,20000.0,13,0,0.0,2,2,5900.0,1.0053474574567207,11.247670025080003,8.682877107057168,11.461538461538462,71,0.0,0.3076923076923077
CustomerId_2935,21700.0,2411.11,3260.44,50.0,10000.0,9,0,0.0,3,2,2411.1111111111113,1.3522568437971487,9.985113621416073,7.788257162113985,13.0,11,0.0,0.2222222222222222
CustomerId_2936,32870.0,1826.11,1874.24,10.0,5000.0,18,0,0.0,3,2,1826.111111111111,1.0263565716050203,10.400346089073503,7.510490762556821,11.11111111111111,37,0.16666666666666666,0.2222222222222222
CustomerId_2937,5100.0,728.57,463.55,50.0,1000.0,7,0,0.0,2,2,728.5714285714286,0.6362463447077887,8.537191877922927,6.592455319493683,16.0,25,0.42857142857142855,0.5714285714285714
CustomerId_2938,81200.0,13533.33,15150.8,1000.0,33000.0,6,0,0.0,3,2,13533.333333333334,1.1195175170398182,11.304682841344873,9.512984699530229,9.0,3,0.0,0.0
CustomerId_2939,605748.0,15532.0,19460.79,200.0,90000.0,39,0,0.0,4,3,15532.0,1.2529481070529906,13.314220987831352,9.650722071987907,9.179487179487179,85,0.41025641025641024,0.15384615384615385
CustomerId_2940,36950.0,3079.17,3890.11,50.0,10000.0,12,0,0.0,2,2,3079.1666666666665,1.2633631786282138,10.517347989609593,8.032740069249638,10.083333333333334,59,0.0,0.25
CustomerId_2941,307500.0,11388.89,15928.57,700.0,52000.0,27,0,0.0,4,2,11388.888888888889,1.3986060097692923,12.636233618255941,9.340481398800211,11.148148148148149,58,0.07407407407407407,0.14814814814814814
CustomerId_2943,85222.0,3277.77,3420.58,20.0,10000.0,26,0,0.0,3,2,3277.769230769231,1.0435692556086702,11.353026629438281,8.095223631048107,13.423076923076923,26,0.34615384615384615,0.11538461538461539
CustomerId_2944,1000.0,1000.0,0.0,1000.0,1000.0,1,0,0.0,1,1,1000.0,0.0,6.90875477931522,6.90875477931522,23.0,0,1.0,0.0
CustomerId_2945,47430.0,3952.5,5905.1,50.0,20000.0,12,0,0.0,2,2,3952.5,1.4940164449098,10.767031302351667,8.282356541510982,14.166666666666666,13,0.0,0.16666666666666666
CustomerId_2946,21200.0,3533.33,3901.62,100.0,10000.0,6,0,0.0,2,2,3533.3333333333335,1.1042331168885349,9.961803629358965,8.170279027127942,17.166666666666668,0,0.0,0.0
CustomerId_2947,10000.0,10000.0,0.0,10000.0,10000.0,1,0,0.0,1,1,10000.0,0.0,9.210440366976517,9.210440366976517,15.0,0,0.0,0.0
CustomerId_2948,2000.0,2000.0,0.0,2000.0,2000.0,1,0,0.0,1,1,2000.0,0.0,7.601402334583733,7.601402334583733,14.0,0,0.0,0.0
CustomerId_2949,15000.0,5000.0,0.0,5000.0,5000.0,3,0,0.0,1,1,5000.0,0.0,9.61587214452889,8.517393171418904,18.0,0,0.0,1.0
CustomerId_2950,78105.0,6008.08,9927.88,50.0,30000.0,13,0,0.0,3,2,6008.076923076923,1.6524214055651019,11.265822157460788,8.701026937608594,10.076923076923077,26,0.0,0.0
CustomerId_2953,30955.0,1407.05,1354.49,20.0,5000.0,22,0,0.0,3,3,1407.0454545454545,0.9626452500176644,10.34032212039035,7.2499610474511105,12.227272727272727,57,0.18181818181818182,0.36363636363636365
CustomerId_2954,120000.0,40000.0,17320.51,20000.0,50000.0,3,0,0.0,1,1,40000.0,0.43301274998917466,11.695255355062795,10.596659732783579,10.666666666666666,2,0.0,0.3333333333333333
CustomerId_2955,8150.0,1164.29,766.19,75.0,2000.0,7,0,0.0,3,2,1164.2857142857142,0.6580748776867663,9.005895898094458,7.060725262061233,11.714285714285714,38,0.0,0.5714285714285714
CustomerId_2956,79560.0,3315.0,4166.64,20.0,10000.0,24,0,0.0,2,2,3315.0,1.256904976996409,11.284279302019133,8.106514516255185,6.958333333333333,4,0.75,0.16666666666666666
CustomerId_2957,318885.0,13286.88,19822.31,20.0,50000.0,24,0,0.0,2,2,13286.875,1.4918709282019655,12.6725889511251,9.494607620547958,11.5,33,0.0,0.08333333333333333
CustomerId_2959,64826.0,2946.64,4347.19,20.0,20000.0,22,0,0.0,4,2,2946.6363636363635,1.475304074649328,11.079477462225583,7.988760129163096,15.727272727272727,82,0.0,0.18181818181818182
CustomerId_2961,34845.0,849.88,986.08,10.0,5000.0,41,0,0.0,3,2,849.8780487804878,1.1602579173998002,10.45869363198285,6.746271108054655,12.463414634146341,36,0.07317073170731707,0.12195121951219512
CustomerId_2962,111892.0,5889.05,9976.38,392.0,28000.0,19,0,0.0,3,2,5889.0526315789475,1.6940559170504483,11.625298336489877,8.681019765573948,13.526315789473685,36,0.0,0.3157894736842105
CustomerId_2963,682921.6,4775.68,4356.5,10.0,26000.0,143,0,0.0,3,3,4775.675524475524,0.9122261121113168,13.434136808558852,8.471501023497037,8.692307692307692,89,0.3146853146853147,0.006993006993006993
CustomerId_2965,79000.0,9875.0,8475.81,2000.0,20000.0,8,0,0.0,2,2,9875.0,0.858309873330804,11.277215789596893,9.19786285046507,16.5,42,0.0,0.25
CustomerId_2966,9000.0,9000.0,0.0,9000.0,9000.0,1,0,0.0,1,1,9000.0,0.0,9.105090961257085,9.105090961257085,19.0,0,0.0,0.0
CustomerId_2968,42000.0,7000.0,3949.68,1000.0,11000.0,6,0,0.0,2,2,7000.0,0.5642399999193942,10.645448706505872,8.853808274977197,17.0,0,0.0,0.0
CustomerId_2969,6125.0,1531.25,1174.27,125.0,2500.0,4,0,0.0,2,2,1531.25,0.7668702035808194,8.72029728739272,7.334492522365841,7.0,0,0.0,0.0
CustomerId_2970,49000.0,2041.67,2566.92,25.0,10000.0,24,0,0.0,4,2,2041.6666666666667,1.257264885482343,10.799595985047786,7.622013054604772,12.708333333333334,10,0.20833333333333334,0.25
CustomerId_2971,32000.0,6400.0,3781.53,1000.0,10000.0,5,0,0.0,2,2,6400.0,0.5908640624076775,10.373522431293592,8.764209507142004,14.0,0,0.0,0.0
CustomerId_2972,4675.0,519.44,478.24,25.0,1000.0,9,0,0.0,2,2,519.4444444444445,0.9206838115649857,8.450198322591959,6.254674607635275,12.11111111111111,1,0.0,0.0
CustomerId_2973,131790.0,2196.5,1784.13,40.0,6000.0,60,0,0.0,2,2,2196.5,0.8122604139256726,11.78897261343827,7.695075629559332,13.166666666666666,18,0.05,0.3333333333333333
CustomerId_2974,3150.0,1575.0,2015.25,150.0,3000.0,2,0,0.0,2,2,1575.0,1.2795238087114134,8.055475141757274,7.362645270417825,20.0,0,0.0,0.0
CustomerId_2975,39990.0,930.0,1545.28,20.0,10000.0,43,0,0.0,3,2,930.0,1.6615913960628048,10.596409707779776,6.836259277277067,13.046511627906977,46,0.09302325581395349,0.37209302325581395
CustomerId_2977,144069.0,1485.25,1915.91,20.0,10000.0,97,0,0.0,4,2,1485.2474226804125,1.2899579186736523,11.878054571555518,7.304011448004991,13.45360824742268,74,0.12371134020618557,0.20618556701030927
CustomerId_2979,86000.0,28666.67,44500.94,1000.0,80000.0,3,0,0.0,2,2,28666.666666666668,1.552358191532105,11.362114203075018,10.26352528595505,14.0,0,0.0,1.0
CustomerId_2980,32000.0,6400.0,3781.53,1000.0,10000.0,5,0,0.0,2,2,6400.0,0.5908640624076775,10.373522431293592,8.764209507142004,10.0,0,0.0,0.0
CustomerId_2981,326940.9,3892.15,4804.85,3.9,28000.0,84,0,0.0,4,3,3892.153571428572,1.2344976423738814,12.69753775825219,8.266973877564288,12.785714285714286,77,0.13095238095238096,0.09523809523809523
CustomerId_2982,1000.0,1000.0,0.0,1000.0,1000.0,1,0,0.0,1,1,1000.0,0.0,6.90875477931522,6.90875477931522,15.0,0,0.0,0.0
CustomerId_2983,1500.0,1500.0,0.0,1500.0,1500.0,1,0,0.0,1,1,1500.0,0.0,7.313886831633462,7.313886831633462,20.0,0,0.0,1.0
CustomerId_2984,1020.0,510.0,692.96,20.0,1000.0,2,0,0.0,2,2,510.0,1.3587450953750098,6.928537818164665,6.236369590203704,14.5,0,0.0,0.5
CustomerId_2985,3100.0,1033.33,950.44,100.0,2000.0,3,0,0.0,2,2,1033.3333333333333,0.9197836113150847,8.03947991910045,6.941509153087356,16.0,0,0.0,0.0
CustomerId_2986,83492.0,6957.67,13007.6,100.0,40000.0,12,0,0.0,3,2,6957.666666666667,1.8695339097902697,11.33251807498949,8.847743643114049,14.0,6,0.0,0.0
CustomerId_2987,213130.0,4736.22,7912.2,20.0,43000.0,45,0,0.0,3,2,4736.222222222223,1.6705727348665025,12.269662279116313,8.463205744741662,14.066666666666666,80,0.15555555555555556,0.2222222222222222
CustomerId_2988,2000.0,2000.0,0.0,2000.0,2000.0,1,0,0.0,1,1,2000.0,0.0,7.601402334583733,7.601402334583733,18.0,0,0.0,0.0
CustomerId_2989,2000.0,2000.0,0.0,2000.0,2000.0,1,0,0.0,1,1,2000.0,0.0,7.601402334583733,7.601402334583733,22.0,0,1.0,1.0
CustomerId_2991,122000.0,7176.47,2920.52,1000.0,10000.0,17,0,0.0,2,2,7176.470588235294,0.40695773821851716,11.711784520403112,8.878702232258167,8.588235294117647,20,0.0,0.0
CustomerId_2992,32000.0,4571.43,4035.56,1000.0,10000.0,7,0,0.0,2,2,4571.428571428572,0.882778473938619,10.373522431293592,8.427800071235865,13.0,0,0.0,0.0
CustomerId_2993,63225.0,4516.07,5297.78,100.0,20000.0,14,0,0.0,2,2,4516.071428571428,1.1730951909130958,11.054470887941358,8.415618832545817,14.357142857142858,13,0.07142857142857142,0.14285714285714285
CustomerId_2994,42975.0,1953.41,2573.73,50.0,10000.0,22,0,0.0,2,2,1953.409090909091,1.3175575013348158,10.668397099322965,7.577843636590285,13.863636363636363,23,0.09090909090909091,0.22727272727272727
CustomerId_2995,32000.0,6400.0,3781.53,1000.0,10000.0,5,0,0.0,2,2,6400.0,0.5908640624076775,10.373522431293592,8.764209507142004,13.0,0,0.0,0.0
CustomerId_2996,63384.0,3336.0,5069.7,50.0,15000.0,19,0,0.0,3,2,3336.0,1.5196942441487726,11.056982519372827,8.112827478751374,13.68421052631579,15,0.0,0.42105263157894735
CustomerId_2997,13200.0,1015.38,894.75,50.0,3000.0,13,0,0.0,2,2,1015.3846153846154,0.8811971863920924,9.488047863280759,6.924002573960004,12.615384615384615,40,0.0,0.3076923076923077
CustomerId_3,10000.0,10000.0,0.0,10000.0,10000.0,1,0,0.0,1,1,10000.0,0.0,9.210440366976517,9.210440366976517,16.0,0,0.0,0.0
CustomerId_3000,99500.0,1442.03,2827.77,10.0,22000.0,69,0,0.0,2,2,1442.0289855072465,1.9609647497202105,11.507922973347437,7.2745003485785515,12.695652173913043,75,0.17391304347826086,0.2608695652173913
CustomerId_3001,2500.0,625.0,250.0,500.0,1000.0,4,0,0.0,2,2,625.0,0.39999999936,7.824445930877619,6.439350371100098,13.75,0,0.0,1.0
CustomerId_3002,47105.0,1385.44,3415.38,20.0,20000.0,34,0,0.0,2,2,1385.4411764705883,2.465195170873372,10.76015566042631,7.234494589687444,14.147058823529411,84,0.0,0.11764705882352941
CustomerId_3003,42455.0,2830.33,6497.44,25.0,26000.0,15,0,0.0,3,2,2830.3333333333335,2.295647503190212,10.65622352450773,7.948501844902789,10.0,62,0.0,0.0
CustomerId_3004,1000.0,1000.0,0.0,1000.0,1000.0,1,0,0.0,1,1,1000.0,0.0,6.90875477931522,6.90875477931522,9.0,0,0.0,0.0
CustomerId_3005,3510.0,501.43,285.8,10.0,1000.0,7,0,0.0,2,2,501.42857142857144,0.5699698849889917,8.163656176168432,6.219456326747013,10.571428571428571,0,0.0,0.0
CustomerId_3007,39040.0,6506.67,7706.9,40.0,20000.0,6,0,0.0,3,2,6506.666666666667,1.1844614831881035,10.572367654953075,8.780736760230921,4.166666666666667,5,0.6666666666666666,0.0
CustomerId_3008,389696.4,5266.17,10300.92,10.0,60000.0,74,0,0.0,4,2,5266.167567567568,1.9560553491520296,12.873125819505724,8.569248495400716,12.5,71,0.06756756756756757,0.20270270270270271
CustomerId_3009,15100.0,377.5,360.64,25.0,1000.0,40,0,0.0,2,2,377.5,0.9553377458136748,9.62251624577579,5.936216072877503,15.4,64,0.0,0.15
CustomerId_3011,367021.0,9410.79,13122.49,20.0,50000.0,39,0,0.0,3,2,9410.794871794871,1.3944089708308856,12.813177070744134,9.149718437656137,13.102564102564102,85,0.3076923076923077,0.28205128205128205
CustomerId_3012,31000.0,6200.0,3834.06,1000.0,10000.0,5,0,0.0,2,2,6200.0,0.6183967740938069,10.34177474101152,8.732465848349879,13.0,0,0.0,0.0
CustomerId_3013,89395.0,1787.9,1551.92,20.0,5475.0,50,0,0.0,3,3,1787.9,0.8680127519055804,11.400831217431314,7.48935618479717,10.58,50,0.3,0.32
CustomerId_3014,500.0,500.0,0.0,500.0,500.0,1,0,0.0,1,1,500.0,0.0,6.2166061010848646,6.2166061010848646,12.0,0,0.0,0.0
CustomerId_3015,2020.0,673.33,565.8,20.0,1000.0,3,0,0.0,2,2,673.3333333333334,0.8403011883618712,7.611347717403621,6.513719605333686,15.0,0,0.0,0.0
CustomerId_3016,90000.0,90000.0,0.0,90000.0,90000.0,1,0,0.0,1,1,90000.0,0.0,11.407576060361786,11.407576060361786,11.0,0,0.0,0.0
CustomerId_3020,1010.0,336.67,282.9,10.0,500.0,3,0,0.0,2,2,336.6666666666667,0.8402887075168897,6.918695219020472,5.822069087200161,19.0,0,0.0,0.0
CustomerId_3022,1011723.0,9544.56,14661.09,20.0,80000.0,106,0,0.0,6,3,9544.556603773584,1.5360676656088843,13.827166364359975,9.163831403899312,12.81132075471698,85,0.05660377358490566,0.330188679245283
CustomerId_3026,7000.0,1750.0,500.0,1000.0,2000.0,4,0,0.0,1,1,1750.0,0.2857142855510204,8.853808274977197,7.467942332285852,16.5,6,0.25,0.25
CustomerId_3027,91000.0,45500.0,62932.5,1000.0,90000.0,2,0,0.0,2,1,45500.0,1.3831318681014697,11.418625774449598,10.725489582719506,8.0,0,0.0,0.0
CustomerId_3030,572500.5,4178.84,14354.15,5.0,90000.0,137,0,0.0,5,2,4178.835766423358,3.4349604188159963,13.257770634494436,8.338028247274238,12.693430656934307,14,0.043795620437956206,0.25547445255474455
CustomerId_3031,7575.0,688.64,868.05,10.0,3000.0,11,0,0.0,2,2,688.6363636363636,1.260527995381436,8.932740634865914,6.53616972230765,11.727272727272727,11,0.0,0.09090909090909091
CustomerId_3032,500.0,500.0,0.0,500.0,500.0,1,0,0.0,1,1,500.0,0.0,6.2166061010848646,6.2166061010848646,17.0,0,0.0,0.0
CustomerId_3033,9100.0,1137.5,974.95,50.0,3000.0,8,0,0.0,2,2,1137.5,0.8570989003454075,9.116139576577355,7.037466885503794,7.625,7,0.0,0.25
CustomerId_3034,82920.0,753.82,1091.18,10.0,5000.0,110,0,0.0,2,2,753.8181818181819,1.4475338921127936,11.325643626293688,6.6264793102286745,12.772727272727273,41,0.03636363636363636,0.12727272727272726
CustomerId_3035,164005.0,2484.92,6557.12,20.0,50000.0,66,0,0.0,4,2,2484.9242424242425,2.63876502960306,12.007658291502961,7.818398091343691,13.272727272727273,69,0.15151515151515152,0.25757575757575757
CustomerId_3036,54075.0,1257.56,2267.76,6.0,10000.0,43,0,0.0,2,2,1257.5581395348838,1.8033016302973206,10.898145743484296,7.137723489243444,13.651162790697674,51,0.023255813953488372,0.3023255813953488
CustomerId_3037,50000.0,50000.0,0.0,50000.0,50000.0,1,0,0.0,1,1,50000.0,0.0,10.819798284210286,10.819798284210286,11.0,0,0.0,1.0
CustomerId_3038,3000.0,1000.0,0.0,1000.0,1000.0,3,0,0.0,2,1,1000.0,0.0,8.006700845440367,6.90875477931522,19.333333333333332,0,0.0,0.0
CustomerId_3040,23000.0,5750.0,6396.61,1000.0,15000.0,4,0,0.0,2,2,5750.0,1.112453912850008,10.043292972227004,8.657129031713755,12.5,0,0.25,0.0
CustomerId_3041,393970.5,4377.45,12823.16,10.0,90000.0,90,0,0.0,3,2,4377.45,2.92936755350047,12.884033850638387,8.384450059461196,12.811111111111112,13,0.08888888888888889,0.24444444444444444
CustomerId_3042,5000.0,5000.0,0.0,5000.0,5000.0,1,0,0.0,1,1,5000.0,0.0,8.517393171418904,8.517393171418904,8.0,0,0.0,0.0
CustomerId_3043,15190.0,1168.46,1377.24,20.0,3500.0,13,0,0.0,3,2,1168.4615384615386,1.1786796285891858,9.628458426207663,7.064297382788604,14.846153846153847,51,0.07692307692307693,0.23076923076923078
CustomerId_3044,19595.0,1399.64,827.04,30.0,3000.0,14,0,0.0,2,3,1399.642857142857,0.5908948010982146,9.883080742758466,7.24468455400253,13.714285714285714,17,0.21428571428571427,0.35714285714285715
CustomerId_3045,160000.0,80000.0,0.0,80000.0,80000.0,2,0,0.0,1,1,80000.0,0.0,11.982935344196433,11.289794413577894,11.0,0,0.0,0.0
CustomerId_3046,32000.0,5333.33,4013.81,1000.0,10000.0,6,0,0.0,2,2,5333.333333333333,0.7525898452275426,10.373522431293592,8.581918570094851,9.0,0,0.0,0.0
CustomerId_3047,31000.0,6200.0,3834.06,1000.0,10000.0,5,0,0.0,2,2,6200.0,0.6183967740938069,10.34177474101152,8.732465848349879,11.0,0,0.0,0.0
CustomerId_3048,169181.0,2197.16,2945.26,20.0,15000.0,77,0,0.0,4,2,2197.155844155844,1.3404849891038957,12.038730337516466,7.695375925762842,13.558441558441558,68,0.05194805194805195,0.09090909090909091
CustomerId_3049,256000.0,51200.0,44211.99,1000.0,90000.0,5,0,0.0,2,2,51200.0,0.8635154296706344,12.45293662970407,10.843514342086866,13.4,0,0.0,1.0
CustomerId_3050,20000.0,20000.0,0.0,20000.0,20000.0,1,0,0.0,1,1,20000.0,0.0,9.90353755128617,9.90353755128617,17.0,0,0.0,0.0
CustomerId_3051,92000.0,7076.92,3040.33,1000.0,10000.0,13,0,0.0,2,2,7076.923076923077,0.429612034553222,11.429554725537322,8.864735358213673,6.6923076923076925,14,0.07692307692307693,0.0
CustomerId_3052,11080.0,923.33,644.87,40.0,1500.0,12,0,0.0,2,2,923.3333333333334,0.6984176830619413,9.312987208936326,6.829069150738498,15.083333333333334,28,0.16666666666666666,0.0
CustomerId_3053,90000.0,90000.0,0.0,90000.0,90000.0,1,0,0.0,1,1,90000.0,0.0,11.407576060361786,11.407576060361786,9.0,0,0.0,0.0
CustomerId_3054,22420.0,1180.0,2230.72,20.0,10000.0,19,0,0.0,3,2,1180.0,1.890440676364033,10.017753298664472,7.074116816197362,15.157894736842104,3,0.0,0.10526315789473684
CustomerId_3057,6500.0,812.5,258.77,500.0,1000.0,8,0,0.0,2,2,812.5,0.31848615345417086,8.77971129020447,6.7013459266590925,9.875,3,0.0,0.875
CustomerId_3058,78420.0,2800.71,4854.89,10.0,20000.0,28,0,0.0,3,2,2800.714285714286,1.733449731770355,11.269847027614036,7.937985224038932,9.571428571428571,0,0.5714285714285714,0.0
CustomerId_3061,112000.0,8000.0,3679.46,1000.0,15000.0,14,0,0.0,2,2,8000.0,0.4599324999425084,11.626263078808801,8.987321812850125,13.142857142857142,18,0.0,0.07142857142857142
CustomerId_3062,500.0,500.0,0.0,500.0,500.0,1,0,0.0,1,1,500.0,0.0,6.2166061010848646,6.2166061010848646,8.0,0,0.0,1.0
CustomerId_3063,341000.0,34100.0,39526.22,1000.0,80000.0,10,0,0.0,4,2,34100.0,1.1591266861830167,12.739640688812674,10.43708198835482,10.8,2,0.0,0.9
CustomerId_3064,172000.0,7478.26,3342.15,1000.0,16000.0,23,0,0.0,2,2,7478.260869565217,0.44691545888389606,12.055255569732177,8.919889135593296,12.869565217391305,25,0.043478260869565216,0.043478260869565216
CustomerId_3066,1169004.0,1910.14,5182.78,20.0,55000.0,612,0,0.0,5,3,1910.137254901961,2.713298500260034,13.971663517605025,7.555455201630145,12.944444444444445,56,0.08006535947712418,0.32189542483660133
CustomerId_3067,2000.0,2000.0,0.0,2000.0,2000.0,1,0,0.0,1,1,2000.0,0.0,7.601402334583733,7.601402334583733,15.0,0,0.0,0.0
CustomerId_3068,40225.0,2234.72,2137.1,10.0,5000.0,18,0,0.0,2,2,2234.722222222222,0.9563166745917536,10.602268831713166,7.712318602820263,13.444444444444445,6,0.0,0.3888888888888889
CustomerId_3069,1000.0,1000.0,0.0,1000.0,1000.0,1,0,0.0,1,1,1000.0,0.0,6.90875477931522,6.90875477931522,12.0,0,0.0,1.0
CustomerId_3072,22000.0,5500.0,3696.85,1000.0,10000.0,4,0,0.0,2,2,5500.0,0.6721545453323354,9.99884318585288,8.612685172875459,13.0,0,0.0,0.0
CustomerId_3073,12170.0,1106.36,1484.85,10.0,5000.0,11,0,0.0,3,2,1106.3636363636363,1.342103834789667,9.406811351874557,7.009734083093553,14.727272727272727,5,0.0,0.0
CustomerId_3074,172000.0,7818.18,2905.44,1000.0,11000.0,22,0,0.0,2,2,7818.181818181818,0.3716261328887764,12.055255569732177,8.964334968706194,9.818181818181818,25,0.09090909090909091,0.13636363636363635
CustomerId_3075,1596490.0,34706.3,39781.16,40.0,90000.0,46,7,0.15,4,2,34706.30434782609,1.1462230199950376,14.28331865378942,10.45470531844908,12.23913043478261,80,0.06521739130434782,0.15217391304347827
CustomerId_3076,3020.0,755.0,490.0,20.0,1000.0,4,0,0.0,2,2,755.0,0.6490066216569449,8.013343181386672,6.628041376179533,20.0,0,0.0,0.0
CustomerId_3077,152000.0,7600.0,3299.12,1000.0,15000.0,20,0,0.0,2,2,7600.0,0.4340947367849875,11.931642378754141,8.936035096566041,16.55,28,0.0,0.0
CustomerId_3078,1787660.0,3119.83,10667.34,10.0,90000.0,573,0,0.0,3,2,3119.825479930192,3.419205532538887,14.396418619424317,8.045854271066007,9.68760907504363,24,0.04013961605584642,0.11343804537521815
CustomerId_3079,10120.0,1265.0,1265.16,20.0,3500.0,8,0,0.0,2,2,1265.0,1.0001264814228248,9.222367752188902,7.143617602704121,10.375,52,0.0,0.0
CustomerId_3081,22000.0,11000.0,1414.21,10000.0,12000.0,2,0,0.0,2,1,11000.0,0.12856454544285778,9.99884318585288,9.305741456739435,8.0,0,0.0,0.0
CustomerId_3083,28600.0,1059.26,1583.06,25.0,7000.0,27,0,0.0,2,2,1059.2592592592594,1.4944961562841075,10.261196961231647,6.966269440048019,14.407407407407407,29,0.2222222222222222,0.07407407407407407
CustomerId_3084,102000.0,7285.71,3148.35,1000.0,11000.0,14,0,0.0,2,2,7285.714285714285,0.43212672472111474,11.532737896139919,8.893807419979778,11.0,18,0.0,0.07142857142857142
CustomerId_3085,92000.0,7076.92,3174.42,1000.0,11000.0,13,0,0.0,2,2,7076.923076923077,0.44855954278859167,11.429554725537322,8.864735358213673,14.923076923076923,35,0.0,0.0
CustomerId_3087,1800.0,900.0,0.0,900.0,900.0,2,0,0.0,1,1,900.0,0.0,7.496097345175956,6.803505257608338,17.0,0,0.0,1.0
CustomerId_3088,1178791.0,13097.68,19266.14,10.0,70000.0,90,0,0.0,5,2,13097.677777777777,1.4709582153884535,13.980000743260042,9.480266740753496,9.955555555555556,63,0.2,0.2111111111111111
CustomerId_3089,276473.0,15359.61,25171.52,48.0,67000.0,18,0,0.0,4,2,15359.611111111111,1.638812443698843,12.52987206297346,9.639561719454768,10.5,19,0.16666666666666666,0.2222222222222222
CustomerId_3090,96200.0,24050.0,44015.64,500.0,90000.0,4,0,0.0,2,1,24050.0,1.8301721412960428,11.474195031610165,10.087931854711062,9.0,0,0.0,0.0
CustomerId_3091,325675.0,1819.41,2814.34,10.0,16000.0,179,0,0.0,4,2,1819.4134078212292,1.5468421073057517,12.69365830110684,7.506817029425575,11.41340782122905,68,0.13966480446927373,0.15083798882681565
CustomerId_3092,310753.5,3789.68,4695.15,25.0,21000.0,82,0,0.0,3,3,3789.6768292682927,1.2389304634589384,12.646758490362235,8.24030070150778,10.621951219512194,86,0.04878048780487805,0.15853658536585366
CustomerId_3093,32000.0,6400.0,3781.53,1000.0,10000.0,5,0,0.0,2,2,6400.0,0.5908640624076775,10.373522431293592,8.764209507142004,8.0,0,0.0,0.0
CustomerId_3096,4000.0,1333.33,763.76,500.0,2000.0,3,0,0.0,2,1,1333.3333333333333,0.5728214316239629,8.294299608857235,7.196184572194938,14.333333333333334,6,0.0,0.3333333333333333
CustomerId_3097,114284.0,2197.77,5551.65,50.0,30000.0,52,0,0.0,4,2,2197.769230769231,2.526037755303768,11.64645060757522,7.695653392087715,9.826923076923077,59,0.3076923076923077,0.21153846153846154
CustomerId_3098,50000.0,50000.0,0.0,50000.0,50000.0,1,0,0.0,1,1,50000.0,0.0,10.819798284210286,10.819798284210286,12.0,0,0.0,0.0
CustomerId_3102,1505120.0,7640.2,19783.66,10.0,90000.0,197,0,0.0,3,2,7640.203045685279,2.5894165070823516,14.22438385160441,8.941309937889496,9.472081218274111,46,0.01015228426395939,0.16751269035532995
CustomerId_3103,1453989.0,18882.97,26336.33,250.0,90000.0,77,0,0.0,4,3,18882.974025974025,1.3947133315683542,14.189822059472858,9.846068693018442,11.376623376623376,82,0.025974025974025976,0.2597402597402597
CustomerId_3104,66600.0,3917.65,3531.95,100.0,10000.0,17,0,0.0,2,2,3917.6470588235293,0.9015481217307446,11.106474871430772,8.273502485714324,14.647058823529411,77,0.0,0.17647058823529413
CustomerId_3105,165362.0,830.96,678.62,10.0,3000.0,199,0,0.0,3,2,830.964824120603,0.8166698748234934,12.015898336426204,6.723784362742399,12.492462311557789,89,0.1507537688442211,0.21608040201005024
CustomerId_3107,10000.0,10000.0,0.0,10000.0,10000.0,1,0,0.0,1,1,10000.0,0.0,9.210440366976517,9.210440366976517,7.0,0,0.0,1.0
CustomerId_3109,32000.0,6400.0,3781.53,1000.0,10000.0,5,0,0.0,2,2,6400.0,0.5908640624076775,10.373522431293592,8.764209507142004,8.6,0,0.0,0.0
CustomerId_3110,153000.0,7650.0,3013.57,1000.0,11000.0,20,0,0.0,2,2,7650.0,0.39393071890275416,11.938199736300925,8.942591637231851,13.15,32,0.0,0.05
CustomerId_3111,618600.0,5523.21,9641.24,20.0,65000.0,112,0,0.0,3,2,5523.214285714285,1.745586352547597,13.335215755785308,8.61689552973708,12.9375,85,0.09821428571428571,0.16964285714285715
CustomerId_3112,48700.0,1873.08,3537.52,25.0,13000.0,26,0,0.0,3,2,1873.076923076923,1.8886112702668272,10.793454842740767,7.535873151321565,14.153846153846153,1,0.38461538461538464,0.8461538461538461
CustomerId_3113,142917.0,10993.62,10790.54,25.0,28000.0,13,0,0.0,3,2,10993.615384615385,0.9815274676601949,11.870026318196722,9.305161341227445,9.846153846153847,54,0.15384615384615385,0.0
CustomerId_3115,3075.0,512.5,430.62,25.0,1000.0,6,0,0.0,2,2,512.5,0.8402341447019822,8.031385330625534,6.241250029368613,12.5,4,0.3333333333333333,0.16666666666666666
CustomerId_3116,22740.0,668.82,804.49,20.0,4000.0,34,0,0.0,2,2,668.8235294117648,1.2028497933631623,10.03192474171143,6.507009019573913,13.323529411764707,37,0.08823529411764706,0.4117647058823529
CustomerId_3117,1000.0,1000.0,0.0,1000.0,1000.0,1,0,0.0,1,1,1000.0,0.0,6.90875477931522,6.90875477931522,16.0,0,0.0,1.0
CustomerId_3118,500.0,500.0,0.0,500.0,500.0,1,0,0.0,1,1,500.0,0.0,6.2166061010848646,6.2166061010848646,21.0,0,0.0,0.0
CustomerId_3120,131342.0,2478.15,2680.27,50.0,10000.0,53,0,0.0,3,3,2478.1509433962265,1.0815608413205169,11.785567500964229,7.815671038474102,14.81132075471698,89,0.0,0.11320754716981132
CustomerId_3121,124130.0,1655.07,4243.2,25.0,27000.0,75,0,0.0,2,2,1655.0666666666666,2.5637586310163565,11.729092738547793,7.412202604583232,12.28,38,0.05333333333333334,0.2
CustomerId_3123,47691.0,836.68,1464.92,10.0,10000.0,57,0,0.0,2,2,836.6842105263158,1.750872493963197,10.772518947926022,6.730636165979207,13.052631578947368,88,0.10526315789473684,0.2807017543859649
CustomerId_3124,206066.0,2315.35,3952.41,20.0,30000.0,89,0,0.0,4,3,2315.3483146067415,1.7070464501232876,12.235956637610217,7.747747949900228,11.573033707865168,43,0.07865168539325842,0.2247191011235955
CustomerId_3125,16220.0,1474.55,2325.87,20.0,8000.0,11,0,0.0,3,2,1474.5454545454545,1.5773422389357143,9.694061978050115,7.296786080626877,13.909090909090908,3,0.18181818181818182,0.18181818181818182
CustomerId_3126,88100.0,7341.67,15521.74,600.0,50000.0,12,0,0.0,3,2,7341.666666666667,2.114197450700699,11.386239162597649,8.901457815681837,15.583333333333334,30,0.0,0.25
CustomerId_3127,45000.0,7500.0,2738.61,5000.0,10000.0,6,0,0.0,1,1,7500.0,0.3651479999513136,10.714439990727769,8.922791623969637,13.166666666666666,0,0.0,0.0
CustomerId_3128,20000.0,20000.0,0.0,20000.0,20000.0,1,0,0.0,1,1,20000.0,0.0,9.90353755128617,9.90353755128617,11.0,0,0.0,0.0
CustomerId_3130,5200.0,2600.0,1979.9,1200.0,4000.0,2,0,0.0,1,1,2600.0,0.7614999997071155,8.556606193773073,7.8636512654486515,8.0,0,0.0,0.0
CustomerId_3133,141840.0,28368.0,40552.2,40.0,90000.0,5,0,0.0,3,2,28368.0,1.4295050760917405,11.862461990920643,10.253052278679716,10.0,34,0.0,0.0
CustomerId_3135,90400.0,8218.18,5090.74,200.0,20000.0,11,0,0.0,2,2,8218.181818181818,0.619448588298206,11.412010608265987,9.014225726383199,16.545454545454547,77,0.0,0.0
CustomerId_3137,62000.0,6888.89,3257.47,1000.0,10000.0,9,0,0.0,2,2,6888.888888888889,0.4728584720509605,11.034905792929415,8.837810398713351,14.11111111111111,6,0.0,0.0
CustomerId_3138,500.0,500.0,0.0,500.0,500.0,1,0,0.0,1,1,500.0,0.0,6.2166061010848646,6.2166061010848646,11.0,0,0.0,0.0
CustomerId_3140,52615.0,974.35,1731.9,25.0,10000.0,54,0,0.0,3,2,974.3518518518518,1.777492685608362,10.870775534981187,6.882796380940942,13.925925925925926,12,0.0,0.24074074074074073
CustomerId_3141,4070.0,814.0,820.05,20.0,2000.0,5,0,0.0,2,2,814.0,1.0074324311948004,8.31164394850298,6.703188113240863,15.8,0,1.0,0.0
CustomerId_3143,10080.0,1440.0,956.38,40.0,2000.0,7,0,0.0,2,2,1440.0,0.6641527773165605,9.218407743053941,7.273092595999522,12.571428571428571,55,0.0,0.7142857142857143
CustomerId_3145,500.0,500.0,0.0,500.0,500.0,1,0,0.0,1,1,500.0,0.0,6.2166061010848646,6.2166061010848646,16.0,0,0.0,0.0
CustomerId_3147,32000.0,5333.33,4033.2,1000.0,10000.0,6,0,0.0,2,2,5333.333333333333,0.756225472499128,10.373522431293592,8.581918570094851,7.0,0,0.0,0.0
CustomerId_3148,5000.0,5000.0,0.0,5000.0,5000.0,1,0,0.0,1,1,5000.0,0.0,8.517393171418904,8.517393171418904,19.0,0,0.0,0.0
CustomerId_3149,1000.0,1000.0,0.0,1000.0,1000.0,1,0,0.0,1,1,1000.0,0.0,6.90875477931522,6.90875477931522,7.0,0,0.0,1.0
CustomerId_3150,50550.0,871.55,975.03,25.0,3500.0,58,0,0.0,2,2,871.551724137931,1.118730995216877,10.830738006646618,6.77141995902488,14.310344827586206,42,0.13793103448275862,0.3275862068965517
CustomerId_3151,2020.0,673.33,565.8,20.0,1000.0,3,0,0.0,2,2,673.3333333333334,0.8403011883618712,7.611347717403621,6.513719605333686,19.0,0,0.0,0.0
CustomerId_3152,1500.0,1500.0,0.0,1500.0,1500.0,1,0,0.0,1,1,1500.0,0.0,7.313886831633462,7.313886831633462,18.0,0,0.0,0.0
CustomerId_3153,36915.0,1230.5,2056.65,20.0,10000.0,30,0,0.0,2,2,1230.5,1.6713937410228412,10.516400340385468,7.115988217560592,13.4,13,0.06666666666666667,0.26666666666666666
CustomerId_3156,104680.0,4551.3,6918.46,10.0,20000.0,23,0,0.0,4,2,4551.304347826087,1.520106342908596,11.558672909521647,8.423387878731182,13.91304347826087,66,0.0,0.21739130434782608
CustomerId_3158,1000.0,1000.0,0.0,1000.0,1000.0,1,0,0.0,1,1,1000.0,0.0,6.90875477931522,6.90875477931522,17.0,0,0.0,1.0
CustomerId_3159,23420.0,2927.5,6124.54,20.0,18000.0,8,0,0.0,4,2,2927.5,2.0920717328464318,10.0613883347884,7.982245625529837,10.875,27,0.0,0.625
CustomerId_3160,40000.0,20000.0,0.0,20000.0,20000.0,2,0,0.0,2,1,20000.0,0.0,10.596659732783579,9.90353755128617,19.0,0,0.0,1.0
CustomerId_3162,14180.0,2025.71,1883.78,80.0,5000.0,7,0,0.0,2,2,2025.7142857142858,0.9299356764147209,9.559658319461347,7.614169067642468,8.714285714285714,4,0.0,0.0
CustomerId_3163,109885.5,2497.4,4318.92,20.0,20000.0,44,0,0.0,3,2,2497.3977272727275,1.7293665405103842,11.607203293901897,7.823405805968869,13.0,43,0.045454545454545456,0.38636363636363635
CustomerId_3164,177400.0,7096.0,3441.47,200.0,11000.0,25,0,0.0,2,2,7096.0,0.4849873167298495,12.086167985820309,8.867427438524983,10.52,25,0.16,0.08
CustomerId_3165,123748.0,6513.05,12586.84,10.0,41000.0,19,0,0.0,5,3,6513.0526315789475,1.9325569430708258,11.726010599590206,8.781716661581974,8.68421052631579,76,0.05263157894736842,0.3157894736842105
CustomerId_3166,1000.0,1000.0,0.0,1000.0,1000.0,1,0,0.0,1,1,1000.0,0.0,6.90875477931522,6.90875477931522,13.0,0,0.0,1.0
CustomerId_3167,34430.0,3825.56,3740.18,40.0,12000.0,9,0,0.0,3,3,3825.5555555555557,0.9776816986329631,10.446712600348778,8.249721506252484,12.555555555555555,45,0.2222222222222222,0.6666666666666666
CustomerId_3168,10530.0,1504.29,1751.68,10.0,4000.0,7,0,0.0,3,2,1504.2857142857142,1.1644563208128378,9.262078567380597,7.316740849650344,22.0,0,1.0,1.0
CustomerId_3169,22500.0,5625.0,5088.79,500.0,10000.0,4,0,0.0,2,1,5625.0,0.9046737776169468,10.021315031649332,8.635153989049803,17.0,0,0.0,0.0
CustomerId_3170,1000.0,1000.0,0.0,1000.0,1000.0,1,0,0.0,1,1,1000.0,0.0,6.90875477931522,6.90875477931522,8.0,0,0.0,1.0
CustomerId_3171,61840.0,20613.33,34109.95,840.0,60000.0,3,0,0.0,2,2,20613.333333333332,1.6547520462897185,11.032321853893817,9.93374174400649,10.0,0,0.0,0.0
CustomerId_3172,142400.0,7120.0,6077.45,500.0,20000.0,20,0,0.0,2,2,7120.0,0.8535744380823631,11.866402300407264,8.870803443982124,9.7,86,0.1,0.45
CustomerId_3174,243531.4,20294.28,30863.27,11.4,72000.0,12,0,0.0,3,2,20294.283333333333,1.5207866452261039,12.4030052722014,9.918143625679429,10.916666666666666,0,0.0,0.25
CustomerId_3175,24600.0,3514.29,5160.81,50.0,12000.0,7,0,0.0,2,2,3514.285714285714,1.4685213794341045,10.110542371500753,8.164877304397722,11.857142857142858,8,0.0,0.0
CustomerId_3177,32000.0,6400.0,3781.53,1000.0,10000.0,5,0,0.0,2,2,6400.0,0.5908640624076775,10.373522431293592,8.764209507142004,11.0,0,0.0,0.0
CustomerId_3178,256000.0,51200.0,44211.99,1000.0,90000.0,5,0,0.0,2,2,51200.0,0.8635154296706344,12.45293662970407,10.843514342086866,13.0,0,0.0,1.0
CustomerId_3179,32000.0,6400.0,3781.53,1000.0,10000.0,5,0,0.0,2,2,6400.0,0.5908640624076775,10.373522431293592,8.764209507142004,14.0,0,0.0,0.0
CustomerId_3180,314299.0,3880.23,5119.55,30.0,30000.0,81,0,0.0,3,3,3880.2345679012346,1.3193934376778198,12.658103222785659,8.263907392689447,13.802469135802468,86,0.037037037037037035,0.1728395061728395
CustomerId_3181,63080.0,3504.44,4652.27,20.0,15000.0,18,0,0.0,4,2,3504.4444444444443,1.3275359254752441,11.052174893836543,8.162071326539909,10.11111111111111,35,0.4444444444444444,0.6111111111111112
CustomerId_3183,62000.0,6888.89,3257.47,1000.0,10000.0,9,0,0.0,2,2,6888.888888888889,0.4728584720509605,11.034905792929415,8.837810398713351,8.11111111111111,9,0.0,0.0
CustomerId_3184,42000.0,7000.0,3687.82,1000.0,10000.0,6,0,0.0,2,2,7000.0,0.5268314284961669,10.645448706505872,8.853808274977197,11.0,0,0.0,0.0
CustomerId_3187,104330.0,1490.43,1574.74,20.0,5000.0,70,0,0.0,2,3,1490.4285714285713,1.0565675670400034,11.555323816386846,7.307490670235264,11.914285714285715,55,0.07142857142857142,0.1
CustomerId_3188,5000.0,5000.0,0.0,5000.0,5000.0,1,0,0.0,1,1,5000.0,0.0,8.517393171418904,8.517393171418904,8.0,0,0.0,0.0
CustomerId_3189,18000.0,9000.0,11313.71,1000.0,17000.0,2,0,0.0,2,1,9000.0,1.2570788887492133,9.798182590890704,9.105090961257085,12.0,0,0.0,1.0
CustomerId_319,62000.0,62000.0,0.0,62000.0,62000.0,1,0,0.0,1,1,62000.0,0.0,11.034905792929415,11.034905792929415,11.0,0,0.0,0.0
CustomerId_3190,262400.0,7717.65,2969.39,200.0,10200.0,34,0,0.0,2,2,7717.64705882353,0.384753130760691,12.47762914702042,8.951394757260879,10.205882352941176,39,0.29411764705882354,0.08823529411764706
CustomerId_3191,32000.0,6400.0,3781.53,1000.0,10000.0,5,0,0.0,2,2,6400.0,0.5908640624076775,10.373522431293592,8.764209507142004,10.0,0,0.0,0.0
CustomerId_3192,117000.0,6882.35,3276.48,1000.0,10000.0,17,0,0.0,2,2,6882.35294117647,0.4760699469692663,11.669937760751914,8.836860731025643,14.352941176470589,20,0.0,0.0
CustomerId_3193,62156.0,6906.22,12542.84,24.0,30000.0,9,0,0.0,3,2,6906.222222222223,1.8161657170179684,11.037418721328592,8.840322520326325,14.0,0,0.0,0.0
CustomerId_3194,10000.0,10000.0,0.0,10000.0,10000.0,1,0,0.0,1,1,10000.0,0.0,9.210440366976517,9.210440366976517,16.0,0,0.0,0.0
CustomerId_3196,5740.0,521.82,504.5,20.0,1135.0,11,0,0.0,2,2,521.8181818181819,0.9668084761664779,8.655388690167637,6.259237236565396,12.636363636363637,1,0.0,0.09090909090909091
CustomerId_3197,80000.0,80000.0,0.0,80000.0,80000.0,1,0,0.0,1,1,80000.0,0.0,11.289794413577894,11.289794413577894,9.0,0,0.0,0.0
CustomerId_3198,346291.0,10821.59,16774.02,40.0,75000.0,32,0,0.0,3,2,10821.59375,1.5500513324243432,12.755037628766468,9.289390895289873,13.75,61,0.03125,0.3125
CustomerId_320,40000.0,20000.0,0.0,20000.0,20000.0,2,0,0.0,1,1,20000.0,0.0,10.596659732783579,9.90353755128617,4.0,0,1.0,0.0
CustomerId_3200,282438.0,6419.05,13424.5,40.0,55000.0,44,0,0.0,3,2,6419.045454545455,2.0913530815165244,12.551217877049027,8.767181184815673,15.045454545454545,61,0.06818181818181818,0.5
CustomerId_3201,40000.0,20000.0,0.0,20000.0,20000.0,2,0,0.0,1,1,20000.0,0.0,10.596659732783579,9.90353755128617,10.5,0,0.0,0.0
CustomerId_3202,1000.0,1000.0,0.0,1000.0,1000.0,1,0,0.0,1,1,1000.0,0.0,6.90875477931522,6.90875477931522,10.0,0,0.0,0.0
CustomerId_3203,91000.0,22750.0,38213.22,1000.0,80000.0,4,0,0.0,3,2,22750.0,1.679701977948145,11.418625774449598,10.032364379457015,11.0,0,0.0,1.0
CustomerId_3204,760101.5,1784.28,3283.2,7.4,30000.0,426,0,0.0,4,3,1784.2758215962442,1.840069943147897,13.541208571589639,7.487330544657164,13.232394366197184,80,0.11737089201877934,0.3380281690140845
CustomerId_3205,33590.0,1119.67,2017.51,50.0,11000.0,30,0,0.0,3,2,1119.6666666666667,1.8018791234900644,10.422013452928306,7.021681999716016,14.5,49,0.0,0.36666666666666664
CustomerId_3206,171000.0,34200.0,41841.37,1000.0,80000.0,5,0,0.0,2,2,34200.0,1.2234318713092565,12.049424683420915,10.440010162389305,10.0,0,0.0,1.0
CustomerId_3208,167050.0,8352.5,13069.08,50.0,50000.0,20,0,0.0,3,2,8352.5,1.5646908109470588,12.026054433998652,9.030435891697833,12.1,22,0.0,0.0
CustomerId_3209,83397.75,896.75,1258.18,10.0,5555.0,93,0,0.0,3,2,896.75,1.4030443251708455,11.331388600224924,6.799891633106192,15.03225806451613,61,0.0967741935483871,0.15053763440860216
CustomerId_321,90000.0,90000.0,0.0,90000.0,90000.0,1,0,0.0,1,1,90000.0,0.0,11.407576060361786,11.407576060361786,12.0,0,0.0,0.0
CustomerId_3210,105000.0,8750.0,2261.34,5000.0,10000.0,12,0,0.0,2,2,8750.0,0.25843885711332126,11.561725152903833,9.076923258535832,12.25,0,0.0,0.0
CustomerId_3211,41000.0,6833.33,3763.86,1000.0,10000.0,6,0,0.0,2,2,6833.333333333333,0.5508090490945396,10.62135173563291,8.829713719481315,11.0,0,0.0,0.0
CustomerId_3212,4050.0,810.0,424.85,50.0,1000.0,5,0,0.0,2,2,810.0,0.5245061721919677,8.30671904320269,6.698268054115413,13.0,6,0.2,0.0
CustomerId_3213,184758.0,3131.49,2562.31,30.0,10000.0,59,0,0.0,4,2,3131.491525423729,0.8182398791571298,12.126807552102962,8.04958349442674,14.305084745762711,83,0.2542372881355932,0.15254237288135594
CustomerId_3214,500.0,500.0,0.0,500.0,500.0,1,0,0.0,1,1,500.0,0.0,6.2166061010848646,6.2166061010848646,2.0,0,1.0,0.0
CustomerId_3215,22000.0,5500.0,3696.85,1000.0,10000.0,4,0,0.0,2,2,5500.0,0.6721545453323354,9.99884318585288,8.612685172875459,14.0,0,0.0,0.0
CustomerId_3217,28120.0,2812.0,3900.6,20.0,10000.0,10,0,0.0,2,2,2812.0,1.3871265997912068,10.24427190716996,7.9420068084898565,17.8,51,0.0,0.3
CustomerId_3218,290845.0,2237.27,11087.52,20.0,90000.0,130,0,0.0,2,2,2237.269230769231,4.955825624553217,12.5805491964508,7.713458525026672,14.2,1,0.007692307692307693,0.9923076923076923
CustomerId_3219,61400.0,7675.0,6475.61,200.0,20000.0,8,0,0.0,2,2,7675.0,0.8437276871864849,11.02518140064756,8.94585385712759,11.375,0,0.0,0.0
CustomerId_322,500.0,500.0,0.0,500.0,500.0,1,0,0.0,1,1,500.0,0.0,6.2166061010848646,6.2166061010848646,12.0,0,0.0,0.0
CustomerId_3220,23020.0,3288.57,3589.28,20.0,10000.0,7,0,0.0,4,2,3288.5714285714284,1.0914409603288235,10.044162121818896,8.098512136129402,13.285714285714286,6,0.0,0.0
CustomerId_3221,28945.0,964.83,1138.21,10.0,5000.0,30,0,0.0,2,2,964.8333333333334,1.1797000495634464,10.273187304197549,6.872987835288763,11.2,7,0.0,0.06666666666666667
CustomerId_3222,91099.0,6073.27,9318.6,100.0,25000.0,15,0,0.0,3,2,6073.266666666666,1.5343628718080435,11.41971308324805,8.71181709637935,15.066666666666666,53,0.0,0.3333333333333333
CustomerId_3223,85250.0,1894.44,2340.92,50.0,10000.0,45,0,0.0,2,2,1894.4444444444443,1.235679144636051,11.353355125282244,7.547206280538221,12.133333333333333,82,0.022222222222222223,0.17777777777777778
CustomerId_3224,164921.2,3748.21,7589.31,6.2,36000.0,44,0,0.0,5,3,3748.209090909091,2.024782495637976,12.013229126532977,8.22930043010445,9.931818181818182,42,0.1590909090909091,0.22727272727272727
CustomerId_3225,873447.3,3001.54,3803.54,4.8,15000.0,291,0,0.0,4,2,3001.537113402062,1.2671961722092007,13.6802042196266,8.007213876096872,11.147766323024054,83,0.13402061855670103,0.18556701030927836
CustomerId_3226,21400.0,4280.0,5231.83,200.0,10000.0,5,0,0.0,3,2,4280.0,1.2223901866302826,9.97119292889014,8.361941906144946,10.0,0,0.0,0.0
CustomerId_3229,24540.0,2454.0,3045.04,40.0,10000.0,10,0,0.0,3,2,2454.0,1.2408475952563784,10.108100467230903,7.805882040228621,9.6,80,0.2,0.1
CustomerId_323,687000.0,76333.33,20518.28,47000.0,90000.0,9,0,0.0,2,1,76333.33333333333,0.268798439682,13.440091026807503,11.242878050551587,18.77777777777778,45,0.1111111111111111,0.0
CustomerId_3230,24975.0,1560.94,2426.33,50.0,10000.0,16,0,0.0,2,2,1560.9375,1.5544031150752728,10.125670642755214,7.353683917369927,15.5,51,0.0625,0.3125
CustomerId_3231,5000.0,5000.0,0.0,5000.0,5000.0,1,0,0.0,1,1,5000.0,0.0,8.517393171418904,8.517393171418904,8.0,0,0.0,0.0
CustomerId_3232,65395.0,5030.38,8747.3,45.0,30000.0,13,0,0.0,3,2,5030.384615384615,1.7388944768111165,11.088216373495303,8.523449579342381,10.692307692307692,39,0.0,0.23076923076923078
CustomerId_3233,690281.0,4895.61,8583.22,10.0,80000.0,141,0,0.0,4,2,4895.609929078014,1.7532483180332483,13.444855488732296,8.496298407934553,13.460992907801419,81,0.06382978723404255,0.12056737588652482
CustomerId_3234,3000.0,1000.0,0.0,1000.0,1000.0,3,0,0.0,2,2,1000.0,0.0,8.006700845440367,6.90875477931522,21.0,0,0.0,0.0
CustomerId_3235,154396.0,941.44,1245.34,5.0,7000.0,164,0,0.0,4,2,941.439024390244,1.3228033636526986,11.947282486332233,6.848472256818298,12.542682926829269,56,0.07317073170731707,0.17682926829268292
CustomerId_3236,500.0,500.0,0.0,500.0,500.0,1,0,0.0,1,1,500.0,0.0,6.2166061010848646,6.2166061010848646,10.0,0,0.0,0.0
CustomerId_3237,10000.0,5000.0,0.0,5000.0,5000.0,2,0,0.0,1,1,5000.0,0.0,9.210440366976517,8.517393171418904,8.0,0,0.0,1.0
CustomerId_3238,106993.55,1445.86,2893.01,20.0,20000.0,74,0,0.0,3,2,1445.8587837837838,2.000892201180687,11.580533177567395,7.277150970050233,16.783783783783782,85,0.06756756756756757,0.35135135135135137
CustomerId_324,1000.0,1000.0,0.0,1000.0,1000.0,1,0,0.0,1,1,1000.0,0.0,6.90875477931522,6.90875477931522,15.0,0,0.0,0.0
CustomerId_3240,3050.0,762.5,475.0,50.0,1000.0,4,0,0.0,2,2,762.5,0.6229508188551465,8.02322468471667,6.637913124658687,7.0,0,0.0,0.0
CustomerId_3241,123435.0,3165.0,5695.86,50.0,30000.0,39,0,0.0,2,2,3165.0,1.7996398098579336,11.723478082105009,8.060224240440958,11.615384615384615,85,0.02564102564102564,0.05128205128205128
CustomerId_3242,31000.0,6200.0,3834.06,1000.0,10000.0,5,0,0.0,2,2,6200.0,0.6183967740938069,10.34177474101152,8.732465848349879,19.0,0,0.0,0.0
CustomerId_3243,117082.0,2491.11,5555.82,40.0,33000.0,47,0,0.0,4,2,2491.1063829787236,2.2302587993985576,11.67063836398284,7.820885020185154,12.957446808510639,83,0.14893617021276595,0.3829787234042553
CustomerId_3245,142000.0,5680.0,3878.04,500.0,10000.0,25,0,0.0,2,2,5680.0,0.6827535210065574,11.863589378812122,8.644882552557126,11.36,42,0.0,0.0
CustomerId_3246,17676.0,1473.0,1789.4,20.0,5000.0,12,0,0.0,3,2,1473.0,1.2147997276206384,9.780019638535883,7.295735072749282,11.75,64,0.08333333333333333,0.0
CustomerId_3247,8100.0,810.0,400.56,50.0,1000.0,10,0,0.0,3,2,810.0,0.49451851790800183,8.999742789830492,6.698268054115413,9.1,54,0.0,0.0
CustomerId_3248,1000.0,1000.0,0.0,1000.0,1000.0,1,0,0.0,1,1,1000.0,0.0,6.90875477931522,6.90875477931522,6.0,0,0.0,0.0
CustomerId_3249,32000.0,6400.0,3781.53,1000.0,10000.0,5,0,0.0,2,2,6400.0,0.5908640624076775,10.373522431293592,8.764209507142004,16.0,0,0.0,0.0
CustomerId_3250,28850.0,824.29,1075.43,10.0,4000.0,35,0,0.0,3,2,824.2857142857143,1.304674324200616,10.269899933380591,6.71573483971922,12.82857142857143,83,0.0,0.45714285714285713
CustomerId_3251,16722.0,3344.4,4197.37,100.0,10000.0,5,0,0.0,3,2,3344.4,1.2550442527045078,9.724540296381123,8.115341546877909,10.0,5,0.0,0.6
CustomerId_3252,15000.0,7500.0,3535.53,5000.0,10000.0,2,0,0.0,2,1,7500.0,0.47140399993714616,9.61587214452889,8.922791623969637,16.5,19,0.0,0.0
CustomerId_3253,1025.0,341.67,274.24,25.0,500.0,3,0,0.0,2,2,341.6666666666667,0.8026458254963976,6.933423025730715,5.836767884926147,5.666666666666667,8,0.3333333333333333,0.0
CustomerId_3254,2000.0,2000.0,0.0,2000.0,2000.0,1,0,0.0,1,1,2000.0,0.0,7.601402334583733,7.601402334583733,5.0,0,1.0,0.0
CustomerId_3255,82000.0,10250.0,6881.65,1000.0,20000.0,8,0,0.0,2,2,10250.0,0.6713804877393774,11.314486721293981,9.235130540783402,6.0,0,0.0,0.0
CustomerId_3256,500.0,500.0,0.0,500.0,500.0,1,0,0.0,1,1,500.0,0.0,6.2166061010848646,6.2166061010848646,13.0,0,0.0,0.0
CustomerId_3257,122200.0,7637.5,8122.88,100.0,28000.0,16,0,0.0,4,2,7637.5,1.0635522093533811,11.713422508992204,8.940956527805778,11.5625,56,0.0,0.0
CustomerId_3258,266000.0,53200.0,46029.34,1000.0,90000.0,5,0,0.0,2,2,53200.0,0.8652131578784734,12.491255347155265,10.881832472145556,5.8,0,0.8,0.0
CustomerId_3259,81000.0,7363.64,3233.35,1000.0,10000.0,11,0,0.0,2,2,7363.636363636364,0.43909669668274154,11.302216779257382,8.904445447865005,13.272727272727273,6,0.45454545454545453,0.0
CustomerId_3260,1000.0,1000.0,0.0,1000.0,1000.0,1,0,0.0,1,1,1000.0,0.0,6.90875477931522,6.90875477931522,23.0,0,1.0,0.0
CustomerId_3261,31200.0,6240.0,3883.68,1000.0,10100.0,5,0,0.0,2,2,6240.0,0.6223846152848742,10.348205424565993,8.738895704934043,12.0,0,0.0,0.0
CustomerId_3262,4530.0,755.0,682.69,10.0,1500.0,6,0,0.0,2,2,755.0,0.9042251643652648,8.418697944667139,6.628041376179533,12.666666666666666,6,0.0,0.16666666666666666
CustomerId_3263,92000.0,7076.92,3040.33,1000.0,10000.0,13,0,0.0,2,2,7076.923076923077,0.429612034553222,11.429554725537322,8.864735358213673,10.538461538461538,35,0.0,0.0
CustomerId_3265,445446.75,1379.09,5202.62,10.0,50223.0,323,0,0.0,5,2,1379.092105263158,3.7725021544841146,13.006835235064083,7.229903993415993,11.708978328173375,22,0.08359133126934984,0.06811145510835913
CustomerId_3266,41000.0,6833.33,3763.86,1000.0,10000.0,6,0,0.0,2,2,6833.333333333333,0.5508090490945396,10.62135173563291,8.829713719481315,20.0,0,0.0,0.0
CustomerId_3267,62000.0,5166.67,3904.15,1000.0,10000.0,12,0,0.0,2,2,5166.666666666667,0.7556414478270063,11.034905792929415,8.550177188934489,9.75,28,0.0,0.0
CustomerId_3268,1510.0,503.33,495.01,10.0,1000.0,3,0,0.0,2,2,503.3333333333333,0.9834700872519618,7.32052696227274,6.223230815713077,8.0,0,0.0,0.0
CustomerId_3269,32000.0,6400.0,3781.53,1000.0,10000.0,5,0,0.0,2,2,6400.0,0.5908640624076775,10.373522431293592,8.764209507142004,7.6,0,0.0,0.0
CustomerId_327,500.0,500.0,0.0,500.0,500.0,1,0,0.0,1,1,500.0,0.0,6.2166061010848646,6.2166061010848646,3.0,0,1.0,1.0
CustomerId_3270,165000.0,7173.91,3351.69,200.0,11000.0,23,0,0.0,2,2,7173.913043478261,0.4672054708705287,12.013706813470414,8.878345496995143,8.565217391304348,32,0.13043478260869565,0.08695652173913043
CustomerId_3271,10080.0,10080.0,0.0,10080.0,10080.0,1,0,0.0,1,1,10080.0,0.0,9.218407743053941,9.218407743053941,5.0,0,1.0,0.0
CustomerId_3272,76424.0,2635.31,8638.35,18.0,46000.0,29,0,0.0,3,3,2635.310344827586,3.277925555901232,11.244065146759036,7.877135491135696,11.724137931034482,65,0.0,0.20689655172413793
CustomerId_3273,2500.0,625.0,250.0,500.0,1000.0,4,0,0.0,2,2,625.0,0.39999999936,7.824445930877619,6.439350371100098,18.0,4,0.0,0.0
CustomerId_3274,1000.0,1000.0,0.0,1000.0,1000.0,1,0,0.0,1,1,1000.0,0.0,6.90875477931522,6.90875477931522,9.0,0,0.0,0.0
CustomerId_3275,31000.0,5166.67,4155.32,500.0,10000.0,6,0,0.0,2,2,5166.666666666667,0.8042549648411345,10.34177474101152,8.550177188934489,10.0,0,0.0,0.0
CustomerId_3276,29410.0,565.58,492.89,20.0,1500.0,52,0,0.0,2,2,565.5769230769231,0.871477066247963,10.289124033010108,6.339618288503033,12.788461538461538,80,0.038461538461538464,0.28846153846153844
CustomerId_3278,32000.0,6400.0,3781.53,1000.0,10000.0,5,0,0.0,2,2,6400.0,0.5908640624076775,10.373522431293592,8.764209507142004,14.0,0,0.0,0.0
CustomerId_3279,122005.0,24401.0,23318.27,1000.0,50000.0,5,0,0.0,2,2,24401.0,0.9556276381723853,11.71182550283395,10.10242037513528,12.2,42,0.0,0.0
CustomerId_328,189280.75,2783.54,11235.31,10.0,90000.0,68,0,0.0,4,3,2783.5404411764707,4.036338617718323,12.150991924731604,7.9318379681626725,15.573529411764707,90,0.014705882352941176,0.16176470588235295
CustomerId_3280,3990.0,665.0,678.09,50.0,1500.0,6,0,0.0,2,2,665.0,1.019684208992956,8.291797105048733,6.501289670540389,13.833333333333334,21,0.0,0.8333333333333334
CustomerId_3282,1000.0,1000.0,0.0,1000.0,1000.0,1,0,0.0,1,1,1000.0,0.0,6.90875477931522,6.90875477931522,12.0,0,0.0,0.0
CustomerId_3285,62000.0,6888.89,3444.0,1000.0,11000.0,9,0,0.0,2,2,6888.888888888889,0.499935403163654,11.034905792929415,8.837810398713351,12.0,41,0.0,0.0
CustomerId_3287,6250.0,2083.33,2553.59,250.0,5000.0,3,0,0.0,2,2,2083.3333333333335,1.225725160571909,8.740496729931813,7.6422027396655405,9.0,0,0.0,0.0
CustomerId_3288,32000.0,6400.0,3781.53,1000.0,10000.0,5,0,0.0,2,2,6400.0,0.5908640624076775,10.373522431293592,8.764209507142004,16.0,0,0.0,0.0
CustomerId_3289,231400.0,6805.88,3610.59,200.0,11000.0,34,0,0.0,2,2,6805.882352941177,0.5305103821209732,12.351907415253551,8.825689144381146,9.558823529411764,38,0.2647058823529412,0.058823529411764705
CustomerId_329,9360.0,1560.0,1577.78,60.0,3000.0,6,0,0.0,2,2,1560.0,1.0113974352491042,9.144307401371744,7.353081920515432,11.0,44,0.3333333333333333,0.0
CustomerId_3290,48322.0,4832.2,4395.14,600.0,12000.0,10,0,0.0,3,3,4832.2,0.9095525845557816,10.78566291677415,8.483264053153153,9.9,4,0.0,0.2
CustomerId_3291,21644.0,7214.67,11073.85,644.0,20000.0,3,0,0.0,2,2,7214.666666666667,1.534907348286906,9.982529759876082,8.884010328989415,18.0,0,0.0,0.0
CustomerId_3292,80745.0,1323.69,1889.0,25.0,9000.0,61,0,0.0,2,2,1323.688524590164,1.427071292049444,11.299063704254259,7.188933748782731,11.426229508196721,66,0.26229508196721313,0.2786885245901639
CustomerId_3293,17000.0,8500.0,4949.75,5000.0,12000.0,2,0,0.0,1,1,8500.0,0.582323529343256,9.741027444837728,9.04793908261736,15.5,0,0.0,0.0
CustomerId_3294,3000.0,3000.0,0.0,3000.0,3000.0,1,0,0.0,1,1,3000.0,0.0,8.006700845440367,8.006700845440367,15.0,0,0.0,1.0
CustomerId_3295,14800.0,7400.0,9333.81,800.0,14000.0,2,0,0.0,2,2,7400.0,1.2613256755052262,9.60245002503719,8.909370405197466,17.5,34,0.0,0.0
CustomerId_3296,1000.0,1000.0,0.0,1000.0,1000.0,1,0,0.0,1,1,1000.0,0.0,6.90875477931522,6.90875477931522,14.0,0,0.0,0.0
CustomerId_3297,62000.0,6888.89,3257.47,1000.0,10000.0,9,0,0.0,2,2,6888.888888888889,0.4728584720509605,11.034905792929415,8.837810398713351,15.555555555555555,34,0.0,0.0
CustomerId_3298,18350.0,3058.33,3845.83,100.0,10000.0,6,0,0.0,2,2,3058.3333333333335,1.2574934682465615,9.817439347910675,8.02595121672408,16.333333333333332,27,0.0,0.5
CustomerId_3299,214255.0,10202.62,19916.74,100.0,90000.0,21,0,0.0,3,2,10202.619047619048,1.9521201414977603,12.274926840735347,9.230497838270342,11.333333333333334,39,0.23809523809523808,0.14285714285714285
CustomerId_330,143225.0,6510.23,3995.2,25.0,15000.0,22,0,0.0,2,2,6510.227272727273,0.6136803153477404,11.8721790812737,8.78128365744785,9.0,23,0.09090909090909091,0.0
CustomerId_3301,1510.0,503.33,495.01,10.0,1000.0,3,0,0.0,2,2,503.3333333333333,0.9834700872519618,7.32052696227274,6.223230815713077,0.6666666666666666,0,1.0,1.0
CustomerId_3302,2050.0,683.33,548.48,50.0,1000.0,3,0,0.0,2,2,683.3333333333334,0.8026575727647585,7.62608275807238,6.528440257418357,7.0,0,0.0,0.0
CustomerId_3303,32122.0,5353.67,5579.72,622.0,15000.0,6,0,0.0,3,2,5353.666666666667,1.0422233718099503,10.377327563450146,8.585724356333113,14.333333333333334,0,0.0,0.0
CustomerId_3306,3000.0,1000.0,0.0,1000.0,1000.0,3,0,0.0,2,2,1000.0,0.0,8.006700845440367,6.90875477931522,21.333333333333332,18,0.3333333333333333,0.6666666666666666
CustomerId_3307,159256.0,3317.83,4623.41,20.0,20000.0,48,0,0.0,4,2,3317.8333333333335,1.3935041875582823,11.978274528512328,8.107367590161111,14.625,83,0.0,0.2916666666666667
CustomerId_3308,122000.0,7176.47,2920.52,1000.0,10000.0,17,0,0.0,2,2,7176.470588235294,0.40695773821851716,11.711784520403112,8.878702232258167,16.294117647058822,27,0.0,0.0
CustomerId_3309,60000.0,30000.0,28284.27,10000.0,50000.0,2,0,0.0,1,1,30000.0,0.942808999968573,11.002116507732017,10.308985993422082,4.5,12,1.0,0.5
CustomerId_331,8860.0,1772.0,2944.18,10.0,7000.0,5,0,0.0,3,2,1772.0,1.6615011277305296,9.089414904047302,7.480428306074208,11.6,2,0.0,0.4
CustomerId_3310,36430.0,847.21,534.88,25.0,2500.0,43,0,0.0,3,2,847.2093023255813,0.6313428776438629,10.503175339529793,6.74312824664324,14.162790697674419,32,0.09302325581395349,0.16279069767441862
CustomerId_3311,41000.0,6833.33,3763.86,1000.0,10000.0,6,0,0.0,2,2,6833.333333333333,0.5508090490945396,10.62135173563291,8.829713719481315,15.0,0,0.0,0.0
CustomerId_3313,6100.0,2033.33,2608.32,100.0,5000.0,3,0,0.0,2,2,2033.3333333333333,1.2827824301599926,8.716207971151853,7.617921805336619,18.0,0,0.0,0.0
CustomerId_3314,1000.0,500.0,0.0,500.0,500.0,2,0,0.0,1,1,500.0,0.0,6.90875477931522,6.2166061010848646,20.0,0,0.0,0.0
CustomerId_3315,23400.0,23400.0,0.0,23400.0,23400.0,1,0,0.0,1,1,23400.0,0.0,10.060534035475412,10.060534035475412,5.0,0,1.0,0.0
CustomerId_3317,62000.0,6888.89,3257.47,1000.0,10000.0,9,0,0.0,2,2,6888.888888888889,0.4728584720509605,11.034905792929415,8.837810398713351,11.333333333333334,6,0.1111111111111111,0.0
CustomerId_3318,12340.0,1234.0,754.54,40.0,2500.0,10,0,0.0,3,2,1234.0,0.6114586704931453,9.420682331453184,7.118826249062078,16.0,5,0.8,0.6
CustomerId_332,1000.0,1000.0,0.0,1000.0,1000.0,1,0,0.0,1,1,1000.0,0.0,6.90875477931522,6.90875477931522,15.0,0,0.0,1.0
CustomerId_3320,62000.0,6888.89,3257.47,1000.0,10000.0,9,0,0.0,2,2,6888.888888888889,0.4728584720509605,11.034905792929415,8.837810398713351,10.666666666666666,7,0.0,0.0
CustomerId_3321,32000.0,6400.0,3781.53,1000.0,10000.0,5,0,0.0,2,2,6400.0,0.5908640624076775,10.373522431293592,8.764209507142004,8.0,0,0.0,0.0
CustomerId_3322,28000.0,4666.67,4412.1,1000.0,10000.0,6,0,0.0,2,2,4666.666666666667,0.9454493244764577,10.239995502805316,8.448415296820098,10.5,0,0.0,0.0
CustomerId_3323,168164.0,8850.74,8482.63,392.0,28000.0,19,0,0.0,4,2,8850.736842105263,0.9584091272641146,12.032700919255804,9.08836932884622,9.894736842105264,4,0.05263157894736842,0.10526315789473684
CustomerId_3326,42000.0,7000.0,3949.68,1000.0,11000.0,6,0,0.0,2,2,7000.0,0.5642399999193942,10.645448706505872,8.853808274977197,14.333333333333334,0,0.0,0.0
CustomerId_3327,10000.0,10000.0,0.0,10000.0,10000.0,1,0,0.0,1,1,10000.0,0.0,9.210440366976517,9.210440366976517,8.0,0,0.0,0.0
CustomerId_3328,71210.0,1186.83,1782.47,40.0,9000.0,60,0,0.0,2,2,1186.8333333333333,1.5018747406942234,11.173402579849062,7.079883392040048,13.683333333333334,26,0.05,0.25
CustomerId_3329,67292.0,2102.88,3389.65,20.0,13282.0,32,0,0.0,4,3,2102.875,1.6119084295766244,11.116811498336135,7.651538538010556,11.21875,29,0.0,0.25
CustomerId_3330,1227889.0,10232.41,18580.3,20.0,90000.0,120,0,0.0,6,2,10232.408333333333,1.8158283335190997,14.020807807129776,9.233413136735793,10.116666666666667,87,0.10833333333333334,0.125
CustomerId_3331,37000.0,12333.33,16289.06,1000.0,31000.0,3,0,0.0,2,2,12333.333333333334,1.3207349514429,10.518700218288165,9.420141710504044,14.0,0,0.0,0.0
CustomerId_3332,34135.0,3103.18,8280.02,16.0,28000.0,11,0,0.0,3,2,3103.181818181818,2.66823709785825,10.438107824867837,8.040504869312494,11.727272727272727,24,0.0,0.0
CustomerId_3333,2000.0,2000.0,0.0,2000.0,2000.0,1,0,0.0,1,1,2000.0,0.0,7.601402334583733,7.601402334583733,12.0,0,0.0,0.0
CustomerId_3334,9367.0,720.54,372.37,12.0,1100.0,13,0,0.0,2,2,720.5384615384615,0.5167929601176993,9.145054905277552,6.581387816732622,10.538461538461538,32,0.0,0.6153846153846154
CustomerId_3336,2510.0,627.5,474.37,10.0,1000.0,4,0,0.0,2,2,627.5,0.7559681262853097,7.828436359157585,6.443336028030302,19.0,0,0.0,0.0
CustomerId_3339,3000.0,1000.0,0.0,1000.0,1000.0,3,0,0.0,2,2,1000.0,0.0,8.006700845440367,6.90875477931522,6.333333333333333,0,0.6666666666666666,0.0
CustomerId_334,302800.0,9175.76,6162.24,200.0,20700.0,33,0,0.0,2,2,9175.757575757576,0.6715781580303344,12.620831103049886,9.12442948013967,10.424242424242424,28,0.24242424242424243,0.0
CustomerId_3340,66616.0,5124.31,8169.51,20.0,30000.0,13,0,0.0,3,2,5124.307692307692,1.5942653739539048,11.106715079211655,8.541946289982173,11.23076923076923,50,0.0,0.15384615384615385
CustomerId_3341,24000.0,2666.67,1802.78,1000.0,5000.0,9,0,0.0,1,2,2666.6666666666665,0.676041654694416,10.085850775128717,7.888960711229582,10.555555555555555,9,0.3333333333333333,0.2222222222222222
CustomerId_3343,1000.0,1000.0,0.0,1000.0,1000.0,1,0,0.0,1,1,1000.0,0.0,6.90875477931522,6.90875477931522,16.0,0,0.0,0.0
CustomerId_3344,62000.0,6888.89,3257.47,1000.0,10000.0,9,0,0.0,2,2,6888.888888888889,0.4728584720509605,11.034905792929415,8.837810398713351,17.11111111111111,6,0.0,0.0
CustomerId_3345,3010.0,602.0,414.75,10.0,1000.0,5,0,0.0,2,2,602.0,0.688953487227652,8.010027528481734,6.401917196727186,14.6,3,0.2,0.4
CustomerId_3346,90000.0,11250.0,8345.23,5000.0,30000.0,8,0,0.0,2,2,11250.0,0.7417982221562845,11.407576060361786,9.328212292571072,10.0,0,0.0,0.0
CustomerId_3347,3000.0,1500.0,707.11,1000.0,2000.0,2,0,0.0,2,1,1500.0,0.47140666635239553,8.006700845440367,7.313886831633462,12.0,0,0.0,0.0
CustomerId_3349,34144.0,3414.4,3945.23,644.0,11000.0,10,0,0.0,4,2,3414.4,1.155468017468525,10.438371441395189,8.136049895453139,16.8,19,0.0,0.5
CustomerId_335,792985.25,7480.99,15233.71,7.5,90000.0,106,0,0.0,5,2,7480.992924528302,2.0363227324142494,13.5835611612485,8.920254078366167,10.216981132075471,81,0.09433962264150944,0.10377358490566038
CustomerId_3352,132000.0,7333.33,3009.79,1000.0,11000.0,18,0,0.0,2,2,7333.333333333333,0.41042609559225807,11.790564777297387,8.900321343528448,13.555555555555555,42,0.0,0.0
CustomerId_3353,221978.0,1378.75,2354.67,20.0,13000.0,161,0,0.0,3,3,1378.745341614907,1.7078295545183466,12.31033806178547,7.229657602319611,12.409937888198758,85,0.018633540372670808,0.18012422360248448
CustomerId_3354,26200.0,5240.0,4710.41,200.0,10000.0,5,0,0.0,2,2,5240.0,0.898933205935318,10.173552856959743,8.564267598802166,19.0,38,0.0,0.0
CustomerId_3355,32000.0,6400.0,3781.53,1000.0,10000.0,5,0,0.0,2,2,6400.0,0.5908640624076775,10.373522431293592,8.764209507142004,18.8,0,0.0,0.0
CustomerId_3356,5000.0,5000.0,0.0,5000.0,5000.0,1,0,0.0,1,1,5000.0,0.0,8.517393171418904,8.517393171418904,5.0,0,1.0,0.0
CustomerId_3357,8040.0,1340.0,803.49,40.0,2000.0,6,0,0.0,2,2,1340.0,0.5996194025375974,8.99230873254815,7.201170883281678,14.166666666666666,23,0.0,0.0
CustomerId_3359,1525.0,508.33,487.55,25.0,1000.0,3,0,0.0,2,2,508.3333333333333,0.9591210415298703,7.330405211844402,6.233096136534323,9.0,0,0.0,0.0
CustomerId_336,141440.0,3822.7,5453.98,40.0,20000.0,37,0,0.0,2,2,3822.7027027027025,1.4267350298410195,11.859637947982224,8.248973819210937,12.35135135135135,28,0.13513513513513514,0.1891891891891892
CustomerId_3360,41000.0,6833.33,3763.86,1000.0,10000.0,6,0,0.0,2,2,6833.333333333333,0.5508090490945396,10.62135173563291,8.829713719481315,16.0,0,0.0,0.0
CustomerId_3361,2000.0,1000.0,0.0,1000.0,1000.0,2,0,0.0,2,1,1000.0,0.0,7.601402334583733,6.90875477931522,5.0,0,1.0,1.0
CustomerId_3363,86249.5,2395.82,2333.83,9.5,10000.0,36,0,0.0,3,2,2395.8194444444443,0.9741257686411643,11.365011131978253,7.781898137747365,12.0,65,0.19444444444444445,0.3611111111111111
CustomerId_3364,2000.0,2000.0,0.0,2000.0,2000.0,1,0,0.0,1,1,2000.0,0.0,7.601402334583733,7.601402334583733,7.0,0,0.0,0.0
CustomerId_3365,22020.0,4404.0,4388.18,20.0,10000.0,5,0,0.0,3,2,4404.0,0.996407810854585,9.999751822506193,8.39049553837028,12.2,4,0.0,0.0
CustomerId_3366,70700.0,10100.0,7728.95,700.0,20000.0,7,0,0.0,2,2,10100.0,0.7652425741816591,11.166214996056205,9.220389707829185,7.285714285714286,48,0.42857142857142855,0.42857142857142855
CustomerId_337,185600.0,26514.29,32578.9,600.0,90000.0,7,0,0.0,2,2,26514.285714285714,1.228729865999477,12.131354487250757,10.185476826716775,7.571428571428571,31,0.0,0.0
CustomerId_3371,1562976.32,5227.35,9605.3,1.52,90000.0,299,0,0.0,3,3,5227.345551839465,1.8375084886534265,14.262103098741713,8.561851019710593,9.729096989966555,88,0.11705685618729098,0.13712374581939799
CustomerId_3373,48000.0,4000.0,4515.03,600.0,15000.0,12,0,0.0,3,2,4000.0,1.1287574997178107,10.778977123006351,8.294299608857235,10.75,20,0.0,0.0
CustomerId_3374,346492.0,3686.09,6364.48,50.0,35000.0,94,0,0.0,3,2,3686.0851063829787,1.7266208905027762,12.755617895387829,8.212592808025727,12.053191489361701,76,0.09574468085106383,0.2872340425531915
CustomerId_3375,300.0,300.0,0.0,300.0,300.0,1,0,0.0,1,1,300.0,0.0,5.707110264748875,5.707110264748875,12.0,0,0.0,0.0
CustomerId_3376,2000.0,1000.0,0.0,1000.0,1000.0,2,0,0.0,1,1,1000.0,0.0,7.601402334583733,6.90875477931522,15.5,3,0.0,0.0
CustomerId_3377,4050.0,810.0,424.85,50.0,1000.0,5,0,0.0,2,2,810.0,0.5245061721919677,8.30671904320269,6.698268054115413,6.8,11,0.0,0.2
CustomerId_3378,80000.0,80000.0,0.0,80000.0,80000.0,1,0,0.0,1,1,80000.0,0.0,11.289794413577894,11.289794413577894,15.0,0,0.0,0.0
CustomerId_3379,101080.0,2297.27,3160.1,25.0,10000.0,44,0,0.0,2,2,2297.2727272727275,1.3755892858150809,11.523677454607132,7.739911944979468,12.431818181818182,47,0.09090909090909091,0.045454545454545456
CustomerId_338,55000.0,27500.0,31819.81,5000.0,50000.0,2,0,0.0,1,1,27500.0,1.1570839999579243,10.915106645867503,10.221977646629885,5.0,0,1.0,0.0
CustomerId_3380,32000.0,6400.0,3781.53,1000.0,10000.0,5,0,0.0,2,2,6400.0,0.5908640624076775,10.373522431293592,8.764209507142004,18.0,0,0.0,0.0
CustomerId_3381,2000.0,666.67,288.68,500.0,1000.0,3,0,0.0,2,2,666.6666666666666,0.43301783426130197,7.601402334583733,6.503794039496479,6.0,3,0.0,0.0
CustomerId_3385,320618.0,13359.08,6597.43,496.0,20000.0,24,0,0.0,3,2,13359.083333333334,0.49385361862539534,12.678008781281779,9.500026435096661,15.375,64,0.0,0.125
CustomerId_3386,5070.0,845.0,737.39,20.0,2000.0,6,0,0.0,2,2,845.0,0.8726508865412416,8.531293315795018,6.740519359606223,15.166666666666666,6,0.0,0.0
CustomerId_3387,8000.0,2000.0,0.0,2000.0,2000.0,4,0,0.0,1,1,2000.0,0.0,8.987321812850125,7.601402334583733,9.75,0,0.0,1.0
CustomerId_3388,31000.0,6200.0,3834.06,1000.0,10000.0,5,0,0.0,2,2,6200.0,0.6183967740938069,10.34177474101152,8.732465848349879,13.8,0,0.0,0.0
CustomerId_3389,170300.0,1773.96,1718.66,20.0,5000.0,96,0,0.0,2,2,1773.9583333333333,0.9688268050188128,12.045322738624144,7.4815331664443265,14.989583333333334,83,0.041666666666666664,0.3645833333333333
CustomerId_3390,51480.0,887.59,814.28,20.0,2500.0,58,0,0.0,2,2,887.5862068965517,0.9174055578393113,10.848968086540825,6.789635936781046,12.327586206896552,31,0.06896551724137931,0.10344827586206896
CustomerId_3391,269146.0,2224.35,3108.09,20.0,12000.0,121,0,0.0,4,3,2224.3471074380163,1.3973025821488065,12.50301297772598,7.707669485600249,11.603305785123966,29,0.18181818181818182,0.2231404958677686
CustomerId_3392,3510.0,585.0,373.3,10.0,1000.0,6,0,0.0,2,2,585.0,0.6381196570288553,8.163656176168432,6.373319789577012,16.166666666666668,40,0.0,0.8333333333333334
CustomerId_3397,40882.0,2151.68,2883.43,12.0,10000.0,19,0,0.0,3,2,2151.684210526316,1.34008309723561,10.618469607703592,7.674468856499,6.2105263157894735,17,0.7894736842105263,0.3684210526315789
CustomerId_3398,45320.0,2832.5,2819.6,20.0,8000.0,16,0,0.0,3,3,2832.5,0.9954457189777773,10.721525780211834,7.949267975609674,11.625,4,0.3125,0.5625
CustomerId_3399,49315.0,1095.89,955.8,10.0,3000.0,45,0,0.0,3,3,1095.888888888889,0.8721678262670814,10.806003850988443,7.000234181774401,16.933333333333334,43,0.0,0.26666666666666666
CustomerId_340,8210.0,912.22,903.13,20.0,2000.0,9,0,0.0,2,2,912.2222222222222,0.9900352974172509,9.01322999770879,6.8169768154232635,10.555555555555555,45,0.0,0.3333333333333333
CustomerId_3400,510.0,255.0,346.48,10.0,500.0,2,0,0.0,2,2,255.0,1.3587450927108036,6.236369590203704,5.545177444479562,14.0,0,0.0,0.0
CustomerId_3401,55878.0,3492.38,8581.42,20.0,35100.0,16,0,0.0,2,2,3492.375,2.4571839254442,10.930943917720436,8.158625027896322,15.5,2,0.0,0.625
CustomerId_3402,3000.0,1500.0,707.11,1000.0,2000.0,2,0,0.0,2,1,1500.0,0.47140666635239553,8.006700845440367,7.313886831633462,9.0,0,0.0,0.0
CustomerId_3403,72938.8,2805.34,4181.01,6.8,16000.0,26,0,0.0,4,2,2805.3384615384616,1.4903754976258223,11.197389722379203,7.93963642224578,12.961538461538462,35,0.15384615384615385,0.5769230769230769
CustomerId_3404,9060.0,1510.0,1861.26,20.0,5000.0,6,0,0.0,2,2,1510.0,1.232622515739985,9.11173476822206,7.32052696227274,11.833333333333334,1,0.3333333333333333,0.0
CustomerId_3405,270870.0,1433.17,4164.71,10.0,41500.0,189,0,0.0,3,3,1433.1746031746031,2.90594276819502,12.509397971770698,7.268341563644983,13.164021164021165,78,0.031746031746031744,0.30158730158730157
CustomerId_3407,31440.0,2418.46,3617.49,40.0,10000.0,13,0,0.0,3,2,2418.4615384615386,1.4957824394466799,10.355868052653099,7.79129965375532,14.846153846153847,3,0.0,0.0
CustomerId_3408,41000.0,6833.33,3763.86,1000.0,10000.0,6,0,0.0,2,2,6833.333333333333,0.5508090490945396,10.62135173563291,8.829713719481315,17.0,0,0.0,0.0
CustomerId_341,299413.0,8806.26,11190.13,25.0,55000.0,34,0,0.0,3,2,8806.264705882353,1.2707017506557037,12.609582510061482,9.083331660340853,14.294117647058824,73,0.0,0.14705882352941177
CustomerId_3410,7100.0,1183.33,1456.25,50.0,4000.0,6,0,0.0,2,2,1183.3333333333333,1.2306372683607807,8.867990898182093,7.076932492826018,6.666666666666667,4,0.16666666666666666,0.0
CustomerId_3412,41000.0,6833.33,3763.86,1000.0,10000.0,6,0,0.0,2,2,6833.333333333333,0.5508090490945396,10.62135173563291,8.829713719481315,20.0,0,0.0,0.0
CustomerId_3413,11050.0,1841.67,1767.04,100.0,5000.0,6,0,0.0,2,2,1841.6666666666667,0.9594769959007438,9.310276200588783,7.518970885750264,5.666666666666667,12,0.8333333333333334,0.0
CustomerId_3414,1000.0,1000.0,0.0,1000.0,1000.0,1,0,0.0,1,1,1000.0,0.0,6.90875477931522,6.90875477931522,8.0,0,0.0,0.0
CustomerId_3415,1526598.0,3241.18,7399.29,10.0,77000.0,471,0,0.0,4,2,3241.184713375796,2.2829000542139286,14.238552943295854,8.08400122203753,13.012738853503185,31,0.05732484076433121,0.21231422505307856
CustomerId_3416,4200.0,1050.0,1096.97,100.0,2000.0,4,0,0.0,2,2,1050.0,1.0447333323383492,8.343077871169383,6.957497370876951,7.5,4,0.5,0.25
CustomerId_3417,31000.0,6200.0,3834.06,1000.0,10000.0,5,0,0.0,2,2,6200.0,0.6183967740938069,10.34177474101152,8.732465848349879,9.0,0,0.0,0.0
CustomerId_3418,32000.0,6400.0,3781.53,1000.0,10000.0,5,0,0.0,2,2,6400.0,0.5908640624076775,10.373522431293592,8.764209507142004,7.0,0,0.0,0.0
CustomerId_3419,113215.0,1689.78,3469.84,20.0,20000.0,67,0,0.0,3,2,1689.7761194029852,2.0534270721316226,11.637052777519457,7.432945239902542,5.940298507462686,87,0.6417910447761194,0.2835820895522388
CustomerId_3420,102000.0,4636.36,3848.88,1000.0,11000.0,22,0,0.0,2,2,4636.363636363636,0.830151239155253,11.532737896139919,8.441900517780757,14.772727272727273,18,0.0,0.045454545454545456
CustomerId_3421,90000.0,90000.0,0.0,90000.0,90000.0,1,0,0.0,1,1,90000.0,0.0,11.407576060361786,11.407576060361786,1.0,0,1.0,0.0
CustomerId_3422,249658.3,1905.79,2532.19,6.8,10000.0,131,0,0.0,4,3,1905.7885496183205,1.3286825928729384,12.427852467387925,7.553176478928415,10.65648854961832,73,0.19083969465648856,0.17557251908396945
CustomerId_3424,1000.0,500.0,0.0,500.0,500.0,2,0,0.0,2,1,500.0,0.0,6.90875477931522,6.2166061010848646,18.5,10,0.0,0.0
CustomerId_3425,1000.0,1000.0,0.0,1000.0,1000.0,1,0,0.0,1,1,1000.0,0.0,6.90875477931522,6.90875477931522,11.0,0,0.0,0.0
CustomerId_3426,2000.0,2000.0,0.0,2000.0,2000.0,1,0,0.0,1,1,2000.0,0.0,7.601402334583733,7.601402334583733,17.0,0,0.0,1.0
CustomerId_3427,341753.0,2946.15,4053.97,10.0,20000.0,116,0,0.0,4,2,2946.146551724138,1.3760229447326093,12.741846458980026,7.988593880661918,12.14655172413793,86,0.13793103448275862,0.19827586206896552
CustomerId_3428,19900.0,2842.86,190.24,2500.0,3000.0,7,0,0.0,1,1,2842.8571428571427,0.06691852568648526,9.898525260706313,7.952917563269839,8.0,0,0.0,1.0
CustomerId_343,122000.0,6777.78,3209.46,1000.0,10000.0,18,0,0.0,2,2,6777.777777777777,0.4735267299213715,11.711784520403112,8.821552423740167,11.88888888888889,35,0.0,0.0
CustomerId_3430,112095.0,5337.86,4533.17,45.0,10800.0,21,0,0.0,3,3,5337.857142857143,0.8492485751126391,11.627110925997213,8.582767426017403,13.80952380952381,72,0.0,0.3333333333333333
CustomerId_3431,8400.0,1050.0,1009.51,50.0,3000.0,8,0,0.0,2,2,1050.0,0.9614380943224398,9.036106025364846,6.957497370876951,18.25,56,0.0,0.0
CustomerId_3432,166526.33,1699.25,3446.77,10.0,20000.0,98,0,0.0,3,3,1699.2482653061222,2.0284066487989367,12.022914719076603,7.438530578055748,9.948979591836734,20,0.10204081632653061,0.12244897959183673
CustomerId_3433,41496.9,1729.04,2354.84,9.9,10000.0,24,0,0.0,3,2,1729.0375000000001,1.361934945772258,10.633398102528806,7.455899808611813,14.583333333333334,33,0.0,0.041666666666666664
CustomerId_3434,41000.0,6833.33,3763.86,1000.0,10000.0,6,0,0.0,2,2,6833.333333333333,0.5508090490945396,10.62135173563291,8.829713719481315,11.166666666666666,0,0.0,0.0
CustomerId_3435,17200.0,4300.0,4284.86,200.0,10000.0,4,0,0.0,2,2,4300.0,0.9964790695357024,9.75272280064639,8.366602832783736,11.5,36,0.0,0.75
CustomerId_3436,7356.0,1050.86,1042.55,24.0,3000.0,7,0,0.0,4,2,1050.857142857143,0.9920921902136419,8.903407519932264,6.958315304593838,5.285714285714286,6,0.5714285714285714,0.5714285714285714
CustomerId_3437,41000.0,6833.33,3763.86,1000.0,10000.0,6,0,0.0,2,2,6833.333333333333,0.5508090490945396,10.62135173563291,8.829713719481315,19.0,0,0.0,0.0
CustomerId_3438,43015.0,1229.0,1812.88,5.0,5000.0,35,0,0.0,2,2,1229.0,1.4750854341130306,10.669327418489514,7.114769448366463,13.17142857142857,83,0.11428571428571428,0.45714285714285713
CustomerId_3439,262800.0,7102.7,3558.13,200.0,15000.0,37,0,0.0,2,2,7102.7027027027025,0.5009545665027448,12.47915237076039,8.868371054050575,8.432432432432432,89,0.4594594594594595,0.02702702702702703
CustomerId_3440,22650.0,1029.55,1085.8,50.0,4000.0,22,0,0.0,2,2,1029.5454545454545,1.0546355193486128,10.027959280046968,6.9378479192893066,13.545454545454545,22,0.0,0.045454545454545456
CustomerId_3441,19201.0,2743.0,3611.29,105.0,10000.0,7,0,0.0,4,2,2743.0,1.3165475751671354,9.86276971925757,7.917171988845776,12.714285714285714,13,0.0,0.0
CustomerId_3442,221644.0,1704.95,2347.87,14.0,14000.0,130,0,0.0,2,2,1704.9538461538461,1.3770902364426578,12.308832281831688,7.441877419298563,8.86923076923077,84,0.36153846153846153,0.16153846153846155
CustomerId_3443,2020.0,673.33,565.8,20.0,1000.0,3,0,0.0,2,2,673.3333333333334,0.8403011883618712,7.611347717403621,6.513719605333686,6.333333333333333,0,0.3333333333333333,0.0
CustomerId_3444,20529.0,707.9,554.97,10.0,2000.0,29,0,0.0,2,3,707.8965517241379,0.7839666608504497,9.929642510012979,6.563714472860972,15.241379310344827,39,0.06896551724137931,0.1724137931034483
CustomerId_3445,28540.0,528.52,499.31,20.0,2000.0,54,0,0.0,3,2,528.5185185185185,0.9447324586681063,10.259096928959389,6.271970935810668,14.5,70,0.05555555555555555,0.2962962962962963
CustomerId_3447,49606.0,2362.19,2419.44,14.0,10000.0,21,0,0.0,4,2,2362.190476190476,1.024235983970707,10.811887231787512,7.767767680217722,12.380952380952381,55,0.3333333333333333,0.38095238095238093
CustomerId_3448,1000.0,1000.0,0.0,1000.0,1000.0,1,0,0.0,1,1,1000.0,0.0,6.90875477931522,6.90875477931522,16.0,0,0.0,0.0
CustomerId_3449,12345.0,685.83,522.0,25.0,1500.0,18,0,0.0,2,2,685.8333333333334,0.761121559626844,9.421087402953841,6.532086808908012,9.833333333333334,43,0.2777777777777778,0.2777777777777778
CustomerId_345,3050.0,610.0,400.62,50.0,1000.0,5,0,0.0,2,2,610.0,0.6567540972840097,8.02322468471667,6.415096959171596,19.2,62,0.0,0.0
CustomerId_3451,60800.0,8685.71,2547.83,5000.0,11000.0,7,0,0.0,3,3,8685.714285714286,0.2933358354937782,11.015361515187424,9.069549550486387,17.571428571428573,60,0.0,0.0
CustomerId_3452,559562.0,4304.32,6257.98,10.0,35000.0,130,0,0.0,3,2,4304.323076923077,1.4538835399194567,13.234911400931345,8.367606746271225,10.2,87,0.16153846153846155,0.26153846153846155
CustomerId_3453,23055.0,623.11,744.04,15.0,3000.0,37,0,0.0,2,2,623.1081081081081,1.1940748805281973,10.045681318239303,6.436326634884855,12.27027027027027,74,0.13513513513513514,0.32432432432432434
CustomerId_3454,465240.0,5409.77,4004.12,10.0,11100.0,86,0,0.0,2,2,5409.767441860465,0.740164553993947,13.050310829878917,8.596146690733047,8.325581395348838,84,0.36046511627906974,0.23255813953488372
CustomerId_3456,1000.0,1000.0,0.0,1000.0,1000.0,1,0,0.0,1,1,1000.0,0.0,6.90875477931522,6.90875477931522,6.0,0,0.0,0.0
CustomerId_3457,21644.0,7214.67,11073.85,644.0,20000.0,3,0,0.0,2,2,7214.666666666667,1.534907348286906,9.982529759876082,8.884010328989415,8.0,0,0.0,0.0
CustomerId_3458,3000.0,1500.0,707.11,1000.0,2000.0,2,0,0.0,1,1,1500.0,0.47140666635239553,8.006700845440367,7.313886831633462,17.0,0,0.0,0.0
CustomerId_3459,18540.0,1854.0,3263.9,20.0,11000.0,10,0,0.0,4,3,1854.0,1.7604638609706236,9.827739775097854,7.5256399750415355,16.4,13,0.0,0.0
CustomerId_3461,4610.0,419.09,363.57,10.0,1000.0,11,0,0.0,3,2,419.09090909090907,0.8675224871327818,8.436200032206706,6.040468974035796,15.636363636363637,16,0.0,0.5454545454545454
CustomerId_3462,8060.0,1151.43,933.01,60.0,3000.0,7,0,0.0,2,2,1151.4285714285713,0.81030544556742,8.9947928972836,7.04962803549909,11.714285714285714,0,0.0,0.0
CustomerId_3463,359210.0,3070.17,7279.31,20.0,50000.0,117,0,0.0,3,2,3070.17094017094,2.3709794563913467,12.791665238549307,8.029813875470085,10.786324786324787,47,0.0,0.02564102564102564
CustomerId_3464,134975.0,6748.75,5522.24,100.0,20000.0,20,0,0.0,2,2,6748.75,0.8182611593527302,11.812852263838446,8.817260746143651,15.05,68,0.15,0.0
CustomerId_3465,32000.0,5333.33,4033.2,1000.0,10000.0,6,0,0.0,2,2,5333.333333333333,0.756225472499128,10.373522431293592,8.581918570094851,13.0,0,0.0,0.0
CustomerId_3466,2000.0,666.67,288.68,500.0,1000.0,3,0,0.0,2,2,666.6666666666666,0.43301783426130197,7.601402334583733,6.503794039496479,15.0,0,0.0,1.0
CustomerId_3467,706008.0,15689.07,19487.78,200.0,90000.0,45,1,0.02,4,2,15689.066666666668,1.242124612788258,13.467383264269479,9.660783307157534,11.488888888888889,44,0.17777777777777778,0.4666666666666667
CustomerId_3468,182800.0,7030.77,4446.73,200.0,20000.0,26,0,0.0,2,2,7030.7692307692305,0.6324669985460386,12.116153408446742,8.858193731207809,12.115384615384615,34,0.0,0.0
CustomerId_347,6000.0,1000.0,0.0,1000.0,1000.0,6,0,0.0,1,1,1000.0,0.0,8.699681400989514,6.90875477931522,16.5,3,0.0,0.5
CustomerId_3470,7265.0,807.22,912.26,25.0,2000.0,9,0,0.0,2,2,807.2222222222222,1.1301256149127554,8.890961212781146,6.694834298688101,13.777777777777779,40,0.0,0.3333333333333333
CustomerId_3471,229800.0,8838.46,9680.14,100.0,30000.0,26,0,0.0,3,2,8838.461538461539,1.0952292592719512,12.34496899599742,9.086981067793014,11.923076923076923,28,0.038461538461538464,0.038461538461538464
CustomerId_3473,22000.0,4400.0,5116.15,500.0,10000.0,5,0,0.0,1,1,4400.0,1.1627613633720995,9.99884318585288,8.38958706681109,16.0,0,0.0,0.0
CustomerId_3474,64114.0,1232.96,2394.26,25.0,10000.0,52,0,0.0,3,2,1232.9615384615386,1.9418797025516807,11.068433624893217,7.1179837890291,13.865384615384615,87,0.09615384615384616,0.2692307692307692
CustomerId_3475,91384.0,6527.43,8469.7,100.0,28000.0,14,0,0.0,3,2,6527.428571428572,1.2975550865658376,11.422836630188543,8.783921764572643,18.142857142857142,1,0.0,0.0
CustomerId_3476,520123.8,28895.77,36468.75,5.6,90000.0,18,0,0.0,4,2,28895.766666666666,1.2620791900938415,13.161824061762218,10.271485103148501,8.944444444444445,1,0.0,0.4444444444444444
CustomerId_3477,205505.75,5871.59,6979.43,11.75,17300.0,35,0,0.0,4,2,5871.592857142857,1.188678023978398,12.233234159094314,8.678051042086128,16.857142857142858,65,0.02857142857142857,0.2
CustomerId_3478,4590.0,765.0,805.15,30.0,1500.0,6,0,0.0,2,2,765.0,1.0524836587549233,8.431853144249223,6.641182169740591,13.0,0,0.0,1.0
CustomerId_3479,4040.0,1010.0,800.25,40.0,2000.0,4,0,0.0,3,2,1010.0,0.7923267318887854,8.304247465078474,6.918695219020472,17.0,14,0.0,0.0
CustomerId_348,4100.0,820.0,812.87,50.0,2000.0,5,0,0.0,2,2,820.0,0.9913048768398721,8.31898612539206,6.710523109452428,11.8,6,0.0,0.0
CustomerId_3482,51000.0,4636.36,4427.7,500.0,10000.0,11,0,0.0,2,2,4636.363636363636,0.954994866456661,10.839600519357369,8.441900517780757,15.818181818181818,1,0.0,0.45454545454545453
CustomerId_3483,3100.0,620.0,520.34,50.0,1000.0,5,0,0.0,2,2,620.0,0.8392580631624871,8.03947991910045,6.431331081933479,3.4,0,1.0,1.0
CustomerId_3485,500.0,500.0,0.0,500.0,500.0,1,0,0.0,1,1,500.0,0.0,6.2166061010848646,6.2166061010848646,14.0,0,0.0,0.0
CustomerId_3486,3000.0,1500.0,707.11,1000.0,2000.0,2,0,0.0,1,1,1500.0,0.47140666635239553,8.006700845440367,7.313886831633462,23.0,0,1.0,0.0
CustomerId_3487,89295.0,811.77,885.36,10.0,5000.0,110,0,0.0,2,2,811.7727272727273,1.090653755262385,11.399711973028214,6.700448166694228,11.772727272727273,56,0.15454545454545454,0.2
CustomerId_3488,30000.0,30000.0,0.0,30000.0,30000.0,1,0,0.0,1,1,30000.0,0.0,10.308985993422082,10.308985993422082,20.0,0,0.0,0.0
CustomerId_3489,32000.0,6400.0,3781.53,1000.0,10000.0,5,0,0.0,2,2,6400.0,0.5908640624076775,10.373522431293592,8.764209507142004,12.0,0,0.0,0.0
CustomerId_349,63275.0,1581.88,2002.37,50.0,5000.0,40,0,0.0,2,2,1581.875,1.2658166224582035,11.05526138931847,7.367001251574912,11.85,82,0.05,0.55
CustomerId_3490,1000.0,1000.0,0.0,1000.0,1000.0,1,0,0.0,1,1,1000.0,0.0,6.90875477931522,6.90875477931522,18.0,0,0.0,0.0
CustomerId_3491,51174.0,2326.09,2989.01,70.0,11000.0,22,0,0.0,3,2,2326.090909090909,1.2849932714189936,10.84300641052949,7.752373838961771,13.909090909090908,43,0.22727272727272727,0.09090909090909091
CustomerId_3492,13000.0,3250.0,4500.0,1000.0,10000.0,4,0,0.0,1,2,3250.0,1.3846153841893492,9.472781556562168,8.086717920303906,7.0,3,0.5,0.5
CustomerId_3493,18100.0,3016.67,5889.03,50.0,15000.0,6,0,0.0,3,2,3016.6666666666665,1.9521624831512354,9.803722464346553,8.012240289412928,11.5,33,0.0,0.0
CustomerId_3494,16750.0,2392.86,2453.13,250.0,5000.0,7,0,0.0,2,2,2392.8571428571427,1.0251874321835848,9.726213236963687,7.78066240487576,17.857142857142858,63,0.0,0.0
CustomerId_3495,1000.0,500.0,0.0,500.0,500.0,2,0,0.0,2,1,500.0,0.0,6.90875477931522,6.2166061010848646,13.0,0,0.5,0.5
CustomerId_3496,113254.4,2903.96,8304.29,20.0,50000.0,39,0,0.0,4,2,2903.958974358974,2.8596433825329406,11.63740072432773,7.974174899828046,13.487179487179487,7,0.05128205128205128,0.1282051282051282
CustomerId_3497,237085.0,4087.67,11690.65,25.0,50000.0,58,0,0.0,2,2,4087.6724137931033,2.8599789114923713,12.376178223494476,8.315975012779186,14.344827586206897,10,0.0,0.3793103448275862
CustomerId_3498,509229.0,56581.0,36678.55,1000.0,90000.0,9,0,0.0,2,2,56581.0,0.6482485286465731,13.140655059876496,10.943446192410395,12.333333333333334,14,0.0,0.0
CustomerId_350,132000.0,7333.33,2910.43,1000.0,10000.0,18,0,0.0,2,2,7333.333333333333,0.39687699852633423,11.790564777297387,8.900321343528448,10.11111111111111,25,0.16666666666666666,0.1111111111111111
CustomerId_3500,4100.0,1025.0,776.21,100.0,2000.0,4,0,0.0,2,2,1025.0,0.7572780480416799,8.31898612539206,6.933423025730715,13.0,32,0.0,0.75
CustomerId_3501,728064.0,2459.68,9097.71,10.0,50000.0,296,0,0.0,2,2,2459.675675675676,3.698737232608007,13.498145608907377,7.808193013492903,13.131756756756756,3,0.013513513513513514,0.006756756756756757
CustomerId_3503,1510.0,503.33,495.01,10.0,1000.0,3,0,0.0,2,2,503.3333333333333,0.9834700872519618,7.32052696227274,6.223230815713077,10.0,0,0.0,0.0
CustomerId_3504,93150.0,2587.5,2664.73,50.0,10000.0,36,0,0.0,2,2,2587.5,1.0298473425971606,11.441977111345166,7.858833836341956,14.666666666666666,49,0.0,0.4444444444444444
CustomerId_3505,1500.0,1500.0,0.0,1500.0,1500.0,1,0,0.0,1,1,1500.0,0.0,7.313886831633462,7.313886831633462,8.0,0,0.0,0.0
CustomerId_3506,28865.0,1697.94,1916.48,20.0,5000.0,17,0,0.0,3,2,1697.9411764705883,1.1287089054214465,10.27041971092751,7.437759806157234,9.882352941176471,22,0.0,0.0
CustomerId_3507,6650.0,604.55,757.31,10.0,2000.0,11,0,0.0,2,2,604.5454545454545,1.2526838123353174,8.802522498284421,6.406137135967059,11.272727272727273,49,0.36363636363636365,0.0
CustomerId_3508,31100.0,2221.43,1838.0,20.0,5000.0,14,0,0.0,2,2,2221.4285714285716,0.8273949659330275,10.344995251991222,7.706356470829056,9.785714285714286,12,0.0,0.14285714285714285
CustomerId_3509,64836.85,1543.73,2057.41,12.1,11000.0,42,0,0.0,3,3,1543.7345238095238,1.3327524882377406,11.079644816755748,7.342604416778459,9.761904761904763,65,0.2619047619047619,0.3333333333333333
CustomerId_351,20550.0,10275.0,388.91,10000.0,10550.0,2,0,0.0,2,2,10275.0,0.037850121650817505,9.93066488054092,9.237566358229774,7.5,9,0.5,0.0
CustomerId_3510,14860.0,7430.0,3436.54,5000.0,9860.0,2,0,0.0,1,1,7430.0,0.46252220720558246,9.60649561075857,8.91341571815747,8.5,0,0.0,1.0
CustomerId_3511,164310.0,3495.96,3686.34,8.0,14000.0,47,0,0.0,4,2,3495.9574468085107,1.054457144516969,12.0095162524842,8.159649298622206,11.76595744680851,84,0.19148936170212766,0.1702127659574468
CustomerId_3512,2020.0,673.33,565.8,20.0,1000.0,3,0,0.0,2,2,673.3333333333334,0.8403011883618712,7.611347717403621,6.513719605333686,14.0,0,0.0,0.0
CustomerId_3513,5910.0,985.0,627.88,20.0,2000.0,6,0,0.0,2,2,985.0,0.6374416237183334,8.684570300824369,6.893656354602635,9.0,1,0.5,0.0
CustomerId_3515,362075.1,4210.18,4156.2,9.1,20000.0,86,0,0.0,3,3,4210.175581395349,0.9871786952132262,12.799609689709046,8.345498172439545,11.05813953488372,79,0.29069767441860467,0.20930232558139536
CustomerId_3516,1020.0,510.0,692.96,20.0,1000.0,2,0,0.0,2,2,510.0,1.3587450953750098,6.928537818164665,6.236369590203704,10.0,0,0.0,0.0
CustomerId_3517,73350.0,3492.86,5802.41,30.0,25000.0,21,0,0.0,3,2,3492.8571428571427,1.6612203175445852,11.203011416743363,8.158762421202049,13.047619047619047,29,0.0,0.6190476190476191
CustomerId_3519,22805.0,950.21,952.07,10.0,3200.0,24,0,0.0,2,2,950.2083333333334,1.001957460980249,10.034778938217304,6.8577348583574755,12.375,21,0.0,0.16666666666666666
CustomerId_352,362134.0,7390.49,3060.85,200.0,11000.0,49,0,0.0,3,2,7390.489795918367,0.4141606307005137,12.799772349464275,8.908084617434865,7.346938775510204,81,0.6326530612244898,0.04081632653061224
CustomerId_3520,1000.0,1000.0,0.0,1000.0,1000.0,1,0,0.0,1,1,1000.0,0.0,6.90875477931522,6.90875477931522,13.0,0,0.0,0.0
CustomerId_3521,26030.0,867.67,749.95,10.0,3000.0,30,0,0.0,3,2,867.6666666666666,0.8643262981728926,10.167043414461599,6.7669633063078605,10.833333333333334,18,0.2,0.5333333333333333
CustomerId_3522,2020.0,673.33,565.8,20.0,1000.0,3,0,0.0,2,2,673.3333333333334,0.8403011883618712,7.611347717403621,6.513719605333686,5.0,0,1.0,0.0
CustomerId_3523,1000.0,1000.0,0.0,1000.0,1000.0,1,0,0.0,1,1,1000.0,0.0,6.90875477931522,6.90875477931522,1.0,0,1.0,0.0
CustomerId_3524,35850.0,814.77,929.96,50.0,5000.0,44,0,0.0,2,2,814.7727272727273,1.1413773198063537,10.487126739641525,6.704132452488239,17.636363636363637,81,0.25,0.36363636363636365
CustomerId_3525,270370.0,2392.65,4203.49,25.0,25000.0,113,0,0.0,3,2,2392.6548672566373,1.7568344715036321,12.507550368878702,7.780574676599419,14.079646017699115,38,0.07079646017699115,0.23893805309734514
CustomerId_3526,25650.0,2565.0,3114.93,100.0,10000.0,10,0,0.0,2,2,2565.0,1.214397660345264,10.152337836193743,7.850103545175582,12.0,4,0.0,0.0
CustomerId_3527,4500.0,4500.0,0.0,4500.0,4500.0,1,0,0.0,1,1,4500.0,0.0,8.412054873292933,8.412054873292933,18.0,0,0.0,1.0
CustomerId_3528,100000.0,50000.0,56568.54,10000.0,90000.0,2,0,0.0,1,1,50000.0,1.1313707999773726,11.51293546492023,10.819798284210286,12.5,0,0.0,1.0
CustomerId_3530,430432.5,3499.45,3781.31,20.0,11000.0,123,0,0.0,4,2,3499.451219512195,1.0805440851903745,12.972548119373249,8.16064681064148,13.05691056910569,87,0.10569105691056911,0.2926829268292683
CustomerId_3533,1000.0,1000.0,0.0,1000.0,1000.0,1,0,0.0,1,1,1000.0,0.0,6.90875477931522,6.90875477931522,16.0,0,0.0,1.0
CustomerId_3534,104200.0,26050.0,29325.93,10000.0,70000.0,4,0,0.0,2,2,26050.0,1.125755470206305,11.554077005184336,10.167811434160654,10.0,26,0.25,0.5
CustomerId_3535,305566.0,3118.02,6338.78,17.0,50000.0,98,0,0.0,3,2,3118.0204081632655,2.0329503973569927,12.629924346150585,8.045274128898884,13.306122448979592,60,0.061224489795918366,0.1326530612244898
CustomerId_3536,42000.0,7000.0,3949.68,1000.0,11000.0,6,0,0.0,2,2,7000.0,0.5642399999193942,10.645448706505872,8.853808274977197,15.0,0,0.0,0.0
CustomerId_3537,80000.0,80000.0,0.0,80000.0,80000.0,1,0,0.0,1,1,80000.0,0.0,11.289794413577894,11.289794413577894,8.0,0,0.0,0.0
CustomerId_3540,270000.0,24545.45,26313.93,500.0,60000.0,11,0,0.0,3,1,24545.454545454544,1.0720491984839533,12.506180941677357,10.108322519915342,14.181818181818182,20,0.0,0.09090909090909091
CustomerId_3541,20450.0,1460.71,1622.1,50.0,5000.0,14,0,0.0,2,2,1460.7142857142858,1.1104873649728642,9.925787060030896,7.2873622622209595,17.714285714285715,37,0.2857142857142857,0.2857142857142857
CustomerId_3542,257000.0,51400.0,43929.49,2000.0,90000.0,5,0,0.0,3,2,51400.0,0.8546593385047732,12.456835254920371,10.847412906506923,8.2,5,0.2,0.8
CustomerId_3543,322294.0,2302.1,3384.36,5.0,11000.0,140,0,0.0,3,2,2302.1,1.4701185867381443,12.683222554186452,7.7420113205019625,12.792857142857143,44,0.07857142857142857,0.32857142857142857
CustomerId_3545,9200.0,1533.33,1607.38,50.0,4000.0,6,0,0.0,2,2,1533.3333333333333,1.048293582563249,9.127067452782361,7.335849082650574,17.666666666666668,1,0.0,0.3333333333333333
CustomerId_3547,10000.0,5000.0,0.0,5000.0,5000.0,2,0,0.0,1,1,5000.0,0.0,9.210440366976517,8.517393171418904,10.0,0,0.0,0.0
CustomerId_3548,14000.0,3500.0,1732.05,2000.0,5000.0,4,0,0.0,2,2,3500.0,0.49487142843003673,9.546884034617925,8.160803920954665,11.5,0,0.0,0.5
CustomerId_3549,402675.08,8217.86,16300.82,50.0,90000.0,49,0,0.0,2,2,8217.858775510205,1.983584533931755,12.905887746018982,9.014186792301029,9.448979591836734,87,0.30612244897959184,0.3877551020408163
CustomerId_355,51000.0,7285.71,3638.42,1000.0,10000.0,7,0,0.0,2,2,7285.714285714285,0.49939127408318595,10.839600519357369,8.893807419979778,20.571428571428573,0,0.0,0.0
CustomerId_3550,40100.0,4010.0,8558.31,20.0,28000.0,10,0,0.0,4,2,4010.0,2.1342418947296156,10.599156550639583,8.296795865770052,15.9,11,0.0,0.5
CustomerId_3551,617566.0,4062.93,4329.58,20.0,28000.0,152,0,0.0,4,2,4062.934210526316,1.0656299761340635,13.333542843622642,8.309905764700527,14.342105263157896,87,0.02631578947368421,0.2631578947368421
CustomerId_3554,10000.0,10000.0,0.0,10000.0,10000.0,1,0,0.0,1,1,10000.0,0.0,9.210440366976517,9.210440366976517,7.0,0,0.0,0.0
CustomerId_3555,331194.0,2649.55,6016.41,10.0,50000.0,125,0,0.0,6,2,2649.552,2.27072899085855,12.710462604760929,7.882522444615145,13.368,76,0.088,0.256
CustomerId_3556,152850.0,4776.56,5888.14,25.0,30000.0,32,0,0.0,2,2,4776.5625,1.2327155942283325,11.937218869659372,8.471685234905268,9.59375,7,0.03125,0.09375
CustomerId_3557,55000.0,3235.29,2616.76,500.0,10000.0,17,0,0.0,3,2,3235.294117647059,0.8088177564271465,10.915106645867503,8.082182890973913,12.647058823529411,19,0.0,0.0
CustomerId_3558,48500.0,2108.7,2711.68,25.0,10000.0,23,0,0.0,3,2,2108.695652173913,1.2859486881557602,10.789339695269716,7.654301036266777,11.521739130434783,81,0.0,0.0
CustomerId_3559,32000.0,6400.0,3781.53,1000.0,10000.0,5,0,0.0,2,2,6400.0,0.5908640624076775,10.373522431293592,8.764209507142004,13.0,0,0.0,0.0
CustomerId_356,34370.0,1718.5,1925.45,10.0,7000.0,20,0,0.0,2,2,1718.5,1.1204247884082486,10.444968464561736,7.449788829872321,13.9,24,0.25,0.1
CustomerId_3561,27335.0,1138.96,1186.05,25.0,3500.0,24,0,0.0,2,2,1138.9583333333333,1.0413447346339249,10.215959793795127,7.038748453053654,17.791666666666668,80,0.08333333333333333,0.125
CustomerId_3562,2150.0,307.14,375.48,25.0,1000.0,7,0,0.0,2,2,307.14285714285717,1.222504391409441,7.67368812926773,5.730554225153629,17.428571428571427,57,0.2857142857142857,0.2857142857142857
CustomerId_3564,27000.0,6750.0,3947.57,2000.0,10000.0,4,0,0.0,2,2,6750.0,0.5848251850985444,10.203629181337648,8.81744592104187,10.5,11,0.0,0.5
CustomerId_3566,500.0,500.0,0.0,500.0,500.0,1,0,0.0,1,1,500.0,0.0,6.2166061010848646,6.2166061010848646,18.0,0,0.0,1.0
CustomerId_3567,10000.0,10000.0,0.0,10000.0,10000.0,1,0,0.0,1,1,10000.0,0.0,9.210440366976517,9.210440366976517,12.0,0,0.0,1.0
CustomerId_3569,5030.0,718.57,560.67,10.0,1500.0,7,0,0.0,3,2,718.5714285714286,0.7802580113555282,8.523374050491318,6.578653811379651,12.428571428571429,16,0.0,0.2857142857142857
CustomerId_357,31000.0,5166.67,4155.32,500.0,10000.0,6,0,0.0,2,2,5166.666666666667,0.8042549648411345,10.34177474101152,8.550177188934489,10.0,0,0.0,0.0
CustomerId_3570,20500.0,10250.0,13788.58,500.0,20000.0,2,0,0.0,1,1,10250.0,1.345227316941929,9.928228944424575,9.235130540783402,23.0,0,1.0,1.0
CustomerId_3571,9570.0,957.0,1135.01,10.0,3000.0,10,0,0.0,3,2,957.0,1.186008358217337,9.166492972195906,6.86484777797086,8.0,1,0.0,0.0
CustomerId_3572,2010.0,502.5,404.18,10.0,1000.0,4,0,0.0,2,2,502.5,0.8043383068570382,7.606387389772652,6.221583712158617,5.0,0,1.0,0.0
CustomerId_3573,11000.0,5500.0,6363.96,1000.0,10000.0,2,0,0.0,2,2,5500.0,1.1570836361532575,9.305741456739435,8.612685172875459,14.0,0,0.0,0.0
CustomerId_3574,1000.0,1000.0,0.0,1000.0,1000.0,1,0,0.0,1,1,1000.0,0.0,6.90875477931522,6.90875477931522,8.0,0,0.0,0.0
CustomerId_3575,951000.0,38040.0,37541.62,1000.0,90000.0,25,0,0.0,3,2,38040.0,0.9868985278394612,13.765270393051685,10.54641980443157,12.0,11,0.0,0.12
CustomerId_3577,1000.0,1000.0,0.0,1000.0,1000.0,1,0,0.0,1,1,1000.0,0.0,6.90875477931522,6.90875477931522,9.0,0,0.0,0.0
CustomerId_3578,9400.0,1880.0,1994.32,175.0,4500.0,5,0,0.0,2,2,1880.0,1.0608085100740379,9.148571345578551,7.53955882930103,10.0,31,0.0,0.6
CustomerId_3579,7900.0,2633.33,2902.3,100.0,5800.0,3,0,0.0,3,2,2633.3333333333335,1.102140635202523,8.974744612722734,7.8763841591937895,14.666666666666666,62,0.0,0.0
CustomerId_3581,1632000.0,54400.0,36869.39,1000.0,90000.0,30,0,0.0,3,2,54400.0,0.6777461396934238,14.305317427251099,10.904137815028022,13.5,28,0.06666666666666667,0.9666666666666667
CustomerId_3582,70335.0,1019.35,1312.2,10.0,6000.0,69,0,0.0,3,2,1019.3478260869565,1.2872909194218953,11.161039037763294,6.9279009846750945,14.594202898550725,23,0.0,0.4492753623188406
CustomerId_3583,31000.0,6200.0,3834.06,1000.0,10000.0,5,0,0.0,2,2,6200.0,0.6183967740938069,10.34177474101152,8.732465848349879,12.0,0,0.0,0.0
CustomerId_3589,1000.0,1000.0,0.0,1000.0,1000.0,1,0,0.0,1,1,1000.0,0.0,6.90875477931522,6.90875477931522,10.0,0,0.0,1.0
CustomerId_359,36000.0,3600.0,2951.46,1000.0,10000.0,10,0,0.0,2,2,3600.0,0.8198499997722639,10.491301994830229,8.188966863648876,19.9,0,0.0,0.0
CustomerId_3590,471435.8,7728.46,19744.69,6.0,90000.0,61,0,0.0,6,3,7728.455737704918,2.554802638228728,13.06354033177452,8.952794281444021,12.459016393442623,85,0.01639344262295082,0.26229508196721313
CustomerId_3592,4000.0,2000.0,0.0,2000.0,2000.0,2,0,0.0,1,1,2000.0,0.0,8.294299608857235,7.601402334583733,10.0,0,0.0,1.0
CustomerId_3593,26000.0,13000.0,0.0,13000.0,13000.0,2,0,0.0,1,1,13000.0,0.0,10.165890277802454,9.472781556562168,18.5,0,0.0,1.0
CustomerId_3595,67070.0,2916.09,2693.88,50.0,10000.0,23,0,0.0,4,3,2916.086956521739,0.9237986478730771,11.11350703877837,7.978341823008488,12.869565217391305,28,0.0,0.043478260869565216
CustomerId_3597,69160.0,2660.0,3242.01,20.0,10000.0,26,0,0.0,4,2,2660.0,1.2188007514215036,11.144192398917678,7.886457270977689,13.692307692307692,50,0.34615384615384615,0.11538461538461539
CustomerId_3599,31920.0,2128.0,1739.33,70.0,3500.0,15,0,0.0,2,2,2128.0,0.8173543229241756,10.371019379393825,7.663407664893479,10.266666666666667,57,0.13333333333333333,0.3333333333333333
CustomerId_3600,557972.0,7540.16,3243.31,200.0,11000.0,74,0,0.0,3,2,7540.1621621621625,0.4301380871983966,13.23206585309598,8.928131295322743,7.797297297297297,72,0.3783783783783784,0.06756756756756757
CustomerId_3601,102000.0,11333.33,7211.1,1000.0,20000.0,9,0,0.0,2,2,11333.333333333334,0.6362737164949513,11.532737896139919,9.335591452240061,8.0,0,0.0,0.0
CustomerId_3602,276900.66,1270.19,2486.39,10.0,13000.0,218,0,0.0,2,2,1270.1865137614677,1.957494546518635,12.531417704085106,7.1477087486088084,13.325688073394495,43,0.05504587155963303,0.3348623853211009
CustomerId_3605,388350.0,5178.0,4033.4,150.0,15000.0,75,0,0.0,2,2,5178.0,0.7789494011628139,12.869664848841259,8.552367266423891,11.72,88,0.06666666666666667,0.26666666666666666
CustomerId_3608,30851.6,1623.77,2084.53,10.0,5500.0,19,0,0.0,4,2,1623.7684210526315,1.2837593986317277,10.336976304550511,7.393121546284786,12.210526315789474,21,0.15789473684210525,0.0
CustomerId_3609,14392.8,1199.4,1368.71,18.0,5000.0,12,0,0.0,4,2,1199.3999999999999,1.1411622468391176,9.57455283729288,7.090410113566212,12.833333333333334,5,0.0,0.9166666666666666
CustomerId_361,31000.0,6200.0,3834.06,1000.0,10000.0,5,0,0.0,2,2,6200.0,0.6183967740938069,10.34177474101152,8.732465848349879,12.0,0,0.0,0.0
CustomerId_3610,76020.0,2452.26,6395.19,40.0,36000.0,31,0,0.0,3,2,2452.2580645161293,2.6078759990344103,11.238764896889764,7.805173031303711,10.870967741935484,21,0.12903225806451613,0.0967741935483871
CustomerId_3611,71437.0,2463.34,3674.45,55.0,14000.0,29,0,0.0,4,3,2463.344827586207,1.4916536079097267,11.176585219637783,7.809679302147066,11.96551724137931,71,0.10344827586206896,0.4482758620689655
CustomerId_3613,379842.85,1609.5,1943.8,12.0,8000.0,236,0,0.0,4,2,1609.5036016949152,1.207704255229758,12.847515526198745,7.384299968771254,13.61864406779661,84,0.029661016949152543,0.11864406779661017
CustomerId_3614,2010.0,502.5,404.18,10.0,1000.0,4,0,0.0,2,2,502.5,0.8043383068570382,7.606387389772652,6.221583712158617,4.0,7,1.0,0.0
CustomerId_3615,12220.0,4073.33,6011.33,220.0,11000.0,3,0,0.0,2,2,4073.3333333333335,1.4757778030565218,9.410911062438,8.312461594979062,14.0,0,0.0,0.0
CustomerId_3616,1000.0,1000.0,0.0,1000.0,1000.0,1,0,0.0,1,1,1000.0,0.0,6.90875477931522,6.90875477931522,5.0,0,1.0,0.0
CustomerId_3617,90942.0,7578.5,9585.8,100.0,28000.0,12,0,0.0,4,2,7578.5,1.264867717719223,11.417988215618697,8.933202513400072,12.75,18,0.0,0.4166666666666667
CustomerId_362,34000.0,4250.0,2964.07,1000.0,10000.0,8,0,0.0,2,2,4250.0,0.6974282351300168,10.434145214930487,8.35490952835879,11.875,8,0.0,0.0
CustomerId_3621,62000.0,6200.0,3614.78,1000.0,10000.0,10,0,0.0,2,2,6200.0,0.5830290321640276,11.034905792929415,8.732465848349879,9.8,7,0.6,0.0
CustomerId_3622,9000.0,3000.0,1732.05,2000.0,5000.0,3,0,0.0,2,1,3000.0,0.57734999980755,9.105090961257085,8.006700845440367,11.333333333333334,0,0.0,0.0
CustomerId_3623,1510.0,503.33,495.01,10.0,1000.0,3,0,0.0,2,2,503.3333333333333,0.9834700872519618,7.32052696227274,6.223230815713077,13.0,0,0.0,0.0
CustomerId_3624,32000.0,6400.0,3781.53,1000.0,10000.0,5,0,0.0,2,2,6400.0,0.5908640624076775,10.373522431293592,8.764209507142004,19.0,0,0.0,0.0
CustomerId_3625,54000.0,6750.0,5988.08,500.0,17000.0,8,0,0.0,2,2,6750.0,0.8871229628315372,10.896757843893464,8.81744592104187,16.75,3,0.0,0.25
CustomerId_3626,112000.0,8000.0,4607.69,1000.0,20000.0,14,0,0.0,2,2,8000.0,0.5759612499280048,11.626263078808801,8.987321812850125,16.357142857142858,17,0.0,0.14285714285714285
CustomerId_3627,1500.0,1500.0,0.0,1500.0,1500.0,1,0,0.0,1,1,1500.0,0.0,7.313886831633462,7.313886831633462,18.0,0,0.0,0.0
CustomerId_3628,21200.0,1247.06,828.28,20.0,3000.0,17,0,0.0,2,2,1247.0588235294117,0.664186165329506,9.961803629358965,7.129345624696792,16.0,24,0.0,0.5294117647058824
CustomerId_3629,22000.0,11000.0,12727.92,2000.0,20000.0,2,0,0.0,1,1,11000.0,1.157083636258447,9.99884318585288,9.305741456739435,15.0,0,0.0,0.0
CustomerId_3630,22000.0,11000.0,0.0,11000.0,11000.0,2,0,0.0,2,1,11000.0,0.0,9.99884318585288,9.305741456739435,14.0,0,0.0,1.0
CustomerId_3631,32000.0,6400.0,3781.53,1000.0,10000.0,5,0,0.0,2,2,6400.0,0.5908640624076775,10.373522431293592,8.764209507142004,13.0,0,0.0,0.0
CustomerId_3632,17215.0,819.76,645.23,15.0,2000.0,21,0,0.0,2,3,819.7619047619048,0.7870962223247094,9.75359446296151,6.710230740285547,16.80952380952381,9,0.09523809523809523,0.38095238095238093
CustomerId_3633,500.0,500.0,0.0,500.0,500.0,1,0,0.0,1,1,500.0,0.0,6.2166061010848646,6.2166061010848646,22.0,0,1.0,1.0
CustomerId_3634,2711557.0,1300.51,5254.91,5.0,90000.0,2085,0,0.0,2,2,1300.5069544364508,4.04065327906694,14.813033935408813,7.171280407847284,14.067625899280575,29,0.07529976019184652,0.40575539568345326
CustomerId_3635,511602.04,9301.86,5620.68,100.02,20000.0,55,0,0.0,2,2,9301.855272727273,0.6042533428148507,13.145304290811469,9.138077158746368,13.709090909090909,88,0.2909090909090909,0.0
CustomerId_3636,492100.0,9649.02,5601.41,200.0,20000.0,51,0,0.0,2,2,9649.019607843138,0.5805159487097636,13.1064392589593,9.174715266869745,10.666666666666666,84,0.5098039215686274,0.0
CustomerId_3637,10250.0,732.14,588.87,50.0,2000.0,14,0,0.0,2,2,732.1428571428571,0.8043133815877929,9.235130540783402,6.597336679556486,9.785714285714286,16,0.21428571428571427,0.35714285714285715
CustomerId_3638,873315.84,2583.77,3509.43,5.98,21000.0,338,0,0.0,4,2,2583.774674556213,1.3582594420717558,13.680053701394653,7.8573918081291,13.538461538461538,70,0.08579881656804733,0.28994082840236685
CustomerId_3639,2000.0,2000.0,0.0,2000.0,2000.0,1,0,0.0,1,1,2000.0,0.0,7.601402334583733,7.601402334583733,1.0,0,1.0,0.0
CustomerId_3641,62000.0,6888.89,3257.47,1000.0,10000.0,9,0,0.0,2,2,6888.888888888889,0.4728584720509605,11.034905792929415,8.837810398713351,11.777777777777779,27,0.0,0.0
CustomerId_3642,120400.0,12040.0,9155.84,200.0,30000.0,10,0,0.0,2,2,12040.0,0.7604518271793644,11.698583117470207,9.39607277189222,18.5,49,0.0,0.0
CustomerId_3643,32000.0,6400.0,3781.53,1000.0,10000.0,5,0,0.0,2,2,6400.0,0.5908640624076775,10.373522431293592,8.764209507142004,19.0,0,0.0,0.0
CustomerId_3645,162075.0,14734.09,26049.61,87.5,90000.0,11,0,0.0,3,2,14734.09090909091,1.76798227771325,11.995820640007194,9.597987003059487,12.090909090909092,22,0.18181818181818182,0.45454545454545453
CustomerId_3646,86000.0,28666.67,44500.94,1000.0,80000.0,3,0,0.0,2,2,28666.666666666668,1.552358191532105,11.362114203075018,10.26352528595505,11.0,0,0.0,0.0
CustomerId_3647,510.0,255.0,346.48,10.0,500.0,2,0,0.0,2,2,255.0,1.3587450927108036,6.236369590203704,5.545177444479562,15.0,0,0.0,0.0
CustomerId_3648,194280.0,11428.24,15745.65,20.0,50000.0,17,0,0.0,3,2,11428.235294117647,1.377784330625032,12.177060843656646,9.343930262889646,13.411764705882353,82,0.0,0.0
CustomerId_3649,10000.0,10000.0,0.0,10000.0,10000.0,1,0,0.0,1,1,10000.0,0.0,9.210440366976517,9.210440366976517,11.0,0,0.0,0.0
CustomerId_3650,58260.0,1324.09,2056.86,20.0,7000.0,44,0,0.0,2,2,1324.090909090909,1.5534140416788784,10.972688194801409,7.189235660641858,11.227272727272727,66,0.18181818181818182,0.13636363636363635
CustomerId_3651,31346.0,1741.44,1811.5,50.0,5000.0,18,0,0.0,3,2,1741.4444444444443,1.0402310725375372,10.35287384770222,7.4630417087563306,9.88888888888889,82,0.1111111111111111,0.1111111111111111
CustomerId_3653,90000.0,90000.0,0.0,90000.0,90000.0,1,0,0.0,1,1,90000.0,0.0,11.407576060361786,11.407576060361786,21.0,0,0.0,1.0
CustomerId_3654,92000.0,6571.43,3367.59,1000.0,10000.0,14,0,0.0,2,2,6571.428571428572,0.5124592363439222,11.429554725537322,8.79063890610989,10.285714285714286,27,0.0,0.0
CustomerId_3655,91550.0,3390.74,3375.68,50.0,10000.0,27,0,0.0,2,2,3390.740740740741,0.9955584913630776,11.424651473035901,8.129098343030563,15.148148148148149,47,0.07407407407407407,0.25925925925925924
CustomerId_3656,185667.0,2994.63,4563.1,50.0,20000.0,62,0,0.0,5,3,2994.6290322580644,1.5237608647733574,12.131715411544072,8.004909839013274,11.096774193548388,27,0.11290322580645161,0.1774193548387097
CustomerId_3658,283587.0,6033.77,7838.9,22.0,50000.0,47,0,0.0,4,3,6033.765957446809,1.2991711647445672,12.555277759627819,8.705293021786334,15.340425531914894,26,0.14893617021276595,0.1276595744680851
CustomerId_3659,41000.0,6833.33,3763.86,1000.0,10000.0,6,0,0.0,2,2,6833.333333333333,0.5508090490945396,10.62135173563291,8.829713719481315,12.0,0,0.0,0.0
CustomerId_366,8400.0,1050.0,1044.37,50.0,3000.0,8,0,0.0,2,2,1050.0,0.9946380942908206,9.036106025364846,6.957497370876951,15.5,11,0.0,0.0
CustomerId_3660,500.0,500.0,0.0,500.0,500.0,1,0,0.0,1,1,500.0,0.0,6.2166061010848646,6.2166061010848646,19.0,0,0.0,0.0
CustomerId_3663,181800.0,16527.27,8453.18,1000.0,25000.0,11,0,0.0,2,2,16527.272727272728,0.511468621223501,12.110667961260443,9.712827527140801,9.636363636363637,0,0.36363636363636365,0.0
CustomerId_3664,90000.0,90000.0,0.0,90000.0,90000.0,1,0,0.0,1,1,90000.0,0.0,11.407576060361786,11.407576060361786,16.0,0,0.0,0.0
CustomerId_3665,10000.0,5000.0,0.0,5000.0,5000.0,2,0,0.0,1,1,5000.0,0.0,9.210440366976517,8.517393171418904,18.0,0,0.0,0.0
CustomerId_3666,42000.0,7000.0,3949.68,1000.0,11000.0,6,0,0.0,2,2,7000.0,0.5642399999193942,10.645448706505872,8.853808274977197,16.0,0,0.0,0.0
CustomerId_3667,8550.0,1425.0,1900.94,10.0,5000.0,6,0,0.0,3,2,1425.0,1.333992981520005,9.053803514155955,7.262628600974241,10.166666666666666,0,0.5,1.0
CustomerId_3668,42000.0,7000.0,3687.82,1000.0,10000.0,6,0,0.0,2,2,7000.0,0.5268314284961669,10.645448706505872,8.853808274977197,18.0,0,0.0,0.0
CustomerId_3670,85684.0,6591.08,9916.0,16.0,33000.0,13,0,0.0,5,2,6591.076923076923,1.5044575393555444,11.35843306009495,8.793624207437999,10.538461538461538,9,0.0,0.46153846153846156
CustomerId_3671,10000.0,10000.0,0.0,10000.0,10000.0,1,0,0.0,1,1,10000.0,0.0,9.210440366976517,9.210440366976517,18.0,0,0.0,0.0
CustomerId_3672,110369.0,1041.22,1888.15,25.0,13000.0,106,0,0.0,3,2,1041.2169811320755,1.8134015848587217,11.61159363676693,6.949108332465616,13.283018867924529,52,0.1320754716981132,0.2830188679245283
CustomerId_3673,10000.0,10000.0,0.0,10000.0,10000.0,1,0,0.0,1,1,10000.0,0.0,9.210440366976517,9.210440366976517,11.0,0,0.0,0.0
CustomerId_3678,103959.0,2165.81,5445.39,12.5,28000.0,48,0,0.0,4,2,2165.8125,2.514251018088267,11.551761488755426,7.681011318873703,13.458333333333334,11,0.041666666666666664,0.4375
CustomerId_368,25000.0,12500.0,10606.6,5000.0,20000.0,2,0,0.0,1,1,12500.0,0.8485279999321178,10.12667110305036,9.433563920090563,9.5,0,0.0,1.0
CustomerId_3680,112400.0,5915.79,3895.09,20.0,10180.0,19,0,0.0,2,2,5915.789473684211,0.6584226281429154,11.629828113199304,8.68554935108862,12.842105263157896,35,0.0,0.0
CustomerId_3681,5000.0,5000.0,0.0,5000.0,5000.0,1,0,0.0,1,1,5000.0,0.0,8.517393171418904,8.517393171418904,20.0,0,0.0,0.0
CustomerId_3682,525.0,262.5,335.88,25.0,500.0,2,0,0.0,2,2,262.5,1.2795428522684082,6.26530121273771,5.574053367981417,7.0,1,0.5,0.5
CustomerId_3683,13125.0,546.88,555.91,25.0,2000.0,24,0,0.0,2,2,546.875,1.0165118471757755,9.482350275033667,6.306056284866621,11.416666666666666,82,0.0,0.25
CustomerId_3684,4020.0,804.0,438.27,20.0,1000.0,5,0,0.0,2,2,804.0,0.5451119396205075,8.299285906897275,6.690842277418564,14.2,11,0.4,0.2
CustomerId_3685,32000.0,6400.0,3781.53,1000.0,10000.0,5,0,0.0,2,2,6400.0,0.5908640624076775,10.373522431293592,8.764209507142004,7.0,0,0.0,0.0
CustomerId_3686,1430.0,476.67,399.54,30.0,800.0,3,0,0.0,2,2,476.6666666666667,0.8381899409692452,7.266128779556451,6.1689201175027755,7.0,0,0.0,0.0
CustomerId_3687,1500.0,1500.0,0.0,1500.0,1500.0,1,0,0.0,1,1,1500.0,0.0,7.313886831633462,7.313886831633462,7.0,0,0.0,0.0
CustomerId_3688,182000.0,7280.0,2865.31,1000.0,11000.0,25,0,0.0,2,2,7280.0,0.3935865384074744,12.111767460549332,8.893023494394711,10.28,42,0.0,0.0
CustomerId_3689,62000.0,6888.89,3444.0,1000.0,11000.0,9,0,0.0,2,2,6888.888888888889,0.499935403163654,11.034905792929415,8.837810398713351,16.333333333333332,35,0.0,0.0
CustomerId_369,132000.0,8250.0,4494.44,1000.0,21000.0,16,0,0.0,2,2,8250.0,0.544780605994572,11.790564777297387,9.018089684104343,10.25,18,0.0625,0.0625
CustomerId_3690,467335.0,11683.38,18038.8,60.0,90000.0,40,0,0.0,2,4,11683.375,1.5439710082575444,13.054803764026378,9.36600818608729,10.375,39,0.0,0.025
CustomerId_3691,10000.0,10000.0,0.0,10000.0,10000.0,1,0,0.0,1,1,10000.0,0.0,9.210440366976517,9.210440366976517,19.0,0,0.0,1.0
CustomerId_3693,1020.0,510.0,692.96,20.0,1000.0,2,0,0.0,2,2,510.0,1.3587450953750098,6.928537818164665,6.236369590203704,10.0,0,0.0,1.0
CustomerId_3694,46360.0,526.82,455.4,25.0,1500.0,88,0,0.0,2,2,526.8181818181819,0.8644318726236059,10.744213867540292,6.268755316492638,15.272727272727273,78,0.022727272727272728,0.17045454545454544
CustomerId_3696,10000.0,1428.57,534.52,1000.0,2000.0,7,0,0.0,2,1,1428.5714285714287,0.3741643739024588,9.210440366976517,7.265128978734154,11.714285714285714,23,0.0,0.42857142857142855
CustomerId_3697,22390.0,2798.75,3567.59,90.0,10000.0,8,0,0.0,2,2,2798.75,1.2747083514873754,10.016414371391338,7.937285406462803,10.0,70,0.0,0.875
CustomerId_3698,32000.0,6400.0,3781.53,1000.0,10000.0,5,0,0.0,2,2,6400.0,0.5908640624076775,10.373522431293592,8.764209507142004,14.0,0,0.0,0.0
CustomerId_3700,5000.0,5000.0,0.0,5000.0,5000.0,1,0,0.0,1,1,5000.0,0.0,8.517393171418904,8.517393171418904,18.0,0,0.0,1.0
CustomerId_3701,964500.0,24112.5,35523.64,500.0,90000.0,40,0,0.0,4,2,24112.5,1.473245826792193,13.779366148134018,10.090527128619456,11.4,34,0.2,0.35
CustomerId_3703,251025.0,5457.07,4730.89,50.0,20000.0,46,0,0.0,3,2,5457.065217391304,0.8669285897254518,12.433311798406669,8.604850526396742,15.521739130434783,80,0.15217391304347827,0.1956521739130435
CustomerId_3706,244010.0,2121.83,7702.53,10.0,50000.0,115,0,0.0,2,2,2121.8260869565215,3.6301353060187975,12.40496858522639,7.660505383132003,13.660869565217391,4,0.0,0.008695652173913044
CustomerId_3707,182000.0,5200.0,3775.38,500.0,10000.0,35,0,0.0,2,2,5200.0,0.7260346152449934,12.111767460549332,8.556606193773073,9.285714285714286,42,0.0,0.0
CustomerId_3708,20000.0,20000.0,0.0,20000.0,20000.0,1,0,0.0,1,1,20000.0,0.0,9.90353755128617,9.90353755128617,17.0,0,0.0,1.0
CustomerId_3711,105690.0,1304.81,2068.39,4.0,12700.0,81,0,0.0,4,2,1304.8148148148148,1.585203974842924,11.56827502159171,7.174578816863813,12.666666666666666,81,0.1111111111111111,0.25925925925925924
CustomerId_3712,360671.2,9247.98,8098.38,5.2,50000.0,39,0,0.0,3,2,9247.979487179487,0.8756917725951298,12.795724791562103,9.132268554155987,7.0256410256410255,42,0.38461538461538464,0.05128205128205128
CustomerId_3714,38000.0,5428.57,5380.74,1000.0,14000.0,7,0,0.0,3,2,5428.571428571428,0.9911892080250988,10.545367754151743,8.599615220105388,14.428571428571429,2,0.0,0.2857142857142857
CustomerId_3715,38030.0,1118.53,959.53,40.0,3000.0,34,0,0.0,2,2,1118.5294117647059,0.8578491405167057,10.546156895606837,7.020664233357293,12.735294117647058,49,0.058823529411764705,0.08823529411764706
CustomerId_3716,97301.0,4054.21,4930.97,10.0,12000.0,24,0,0.0,4,3,4054.2083333333335,1.216259147598112,11.485574822947429,8.307757753124719,10.958333333333334,42,0.0,0.041666666666666664
CustomerId_3717,17160.0,4290.0,4297.64,160.0,8000.0,4,0,0.0,2,2,4290.0,1.0017808855473704,9.750394646402302,8.364275084991524,9.25,7,0.0,1.0
CustomerId_3719,500.0,500.0,0.0,500.0,500.0,1,0,0.0,1,1,500.0,0.0,6.2166061010848646,6.2166061010848646,8.0,0,0.0,0.0
CustomerId_3720,39106.0,782.12,676.27,36.0,2000.0,50,0,0.0,2,2,782.12,0.8646627104988203,10.574056758082826,6.663285940953175,12.96,56,0.06,0.18
CustomerId_3721,31425.0,1309.38,1634.17,10.0,7000.0,24,0,0.0,3,2,1309.375,1.24804869384896,10.355390854750077,7.178072450467069,12.416666666666666,30,0.20833333333333334,0.125
CustomerId_3722,13050.0,2610.0,4151.57,50.0,10000.0,5,0,0.0,2,2,2610.0,1.5906398461338545,9.476620038167528,7.8674885686991285,11.4,20,0.0,1.0
CustomerId_3723,107000.0,21400.0,26159.13,1000.0,50000.0,5,0,0.0,2,1,21400.0,1.2223892522793276,11.580593459194764,9.97119292889014,7.2,0,0.0,0.0
CustomerId_3724,80000.0,80000.0,0.0,80000.0,80000.0,1,0,0.0,1,1,80000.0,0.0,11.289794413577894,11.289794413577894,13.0,0,0.0,0.0
CustomerId_3725,1000.0,1000.0,0.0,1000.0,1000.0,1,0,0.0,1,1,1000.0,0.0,6.90875477931522,6.90875477931522,8.0,0,0.0,1.0
CustomerId_3727,25000.0,5000.0,0.0,5000.0,5000.0,5,0,0.0,1,1,5000.0,0.0,10.12667110305036,8.517393171418904,15.4,0,0.0,0.2
CustomerId_3729,78515.0,1006.6,970.66,10.0,5000.0,78,0,0.0,4,2,1006.6025641025641,0.9642956477604852,11.27105770465774,6.9153265444784555,15.833333333333334,24,0.0,0.48717948717948717
CustomerId_373,1000.0,1000.0,0.0,1000.0,1000.0,1,0,0.0,1,1,1000.0,0.0,6.90875477931522,6.90875477931522,22.0,0,1.0,0.0
CustomerId_3730,474523.0,1853.61,3093.58,20.0,15000.0,256,0,0.0,4,2,1853.60546875,1.6689486992037437,13.070067475310445,7.525429710349863,13.38671875,44,0.0390625,0.16796875
CustomerId_3732,16000.0,5333.33,4509.25,1000.0,10000.0,3,0,0.0,2,2,5333.333333333333,0.8454849032695361,9.680406499268875,8.581918570094851,15.0,0,0.0,0.0
CustomerId_3733,5000.0,5000.0,0.0,5000.0,5000.0,1,0,0.0,1,1,5000.0,0.0,8.517393171418904,8.517393171418904,21.0,0,0.0,0.0
CustomerId_3734,1600.0,800.0,282.84,600.0,1000.0,2,0,0.0,2,1,800.0,0.3535499995580625,7.3783837129967145,6.68586094706836,21.0,0,0.0,0.0
CustomerId_3735,16270.0,1162.14,1378.63,25.0,5000.0,14,0,0.0,3,2,1162.142857142857,1.1862856444264152,9.69713966113932,7.058878523605674,10.857142857142858,3,0.0,0.35714285714285715
CustomerId_3736,102000.0,7846.15,3782.55,1000.0,15000.0,13,0,0.0,2,2,7846.153846153846,0.48208994213950923,11.532737896139919,8.967905687530347,13.461538461538462,18,0.0,0.07692307692307693
CustomerId_3737,373512.0,5574.81,7874.07,10.0,41500.0,67,0,0.0,5,3,5574.805970149254,1.4124373742939331,12.830708088839526,8.626192877254356,10.91044776119403,75,0.29850746268656714,0.19402985074626866
CustomerId_3738,5000.0,1666.67,577.35,1000.0,2000.0,3,0,0.0,2,2,1666.6666666666667,0.34640930697354044,8.517393171418904,7.419182721618817,8.0,0,0.0,0.0
CustomerId_3739,500.0,500.0,0.0,500.0,500.0,1,0,0.0,1,1,500.0,0.0,6.2166061010848646,6.2166061010848646,17.0,0,0.0,0.0
CustomerId_374,32000.0,6400.0,3781.53,1000.0,10000.0,5,0,0.0,2,2,6400.0,0.5908640624076775,10.373522431293592,8.764209507142004,13.0,0,0.0,0.0
CustomerId_3741,500.0,500.0,0.0,500.0,500.0,1,0,0.0,1,1,500.0,0.0,6.2166061010848646,6.2166061010848646,15.0,0,0.0,1.0
CustomerId_3742,12000.0,12000.0,0.0,12000.0,12000.0,1,0,0.0,1,1,12000.0,0.0,9.392745258631441,9.392745258631441,18.0,0,0.0,0.0
CustomerId_3743,2000.0,1000.0,0.0,1000.0,1000.0,2,0,0.0,2,1,1000.0,0.0,7.601402334583733,6.90875477931522,6.0,0,0.0,0.0
CustomerId_3745,58501.0,1887.13,2578.43,40.0,10000.0,31,0,0.0,3,2,1887.1290322580646,1.3663234640081372,10.976816220669738,7.543342200267189,9.258064516129032,88,0.2903225806451613,0.45161290322580644
CustomerId_3746,44555.0,2345.0,3258.53,10.0,11000.0,19,0,0.0,2,2,2345.0,1.3895650313903776,10.70450210396508,7.76046702921342,9.105263157894736,63,0.3684210526315789,0.05263157894736842
CustomerId_3749,180000.0,90000.0,0.0,90000.0,90000.0,2,0,0.0,1,1,90000.0,0.0,12.100717685412471,11.407576060361786,7.0,0,0.0,0.0
CustomerId_3752,14500.0,7250.0,8131.73,1500.0,13000.0,2,0,0.0,1,1,7250.0,1.1216179308797767,9.581972891547895,8.888894669371593,14.0,0,0.0,0.0
CustomerId_3756,7500.0,3750.0,4596.19,500.0,7000.0,2,0,0.0,2,1,3750.0,1.2256506663398263,8.922791623969637,8.229777750081887,3.0,0,1.0,0.0
CustomerId_3758,99262.0,2111.96,5553.54,5.0,33000.0,47,0,0.0,3,2,2111.9574468085107,2.6295668466118833,11.505528172339753,7.655845087006207,14.46808510638298,60,0.0425531914893617,0.2553191489361702
CustomerId_3759,2025.0,506.25,398.11,25.0,1000.0,4,0,0.0,2,2,506.25,0.7863901219034269,7.613818684808629,6.229003978705924,11.0,0,0.0,0.0
CustomerId_3760,367596.2,2042.2,3914.58,10.0,20000.0,180,0,0.0,3,2,2042.2011111111112,1.916844578436566,12.814743052459686,7.622272485278275,13.63888888888889,11,0.06666666666666667,0.42777777777777776
CustomerId_3762,30000.0,30000.0,0.0,30000.0,30000.0,1,0,0.0,1,1,30000.0,0.0,10.308985993422082,10.308985993422082,10.0,0,0.0,0.0
CustomerId_3763,30375.0,1084.82,1680.32,10.0,8000.0,28,0,0.0,3,2,1084.8214285714287,1.5489389930597341,10.321408101911638,6.990090740900165,7.392857142857143,9,0.21428571428571427,0.14285714285714285
CustomerId_3764,500.0,500.0,0.0,500.0,500.0,1,0,0.0,1,1,500.0,0.0,6.2166061010848646,6.2166061010848646,22.0,0,1.0,0.0
CustomerId_3765,112420.5,4887.85,5333.5,67.5,20000.0,23,0,0.0,3,2,4887.847826086957,1.0911750562944493,11.630010479288613,8.494712380987087,10.521739130434783,32,0.17391304347826086,0.21739130434782608
CustomerId_3766,197198.0,1528.67,2798.82,8.0,11000.0,129,0,0.0,3,2,1528.6666666666667,1.8308856706608452,12.1919686501439,7.332807304848342,11.224806201550388,36,0.18604651162790697,0.3023255813953488
CustomerId_3767,152274.2,1409.95,2462.27,5.2,11000.0,108,0,0.0,5,2,1409.9462962962964,1.7463527063042286,11.933444689117055,7.252018515363858,12.12962962962963,76,0.09259259259259259,0.3055555555555556
CustomerId_3768,1275000.0,70833.33,34296.72,1000.0,90000.0,18,6,0.33,3,2,70833.33333333333,0.4841890110138238,14.058457520888082,11.168099049167745,11.11111111111111,38,0.0,0.1111111111111111
CustomerId_3771,122000.0,5809.52,3641.69,1000.0,10000.0,21,0,0.0,2,2,5809.523809523809,0.6268486896289454,11.711784520403112,8.66742534670158,10.19047619047619,42,0.0,0.0
CustomerId_3774,106000.0,5888.89,4213.27,1000.0,14000.0,18,0,0.0,2,2,5888.888888888889,0.7154608082821278,11.571203807011969,8.680992600749677,11.277777777777779,28,0.0,0.0
CustomerId_3777,32000.0,6400.0,3781.53,1000.0,10000.0,5,0,0.0,2,2,6400.0,0.5908640624076775,10.373522431293592,8.764209507142004,15.0,0,0.0,0.0
CustomerId_3778,48849.0,2220.41,3386.36,20.0,11000.0,22,0,0.0,4,2,2220.409090909091,1.5251057230308342,10.79650965747093,7.705897408388504,15.090909090909092,28,0.09090909090909091,0.5
CustomerId_3779,13120.0,1457.78,1334.15,20.0,4000.0,9,0,0.0,3,2,1457.7777777777778,0.9151929640170718,9.481969279105716,7.2853557489419964,16.77777777777778,28,0.5555555555555556,0.3333333333333333
CustomerId_378,62000.0,8857.14,6094.49,1000.0,20000.0,7,0,0.0,2,2,8857.142857142857,0.6880878025312812,11.034905792929415,9.089092089280351,9.0,0,0.0,0.0
CustomerId_3780,2000.0,2000.0,0.0,2000.0,2000.0,1,0,0.0,1,1,2000.0,0.0,7.601402334583733,7.601402334583733,8.0,0,0.0,1.0
CustomerId_3781,323260.0,7027.39,8104.23,40.0,50000.0,46,0,0.0,2,2,7027.391304347826,1.1532347000588787,12.686215325444135,8.857712940083795,12.565217391304348,41,0.06521739130434782,0.08695652173913043
CustomerId_3782,62000.0,6888.89,3257.47,1000.0,10000.0,9,0,0.0,2,2,6888.888888888889,0.4728584720509605,11.034905792929415,8.837810398713351,18.666666666666668,6,0.0,0.0
CustomerId_3785,32000.0,6400.0,3781.53,1000.0,10000.0,5,0,0.0,2,2,6400.0,0.5908640624076775,10.373522431293592,8.764209507142004,18.2,0,0.0,0.0
CustomerId_3786,13000.0,2600.0,2190.89,1000.0,5000.0,5,0,0.0,2,1,2600.0,0.8426499996759038,9.472781556562168,7.8636512654486515,9.0,5,0.0,0.0
CustomerId_3787,134447.0,5601.96,11991.6,10.0,40000.0,24,0,0.0,3,2,5601.958333333333,2.1406079296994966,11.808932786167999,8.63105030850714,13.708333333333334,74,0.3333333333333333,0.4583333333333333
CustomerId_3788,136740.5,1553.87,2203.57,20.0,12000.0,88,0,0.0,2,2,1553.8693181818182,1.4181173448112665,11.82584756113118,7.349147219832378,15.272727272727273,66,0.056818181818181816,0.3409090909090909
CustomerId_379,49325.0,2596.05,2556.18,125.0,10000.0,19,0,0.0,2,2,2596.0526315789475,0.9846420519694759,10.806206604380188,7.8621314644616245,10.736842105263158,9,0.21052631578947367,0.21052631578947367
CustomerId_3790,3100.0,620.0,520.34,50.0,1000.0,5,0,0.0,2,2,620.0,0.8392580631624871,8.03947991910045,6.431331081933479,7.0,0,0.0,0.0
CustomerId_3793,105000.0,35000.0,25980.76,5000.0,50000.0,3,0,0.0,1,1,35000.0,0.7423074285502197,11.561725152903833,10.463131911491967,19.0,0,0.0,0.0
CustomerId_3794,175124.0,2918.73,9230.56,4.0,50000.0,60,0,0.0,4,2,2918.733333333333,3.1625261661193305,12.073255283639309,7.979246425233682,12.233333333333333,88,0.016666666666666666,0.1
CustomerId_3795,710374.0,7103.74,15502.24,10.0,90000.0,100,0,0.0,3,2,7103.74,2.182264553294143,13.473548278599422,8.868517445913701,14.22,88,0.38,0.27
CustomerId_3796,500.0,500.0,0.0,500.0,500.0,1,0,0.0,1,1,500.0,0.0,6.2166061010848646,6.2166061010848646,16.0,0,0.0,1.0
CustomerId_3797,22250.0,1308.82,1366.88,20.0,5000.0,17,0,0.0,2,2,1308.8235294117646,1.0443605682642683,10.010142230404668,7.17764500217417,11.0,2,0.058823529411764705,0.17647058823529413
CustomerId_3799,123900.0,9530.77,18265.78,10.0,50000.0,13,0,0.0,2,2,9530.76923076923,1.9165062212269828,11.727238138609684,9.162385708678672,17.23076923076923,29,0.0,0.3076923076923077
CustomerId_3802,371800.0,5633.33,3890.0,200.0,10200.0,66,0,0.0,2,2,5633.333333333333,0.6905329528554988,12.826114043883939,8.636633519670937,11.242424242424242,85,0.07575757575757576,0.2878787878787879
CustomerId_3803,129756.0,2760.77,4269.39,20.0,14000.0,47,0,0.0,3,2,2760.7659574468084,1.546448997364341,11.773418749476551,7.923627057511263,14.27659574468085,29,0.1276595744680851,0.3404255319148936
CustomerId_3805,4020.0,804.0,438.27,20.0,1000.0,5,0,0.0,2,2,804.0,0.5451119396205075,8.299285906897275,6.690842277418564,14.2,1,0.0,0.4
CustomerId_3806,22800.0,2850.0,2324.87,250.0,5000.0,8,0,0.0,2,2,2850.0,0.8157438593628968,10.034559673629849,7.955425088912672,5.5,2,0.875,0.0
CustomerId_3807,50000.0,7142.86,3532.17,1000.0,10000.0,7,0,0.0,2,2,7142.857142857143,0.49450360212932865,10.819798284210286,8.874008525499812,6.285714285714286,1,0.8571428571428571,0.0
CustomerId_3808,135639.0,3154.4,5368.93,20.0,20000.0,43,0,0.0,3,2,3154.3953488372094,1.7020447623313326,11.817759596239576,8.056870549823353,15.279069767441861,67,0.06976744186046512,0.2558139534883721
CustomerId_3809,100942.4,2060.05,2573.34,10.0,10000.0,49,0,0.0,4,2,2060.0489795918365,1.2491638546398565,11.522315242703245,7.630970840664117,15.26530612244898,82,0.04081632653061224,0.16326530612244897
CustomerId_381,203613.0,20361.3,14025.13,371.0,35000.0,10,0,0.0,2,2,20361.3,0.6888130914681865,12.223981323573465,9.921440430885392,12.5,73,0.0,0.2
CustomerId_3810,9150.0,1016.67,981.71,50.0,3000.0,9,0,0.0,2,2,1016.6666666666666,0.9656132265478344,9.121618441915379,6.9252709795281575,17.77777777777778,4,0.0,0.4444444444444444
CustomerId_3811,40640.0,3126.15,2958.51,50.0,10000.0,13,0,0.0,2,4,3126.153846153846,0.9463749337215506,10.612532688248846,8.047877325606999,15.23076923076923,60,0.3076923076923077,0.07692307692307693
CustomerId_3812,32000.0,6400.0,3781.53,1000.0,10000.0,5,0,0.0,2,2,6400.0,0.5908640624076775,10.373522431293592,8.764209507142004,17.0,0,0.0,0.0
CustomerId_3814,1000.0,1000.0,0.0,1000.0,1000.0,1,0,0.0,1,1,1000.0,0.0,6.90875477931522,6.90875477931522,15.0,0,0.0,1.0
CustomerId_3815,55031.39,1038.33,1289.54,10.0,7000.0,53,0,0.0,4,2,1038.3281132075472,1.2419365700288572,10.91567719996661,6.946331553760377,10.641509433962264,27,0.11320754716981132,0.1509433962264151
CustomerId_3816,2000.0,1000.0,0.0,1000.0,1000.0,2,0,0.0,1,1,1000.0,0.0,7.601402334583733,6.90875477931522,6.0,0,0.0,1.0
CustomerId_3817,17270.0,1233.57,1397.16,20.0,5000.0,14,0,0.0,2,2,1233.5714285714287,1.1326150918613334,9.756784073343919,7.118478010296345,15.357142857142858,83,0.0,0.21428571428571427
CustomerId_3818,66340.0,1036.56,1902.93,25.0,15000.0,64,0,0.0,3,2,1036.5625,1.8358126863511879,11.102563386249358,6.944627081757988,13.21875,88,0.03125,0.203125
CustomerId_3819,241000.0,7303.03,2744.14,1000.0,10000.0,33,0,0.0,2,2,7303.030303030303,0.37575362549849123,12.392556361841777,8.896181529604814,13.333333333333334,55,0.0,0.0
CustomerId_382,1000.0,1000.0,0.0,1000.0,1000.0,1,0,0.0,1,1,1000.0,0.0,6.90875477931522,6.90875477931522,9.0,0,0.0,0.0
CustomerId_3820,146155.0,2149.34,3281.8,12.5,12824.0,68,0,0.0,5,3,2149.3382352941176,1.5268873228400872,11.892429823408651,7.673381248153854,14.5,73,0.029411764705882353,0.04411764705882353
CustomerId_3824,45600.0,3507.69,3519.99,100.0,10000.0,13,0,0.0,2,2,3507.6923076923076,1.0035065809682422,10.727684925086583,8.162998027423008,11.384615384615385,49,0.0,0.5384615384615384
CustomerId_3825,67492.0,1499.82,2717.56,10.0,16000.0,45,0,0.0,4,2,1499.8222222222223,1.8119240963502792,11.119779167779317,7.31376690438918,11.622222222222222,14,0.2,0.28888888888888886
CustomerId_3826,180000.0,90000.0,0.0,90000.0,90000.0,2,0,0.0,1,1,90000.0,0.0,12.100717685412471,11.407576060361786,6.0,0,0.0,0.0
CustomerId_3827,38470.0,754.31,817.62,10.0,4500.0,51,0,0.0,3,3,754.3137254901961,1.0839310083600497,10.557659989689753,6.627128261004033,12.0,33,0.09803921568627451,0.1568627450980392
CustomerId_3828,10000.0,10000.0,0.0,10000.0,10000.0,1,0,0.0,1,1,10000.0,0.0,9.210440366976517,9.210440366976517,1.0,0,1.0,0.0
CustomerId_3829,19100.0,3183.33,2764.36,100.0,6000.0,6,0,0.0,2,2,3183.3333333333335,0.8683862493463179,9.857495968685136,8.065997184809767,14.0,0,0.0,0.0
CustomerId_383,2000.0,2000.0,0.0,2000.0,2000.0,1,0,0.0,1,1,2000.0,0.0,7.601402334583733,7.601402334583733,18.0,0,0.0,0.0
CustomerId_3830,4060.0,812.0,822.39,20.0,2000.0,5,0,0.0,3,2,812.0,1.0127955652551779,8.309184527686298,6.70073110954781,13.6,6,0.0,1.0
CustomerId_3831,226065.0,3096.78,5447.63,20.0,26000.0,73,0,0.0,3,2,3096.780821917808,1.7591272219017409,12.328582271018616,8.038441004898099,13.219178082191782,48,0.0547945205479452,0.1780821917808219
CustomerId_3834,39860.0,1077.3,1218.79,20.0,5000.0,37,0,0.0,2,2,1077.2972972972973,1.1313376022172674,10.593153681259418,6.983141005888027,9.432432432432432,57,0.32432432432432434,0.5405405405405406
CustomerId_3835,14245.0,791.39,899.88,10.0,2600.0,18,0,0.0,3,2,791.3888888888889,1.1370879071796611,9.564231444538299,6.675053694855819,13.444444444444445,63,0.05555555555555555,0.2222222222222222
CustomerId_3836,3050.0,762.5,475.0,50.0,1000.0,4,0,0.0,2,2,762.5,0.6229508188551465,8.02322468471667,6.637913124658687,6.0,2,0.75,0.0
CustomerId_3838,22170.0,2771.25,3588.76,20.0,10000.0,8,0,0.0,2,2,2771.25,1.2949968421127662,10.00654040759221,7.927414543833326,16.125,0,0.0,0.0
CustomerId_3839,31000.0,6200.0,3834.06,1000.0,10000.0,5,0,0.0,2,2,6200.0,0.6183967740938069,10.34177474101152,8.732465848349879,17.0,0,0.0,0.0
CustomerId_384,10000.0,10000.0,0.0,10000.0,10000.0,1,0,0.0,1,1,10000.0,0.0,9.210440366976517,9.210440366976517,10.0,0,0.0,0.0
CustomerId_3840,2050.0,410.0,406.43,25.0,1000.0,5,0,0.0,2,2,410.0,0.9912926805090423,7.62608275807238,6.018593214496234,12.4,0,0.0,1.0
CustomerId_3841,4020.0,804.0,438.27,20.0,1000.0,5,0,0.0,2,2,804.0,0.5451119396205075,8.299285906897275,6.690842277418564,18.6,20,0.0,0.4
CustomerId_3842,572639.2,21208.86,33582.13,17.2,90000.0,27,0,0.0,4,3,21208.859259259258,1.5834009936609792,13.258012875259361,9.962221446876878,17.074074074074073,83,0.0,0.037037037037037035
CustomerId_3843,32000.0,6400.0,3781.53,1000.0,10000.0,5,0,0.0,2,2,6400.0,0.5908640624076775,10.373522431293592,8.764209507142004,9.0,0,0.0,0.0
CustomerId_3844,32000.0,6400.0,3781.53,1000.0,10000.0,5,0,0.0,2,2,6400.0,0.5908640624076775,10.373522431293592,8.764209507142004,13.0,0,0.0,0.0
CustomerId_3845,65729.0,1341.41,2610.79,10.0,15000.0,49,0,0.0,4,2,1341.408163265306,1.9463027695139419,11.093310721257621,7.2022217850296535,12.510204081632653,57,0.04081632653061224,0.2653061224489796
CustomerId_3846,5000.0,5000.0,0.0,5000.0,5000.0,1,0,0.0,1,1,5000.0,0.0,8.517393171418904,8.517393171418904,11.0,0,0.0,0.0
CustomerId_3847,41000.0,6833.33,3763.86,1000.0,10000.0,6,0,0.0,2,2,6833.333333333333,0.5508090490945396,10.62135173563291,8.829713719481315,19.0,0,0.0,0.0
CustomerId_3848,91000.0,45500.0,62932.5,1000.0,90000.0,2,0,0.0,1,1,45500.0,1.3831318681014697,11.418625774449598,10.725489582719506,23.0,0,1.0,0.0
CustomerId_3850,42000.0,7000.0,3949.68,1000.0,11000.0,6,0,0.0,2,2,7000.0,0.5642399999193942,10.645448706505872,8.853808274977197,17.0,0,0.0,0.0
CustomerId_3855,32000.0,6400.0,3781.53,1000.0,10000.0,5,0,0.0,2,2,6400.0,0.5908640624076775,10.373522431293592,8.764209507142004,15.0,0,0.0,0.0
CustomerId_3856,72259.0,3803.11,6056.95,10.0,16000.0,19,0,0.0,4,2,3803.1052631578946,1.592630767557964,11.188026004701632,8.243837340176743,18.736842105263158,5,0.05263157894736842,0.2631578947368421
CustomerId_3858,2000.0,2000.0,0.0,2000.0,2000.0,1,0,0.0,1,1,2000.0,0.0,7.601402334583733,7.601402334583733,18.0,0,0.0,1.0
CustomerId_3859,11690.0,899.23,1314.86,20.0,5000.0,13,0,0.0,2,2,899.2307692307693,1.4622065528705597,9.366574594006819,6.802650286231108,11.076923076923077,10,0.0,0.3076923076923077
CustomerId_3860,2000.0,1000.0,0.0,1000.0,1000.0,2,0,0.0,1,1,1000.0,0.0,7.601402334583733,6.90875477931522,19.0,0,0.0,0.0
CustomerId_3862,3085.0,440.71,436.58,10.0,1000.0,7,0,0.0,2,2,440.7142857142857,0.9906287558924718,8.034631032923107,6.090653558146974,11.285714285714286,2,0.0,0.7142857142857143
CustomerId_3863,1000.0,1000.0,0.0,1000.0,1000.0,1,0,0.0,1,1,1000.0,0.0,6.90875477931522,6.90875477931522,12.0,0,0.0,0.0
CustomerId_3864,92000.0,8363.64,5220.59,1000.0,21000.0,11,0,0.0,2,2,8363.636363636364,0.6242007067946252,11.429554725537322,9.031768576033382,12.454545454545455,18,0.0,0.09090909090909091
CustomerId_3866,62000.0,7750.0,6227.82,1000.0,20000.0,8,0,0.0,2,2,7750.0,0.8035896773156658,11.034905792929415,8.955577146281511,13.0,0,0.0,0.0
CustomerId_3867,907865.0,3325.51,10443.98,20.0,90000.0,273,0,0.0,4,2,3325.5128205128203,3.1405649048896063,13.718852069600349,8.109678985340057,13.336996336996338,12,0.17216117216117216,0.17582417582417584
CustomerId_3868,12145.0,552.05,1041.96,10.0,5000.0,22,0,0.0,3,2,552.0454545454545,1.8874377286705233,9.40475517645752,6.315448413348263,15.090909090909092,5,0.0,0.045454545454545456
CustomerId_3869,10000.0,10000.0,0.0,10000.0,10000.0,1,0,0.0,1,1,10000.0,0.0,9.210440366976517,9.210440366976517,15.0,0,0.0,0.0
CustomerId_3870,300800.0,9400.0,4848.94,200.0,20000.0,32,0,0.0,2,2,9400.0,0.5158446807961867,12.614204195520381,9.148571345578551,14.71875,83,0.0,0.0
CustomerId_3871,25000.0,8333.33,2886.75,5000.0,10000.0,3,0,0.0,2,1,8333.333333333334,0.3464101385224862,10.12667110305036,9.028138408030719,8.333333333333334,6,0.3333333333333333,0.3333333333333333
CustomerId_3872,122000.0,11090.91,7738.92,1000.0,20000.0,11,0,0.0,2,2,11090.90909090909,0.6977714181525437,11.711784520403112,9.313971292746746,19.0,0,0.0,0.0
CustomerId_3873,374944.0,34085.82,37418.75,644.0,90000.0,11,0,0.0,4,2,34085.818181818184,1.097780543313971,12.834534627529274,10.436666078293333,12.090909090909092,34,0.2727272727272727,0.2727272727272727
CustomerId_3874,61916.4,1439.92,2224.12,20.0,10000.0,43,0,0.0,3,2,1439.9162790697674,1.544613588571161,11.033556517717935,7.273037077456315,13.883720930232558,18,0.023255813953488372,0.2558139534883721
CustomerId_3875,103677.0,7405.5,7496.25,250.0,23000.0,14,0,0.0,3,2,7405.5,1.0122544053727291,11.549045221276588,8.910113272022107,9.0,5,0.0,0.21428571428571427
CustomerId_3876,491109.0,1289.0,3393.54,6.0,27500.0,381,0,0.0,5,2,1289.0,2.6326920072671123,13.104423414271663,7.162397497355718,12.217847769028872,52,0.06561679790026247,0.24671916010498687
CustomerId_3877,15000.0,7500.0,3535.53,5000.0,10000.0,2,0,0.0,1,1,7500.0,0.47140399993714616,9.61587214452889,8.922791623969637,10.0,37,0.0,0.0
CustomerId_3878,152874.0,4246.5,5092.25,20.0,20000.0,36,0,0.0,3,2,4246.5,1.1991640171437268,11.937375872989474,8.354085853546087,12.25,46,0.25,0.19444444444444445
CustomerId_3879,30000.0,15000.0,7071.07,10000.0,20000.0,2,0,0.0,1,1,15000.0,0.47140466663523967,10.308985993422082,9.61587214452889,14.0,0,0.0,0.0
CustomerId_388,305629.0,12225.16,23777.32,250.0,90000.0,25,0,0.0,3,2,12225.16,1.944949595592618,12.630130498995651,9.4113331973671,10.68,50,0.28,0.04
CustomerId_3880,43110.0,1724.4,2901.47,10.0,10000.0,25,0,0.0,3,3,1724.4,1.6825968443037593,10.671533463946282,7.453214186642478,13.48,40,0.16,0.04
CustomerId_3882,443772.0,1655.87,4404.73,10.0,50000.0,268,0,0.0,5,3,1655.865671641791,2.6600699314196947,13.0030684494145,7.412685559309578,10.705223880597014,90,0.11194029850746269,0.20522388059701493
CustomerId_3883,186800.0,26685.71,40090.33,200.0,90000.0,7,0,0.0,3,3,26685.714285714286,1.5023145345766586,12.137799158081608,10.1919209676593,14.142857142857142,14,0.0,1.0
CustomerId_3885,2050.0,683.33,548.48,50.0,1000.0,3,0,0.0,2,2,683.3333333333334,0.8026575727647585,7.62608275807238,6.528440257418357,16.0,0,0.0,0.0
CustomerId_3888,500.0,500.0,0.0,500.0,500.0,1,0,0.0,1,1,500.0,0.0,6.2166061010848646,6.2166061010848646,5.0,0,1.0,0.0
CustomerId_389,135000.0,6750.0,4070.11,500.0,10000.0,20,0,0.0,2,2,6750.0,0.602979259169929,11.813037464800539,8.81744592104187,12.6,0,0.0,0.0
CustomerId_3890,87523.0,1509.02,2175.5,25.0,10000.0,58,0,0.0,3,2,1509.0172413793102,1.441664125431297,11.379668320450541,7.3198781747543675,12.137931034482758,64,0.08620689655172414,0.1896551724137931
CustomerId_3891,31000.0,5166.67,4155.32,500.0,10000.0,6,0,0.0,2,2,5166.666666666667,0.8042549648411345,10.34177474101152,8.550177188934489,13.0,0,0.0,0.0
CustomerId_3892,32000.0,6400.0,3781.53,1000.0,10000.0,5,0,0.0,2,2,6400.0,0.5908640624076775,10.373522431293592,8.764209507142004,9.0,0,0.0,0.0
CustomerId_3893,1510.0,503.33,495.01,10.0,1000.0,3,0,0.0,2,2,503.3333333333333,0.9834700872519618,7.32052696227274,6.223230815713077,18.0,0,0.0,1.0
CustomerId_3894,132780.0,6322.86,13146.35,40.0,50000.0,21,0,0.0,2,2,6322.857142857143,2.0791777768163175,11.796456433499497,8.752085060196903,13.428571428571429,84,0.0,0.3333333333333333
CustomerId_3897,216000.0,7448.28,2784.99,1000.0,10000.0,29,0,0.0,2,2,7448.275862068966,0.3739104866661953,12.283038316285214,8.915872662407942,8.827586206896552,67,0.2413793103448276,0.034482758620689655
CustomerId_3898,1000.0,1000.0,0.0,1000.0,1000.0,1,0,0.0,1,1,1000.0,0.0,6.90875477931522,6.90875477931522,10.0,0,0.0,0.0
CustomerId_390,46676.0,2593.11,2200.5,18.0,5000.0,18,0,0.0,4,2,2593.1111111111113,0.848594930084495,10.751006816983072,7.860998769528571,10.833333333333334,13,0.0,0.0
CustomerId_3900,61040.0,1526.0,1582.1,40.0,5000.0,40,0,0.0,2,2,1526.0,1.0367627778264987,11.019301048524012,7.3310603052186325,11.95,74,0.0,0.1
CustomerId_3904,2000.0,2000.0,0.0,2000.0,2000.0,1,0,0.0,1,1,2000.0,0.0,7.601402334583733,7.601402334583733,23.0,0,1.0,0.0
CustomerId_3905,37000.0,7400.0,5639.15,1000.0,14000.0,5,0,0.0,2,2,7400.0,0.7620472971943179,10.518700218288165,8.909370405197466,13.8,10,0.0,0.0
CustomerId_3906,54440.0,6048.89,3831.37,220.0,11000.0,9,0,0.0,3,2,6048.888888888889,0.6334005080876985,10.904872825443134,8.707795369041413,18.0,4,0.4444444444444444,0.2222222222222222
CustomerId_3907,1000.0,1000.0,0.0,1000.0,1000.0,1,0,0.0,1,1,1000.0,0.0,6.90875477931522,6.90875477931522,6.0,0,0.0,0.0
CustomerId_3909,58144.0,5285.82,5102.22,500.0,12000.0,11,0,0.0,4,2,5285.818181818182,0.9652655593710596,10.970695169727144,8.572972209883229,16.272727272727273,29,0.0,0.18181818181818182
CustomerId_391,147569.0,7027.1,14611.22,25.0,50000.0,21,0,0.0,3,2,7027.0952380952385,2.0792674073117974,11.902057918457496,8.857671678004849,15.333333333333334,7,0.0,0.09523809523809523
CustomerId_3910,424740.0,6636.56,3432.82,140.0,11000.0,64,0,0.0,3,2,6636.5625,0.5172589413013279,12.959234850375022,8.80049970505736,11.359375,83,0.03125,0.09375
CustomerId_3911,5500.0,2750.0,3181.98,500.0,5000.0,2,0,0.0,2,1,2750.0,1.1570836359428787,8.612685172875459,7.919719760924575,20.0,0,0.0,0.0
CustomerId_3912,799162.26,1880.38,5483.18,4.0,90000.0,425,0,0.0,3,3,1880.3817882352942,2.9159957014454547,13.591320534288812,7.539760829099717,11.362352941176471,25,0.0988235294117647,0.16
CustomerId_3913,99975.0,3702.78,3077.43,175.0,12000.0,27,0,0.0,3,2,3702.777777777778,0.8311133794524348,11.51268543616562,8.217109198753722,14.851851851851851,41,0.1111111111111111,0.037037037037037035
CustomerId_3914,148705.0,2065.35,6035.31,20.0,50000.0,72,0,0.0,3,2,2065.347222222222,2.9221729958979483,11.909726481331596,7.633539044818348,12.833333333333334,66,0.16666666666666666,0.125
CustomerId_3916,50000.0,50000.0,0.0,50000.0,50000.0,1,0,0.0,1,1,50000.0,0.0,10.819798284210286,10.819798284210286,4.0,0,1.0,0.0
CustomerId_3917,782310.0,5395.24,12687.62,10.0,90000.0,145,0,0.0,3,2,5395.241379310345,2.3516321790408523,13.570007638676195,8.593457693729217,8.931034482758621,62,0.3586206896551724,0.296551724137931
CustomerId_3919,126261.0,4072.94,4849.17,10.0,12000.0,31,0,0.0,5,2,4072.935483870968,1.1905822326892657,11.746114392125639,8.3123658691378,11.0,84,0.1935483870967742,0.3548387096774194
CustomerId_392,62000.0,8857.14,6094.49,1000.0,20000.0,7,0,0.0,2,2,8857.142857142857,0.6880878025312812,11.034905792929415,9.089092089280351,7.0,0,0.0,0.0
CustomerId_3923,1545.0,386.25,467.0,20.0,1000.0,4,0,0.0,2,2,386.25,1.209061485542883,7.343426229147367,5.959070479296978,16.0,4,0.0,0.0
CustomerId_3925,23546.0,2616.22,3155.29,50.0,10000.0,9,0,0.0,3,2,2616.222222222222,1.206049185005065,10.066753702794923,7.869867964720933,12.11111111111111,20,0.0,0.4444444444444444
CustomerId_3930,1000.0,1000.0,0.0,1000.0,1000.0,1,0,0.0,1,1,1000.0,0.0,6.90875477931522,6.90875477931522,12.0,0,0.0,0.0
CustomerId_3931,13625.0,1703.12,1853.78,25.0,5000.0,8,0,0.0,2,2,1703.125,1.0884611764946326,9.519735011333614,7.440804127444922,15.25,53,0.0,0.0
CustomerId_3933,1500.0,500.0,0.0,500.0,500.0,3,0,0.0,2,1,500.0,0.0,7.313886831633462,6.2166061010848646,12.666666666666666,0,0.0,0.0
CustomerId_3934,1000.0,1000.0,0.0,1000.0,1000.0,1,0,0.0,1,1,1000.0,0.0,6.90875477931522,6.90875477931522,18.0,0,0.0,0.0
CustomerId_3935,483248.4,15101.51,32768.8,9.4,90000.0,32,0,0.0,4,2,15101.5125,2.1699022149328178,13.088288155476429,9.622616234154707,14.125,16,0.0625,0.53125
CustomerId_3940,5000.0,5000.0,0.0,5000.0,5000.0,1,0,0.0,1,1,5000.0,0.0,8.517393171418904,8.517393171418904,6.0,0,0.0,0.0
CustomerId_3941,100000.0,33333.33,49074.77,5000.0,90000.0,3,0,0.0,2,1,33333.333333333336,1.4722432471801572,11.51293546492023,10.414343075855122,13.333333333333334,5,0.6666666666666666,0.3333333333333333
CustomerId_3942,61400.0,7675.0,6475.61,200.0,20000.0,8,0,0.0,2,2,7675.0,0.8437276871864849,11.02518140064756,8.94585385712759,11.0,0,0.0,0.0
CustomerId_3943,1000.0,1000.0,0.0,1000.0,1000.0,1,0,0.0,1,1,1000.0,0.0,6.90875477931522,6.90875477931522,17.0,0,0.0,1.0
CustomerId_3944,887563.0,1837.6,5925.08,10.0,50000.0,483,0,0.0,4,2,1837.6045548654245,3.224357856321094,13.69623591040777,7.516759691429654,12.803312629399587,75,0.12836438923395446,0.463768115942029
CustomerId_3946,2000.0,2000.0,0.0,2000.0,2000.0,1,0,0.0,1,1,2000.0,0.0,7.601402334583733,7.601402334583733,21.0,0,0.0,0.0
CustomerId_3947,41000.0,6833.33,3763.86,1000.0,10000.0,6,0,0.0,2,2,6833.333333333333,0.5508090490945396,10.62135173563291,8.829713719481315,19.0,0,0.0,0.0
CustomerId_3948,1525.0,508.33,487.55,25.0,1000.0,3,0,0.0,2,2,508.3333333333333,0.9591210415298703,7.330405211844402,6.233096136534323,7.0,0,0.0,0.0
CustomerId_3949,1000.0,500.0,0.0,500.0,500.0,2,0,0.0,2,1,500.0,0.0,6.90875477931522,6.2166061010848646,7.0,0,0.0,1.0
CustomerId_395,3040.0,1013.33,980.07,40.0,2000.0,3,0,0.0,2,2,1013.3333333333334,0.9671775226558204,8.019941687677365,6.921983574992768,11.0,0,0.0,1.0
CustomerId_3951,1060163.0,13088.43,23677.73,20.0,90000.0,81,0,0.0,4,2,13088.432098765432,1.809058076346127,13.873934171101943,9.479560313265244,9.382716049382717,27,0.30864197530864196,0.1728395061728395
CustomerId_3952,192630.0,4187.61,4878.21,20.0,20000.0,46,0,0.0,3,2,4187.608695652174,1.1649150706095088,12.168531720742111,8.340124215634116,10.23913043478261,75,0.2826086956521739,0.17391304347826086
CustomerId_3953,2000.0,2000.0,0.0,2000.0,2000.0,1,0,0.0,1,1,2000.0,0.0,7.601402334583733,7.601402334583733,5.0,0,1.0,0.0
CustomerId_3954,30400.0,6080.0,4100.24,200.0,10000.0,5,0,0.0,2,2,6080.0,0.6743815788364503,10.322230781590136,8.71292443512011,11.2,0,0.0,0.0
CustomerId_3955,1000.0,1000.0,0.0,1000.0,1000.0,1,0,0.0,1,1,1000.0,0.0,6.90875477931522,6.90875477931522,17.0,0,0.0,0.0
CustomerId_3956,90000.0,90000.0,0.0,90000.0,90000.0,1,1,1.0,1,1,90000.0,0.0,11.407576060361786,11.407576060361786,10.0,0,0.0,0.0
CustomerId_3957,363356.0,6488.5,12514.23,20.0,59000.0,56,0,0.0,3,2,6488.5,1.9286784307731095,12.803141101030533,8.777940765127815,12.482142857142858,21,0.0,0.125
CustomerId_396,132000.0,8250.0,4343.58,1000.0,20000.0,16,0,0.0,2,2,8250.0,0.5264945453907279,11.790564777297387,9.018089684104343,15.75,17,0.0625,0.125
CustomerId_3960,36000.0,6000.0,3464.1,1000.0,10000.0,6,0,0.0,2,2,6000.0,0.577349999903775,10.491301994830229,8.699681400989514,14.333333333333334,9,0.0,0.0
CustomerId_3961,20000.0,20000.0,0.0,20000.0,20000.0,1,0,0.0,1,1,20000.0,0.0,9.90353755128617,9.90353755128617,19.0,0,0.0,0.0
CustomerId_3964,61148.5,2911.83,3622.36,10.5,11000.0,21,0,0.0,4,2,2911.8333333333335,1.2440149317631817,11.021076964467008,7.976880396176491,9.285714285714286,12,0.38095238095238093,0.0
CustomerId_3967,49435.25,2471.76,4705.13,20.25,20000.0,20,0,0.0,2,3,2471.7625,1.9035545514517773,10.80843923974029,7.8130902146922505,12.3,23,0.15,0.25
CustomerId_3968,15810.0,1976.25,2157.9,10.0,6000.0,8,0,0.0,2,2,1976.25,1.09191650798638,9.668461179310146,7.589462269399527,15.125,1,0.0,0.0
CustomerId_3969,32000.0,6400.0,3781.53,1000.0,10000.0,5,0,0.0,2,2,6400.0,0.5908640624076775,10.373522431293592,8.764209507142004,13.2,0,0.0,0.0
CustomerId_397,6100.0,469.23,369.71,25.0,1000.0,13,0,0.0,2,2,469.2307692307692,0.78790784735011,8.716207971151853,6.153221936707843,12.461538461538462,9,0.15384615384615385,0.07692307692307693
CustomerId_3970,116350.0,2041.23,2711.19,40.0,10000.0,57,0,0.0,3,2,2041.2280701754387,1.3282138703976456,11.664366763450701,7.6217976270536925,11.140350877192983,59,0.12280701754385964,0.49122807017543857
CustomerId_3971,77200.0,7018.18,3940.0,200.0,11000.0,11,0,0.0,2,2,7018.181818181818,0.5613991090907615,11.25416768929685,8.856401681080332,12.090909090909092,42,0.0,0.0
CustomerId_3973,32000.0,6400.0,3781.53,1000.0,10000.0,5,0,0.0,2,2,6400.0,0.5908640624076775,10.373522431293592,8.764209507142004,13.0,0,0.0,0.0
CustomerId_3975,10450.0,2090.0,3328.74,50.0,8000.0,5,0,0.0,2,2,2090.0,1.5926985638312448,9.254452946594503,7.645397699428633,20.6,0,0.0,0.0
CustomerId_3977,32000.0,5333.33,4033.2,1000.0,10000.0,6,0,0.0,2,2,5333.333333333333,0.756225472499128,10.373522431293592,8.581918570094851,10.166666666666666,0,0.0,0.0
CustomerId_3982,241000.0,7303.03,2744.14,1000.0,10000.0,33,0,0.0,2,2,7303.030303030303,0.37575362549849123,12.392556361841777,8.896181529604814,13.06060606060606,55,0.0,0.0
CustomerId_3984,251612.0,7862.88,7851.22,250.0,33000.0,32,0,0.0,3,2,7862.875,0.9985170826721866,12.435647471789984,8.970035402300606,9.5625,15,0.09375,0.4375
CustomerId_3985,32000.0,6400.0,3781.53,1000.0,10000.0,5,0,0.0,2,2,6400.0,0.5908640624076775,10.373522431293592,8.764209507142004,13.0,0,0.0,0.0
CustomerId_3987,32000.0,6400.0,3781.53,1000.0,10000.0,5,0,0.0,2,2,6400.0,0.5908640624076775,10.373522431293592,8.764209507142004,8.0,0,0.0,0.0
CustomerId_3988,34075.0,1893.06,4563.25,25.0,20000.0,18,0,0.0,3,2,1893.0555555555557,2.4105152491677413,10.436348603162731,7.546477952230528,11.222222222222221,10,0.16666666666666666,0.0
CustomerId_3989,117449.5,1021.3,1354.0,10.0,7000.0,115,0,0.0,3,2,1021.3,1.3257612833391157,11.67377224720869,6.929810269762968,13.565217391304348,87,0.13043478260869565,0.2
CustomerId_399,32000.0,5333.33,4033.2,1000.0,10000.0,6,0,0.0,2,2,5333.333333333333,0.756225472499128,10.373522431293592,8.581918570094851,5.0,0,1.0,0.0
CustomerId_3990,9747.0,1392.43,1686.92,20.0,5000.0,7,0,0.0,2,2,1392.4285714285713,1.2114935751086275,9.184817414745098,7.239523612434581,11.142857142857142,16,0.0,0.7142857142857143
CustomerId_3993,92000.0,6571.43,3501.96,1000.0,11000.0,14,0,0.0,2,2,6571.428571428572,0.5329068405913314,11.429554725537322,8.79063890610989,15.785714285714286,34,0.0,0.0
CustomerId_3994,3000.0,1000.0,0.0,1000.0,1000.0,3,0,0.0,1,1,1000.0,0.0,8.006700845440367,6.90875477931522,14.0,0,0.3333333333333333,0.0
CustomerId_3995,10000.0,10000.0,0.0,10000.0,10000.0,1,0,0.0,1,1,10000.0,0.0,9.210440366976517,9.210440366976517,7.0,0,0.0,0.0
CustomerId_3998,2100.0,525.0,548.48,50.0,1000.0,4,0,0.0,2,2,525.0,1.0447238075338594,7.650168700845001,6.26530121273771,11.75,1,0.0,0.25
CustomerId_4,10000.0,10000.0,0.0,10000.0,10000.0,1,0,0.0,1,1,10000.0,0.0,9.210440366976517,9.210440366976517,16.0,0,0.0,0.0
CustomerId_400,2000.0,1000.0,0.0,1000.0,1000.0,2,0,0.0,1,1,1000.0,0.0,7.601402334583733,6.90875477931522,19.0,0,0.0,1.0
CustomerId_4000,206550.0,5296.15,9719.95,20.0,50000.0,39,0,0.0,4,2,5296.153846153846,1.8352860093019863,12.238302634255941,8.574924219059383,16.71794871794872,85,0.1794871794871795,0.23076923076923078
CustomerId_4001,17070.0,1896.67,3144.95,20.0,10000.0,9,0,0.0,3,2,1896.6666666666667,1.658142954937789,9.745136396380753,7.548382096824553,10.88888888888889,23,0.0,0.3333333333333333
CustomerId_4002,15690.0,1961.25,2541.43,40.0,6000.0,8,0,0.0,2,2,1961.25,1.2958215417229717,9.660842578559068,7.581847053006923,10.875,64,0.125,0.75
CustomerId_4003,32000.0,5333.33,4033.2,1000.0,10000.0,6,0,0.0,2,2,5333.333333333333,0.756225472499128,10.373522431293592,8.581918570094851,12.0,0,0.0,0.0
CustomerId_4005,1000.0,500.0,0.0,500.0,500.0,2,0,0.0,1,1,500.0,0.0,6.90875477931522,6.2166061010848646,9.5,0,0.0,0.0
CustomerId_4006,50000.0,50000.0,0.0,50000.0,50000.0,1,0,0.0,1,1,50000.0,0.0,10.819798284210286,10.819798284210286,10.0,0,0.0,0.0
CustomerId_4007,343367.0,9280.19,5607.25,67.0,20000.0,37,0,0.0,3,2,9280.18918918919,0.6042171549715881,12.74655803731428,9.13574505031775,10.864864864864865,28,0.08108108108108109,0.0
CustomerId_4008,112000.0,4480.0,3876.96,500.0,10000.0,25,0,0.0,4,2,4480.0,0.865392856949689,11.626263078808801,8.407601514786142,14.4,13,0.04,0.08
CustomerId_4009,2000.0,2000.0,0.0,2000.0,2000.0,1,0,0.0,1,1,2000.0,0.0,7.601402334583733,7.601402334583733,7.0,0,0.0,0.0
CustomerId_401,25821.6,922.2,795.23,14.0,2880.0,28,0,0.0,3,2,922.1999999999999,0.8623183681822616,10.159005356465022,6.8278458957538355,15.142857142857142,78,0.0,0.10714285714285714
CustomerId_4011,297952.0,5227.23,13303.43,20.0,90000.0,57,0,0.0,5,2,5227.228070175439,2.5450248023245536,12.604691034927926,8.561828067655522,9.964912280701755,53,0.21052631578947367,0.15789473684210525
CustomerId_4012,1000.0,1000.0,0.0,1000.0,1000.0,1,0,0.0,1,1,1000.0,0.0,6.90875477931522,6.90875477931522,10.0,0,0.0,1.0
CustomerId_4013,26000.0,6500.0,4358.9,1000.0,10000.0,4,0,0.0,2,2,6500.0,0.6705999998968307,10.165890277802454,8.77971129020447,6.0,0,0.0,0.0
CustomerId_4014,292114.0,1973.74,5070.87,10.0,29000.0,148,0,0.0,3,2,1973.7432432432433,2.5691681768778216,12.584902839333967,7.588192023099563,12.567567567567568,6,0.05405405405405406,0.2702702702702703
CustomerId_4015,31000.0,6200.0,3834.06,1000.0,10000.0,5,0,0.0,2,2,6200.0,0.6183967740938069,10.34177474101152,8.732465848349879,11.2,0,0.0,0.0
CustomerId_4016,31000.0,6200.0,3834.06,1000.0,10000.0,5,0,0.0,2,2,6200.0,0.6183967740938069,10.34177474101152,8.732465848349879,16.0,0,0.0,0.0
CustomerId_4017,43440.0,3620.0,5623.43,20.0,20000.0,12,0,0.0,3,2,3620.0,1.5534337012283335,10.679158974600682,8.19450550976564,17.333333333333332,25,0.0,0.3333333333333333
CustomerId_4019,31288.0,1422.18,1453.4,16.0,5800.0,22,0,0.0,3,2,1422.1818181818182,1.0219522134877776,10.351021877059864,7.26064908341421,12.090909090909092,6,0.3181818181818182,0.18181818181818182
CustomerId_402,461000.0,35461.54,40194.04,500.0,90000.0,13,0,0.0,4,1,35461.53846153846,1.1334544410329204,13.04115549117383,10.476232207068533,15.461538461538462,3,0.0,0.0
CustomerId_4020,29392.0,9797.33,15766.9,392.0,28000.0,3,0,0.0,2,2,9797.333333333334,1.6093058004977574,10.288511829739507,9.189967241974276,19.0,0,0.0,1.0
CustomerId_4022,1510.0,503.33,495.01,10.0,1000.0,3,0,0.0,2,2,503.3333333333333,0.9834700872519618,7.32052696227274,6.223230815713077,16.0,0,0.0,1.0
CustomerId_4023,1000.0,1000.0,0.0,1000.0,1000.0,1,0,0.0,1,1,1000.0,0.0,6.90875477931522,6.90875477931522,9.0,0,0.0,0.0
CustomerId_4025,5500.0,1375.0,250.0,1000.0,1500.0,4,0,0.0,1,1,1375.0,0.1818181816859504,8.612685172875459,7.226936018493289,12.25,13,0.0,0.0
CustomerId_4026,90000.0,90000.0,0.0,90000.0,90000.0,1,0,0.0,1,1,90000.0,0.0,11.407576060361786,11.407576060361786,17.0,0,0.0,0.0
CustomerId_4027,4050.0,810.0,424.85,50.0,1000.0,5,0,0.0,2,2,810.0,0.5245061721919677,8.30671904320269,6.698268054115413,7.4,1,0.0,0.0
CustomerId_4029,76100.0,3044.0,3492.17,50.0,10250.0,25,0,0.0,3,2,3044.0,1.1472306172315274,11.239816684367907,8.021256180143997,13.52,15,0.0,0.2
CustomerId_403,105950.0,1630.0,3755.1,10.0,19000.0,65,0,0.0,2,2,1630.0,2.3037423298750044,11.57073200206625,7.396948602621014,12.276923076923078,4,0.046153846153846156,0.4
CustomerId_4030,6000.0,3000.0,2828.43,1000.0,5000.0,2,0,0.0,2,1,3000.0,0.94280999968573,8.699681400989514,8.006700845440367,8.5,0,0.0,0.0
CustomerId_4031,33500.0,3350.0,4236.42,500.0,11000.0,10,0,0.0,3,2,3350.0,1.2646029846971334,10.419330568113901,8.11701408773731,13.0,3,0.0,0.5
CustomerId_4033,1798082.5,2311.16,8159.01,10.0,90000.0,778,0,0.0,5,3,2311.160025706941,3.530266185149334,14.40223193342481,7.74593743155002,11.303341902313624,78,0.042416452442159386,0.16966580976863754
CustomerId_4034,7060.0,784.44,703.85,10.0,2000.0,9,0,0.0,3,2,784.4444444444445,0.8972642893054098,8.862341963516347,6.666244070309743,11.777777777777779,3,0.1111111111111111,0.2222222222222222
CustomerId_4035,62000.0,6888.89,3257.47,1000.0,10000.0,9,0,0.0,2,2,6888.888888888889,0.4728584720509605,11.034905792929415,8.837810398713351,12.666666666666666,13,0.0,0.0
CustomerId_4036,132000.0,7333.33,3710.08,1000.0,15000.0,18,0,0.0,2,2,7333.333333333333,0.5059202298947517,11.790564777297387,8.900321343528448,9.555555555555555,21,0.0,0.05555555555555555
CustomerId_4038,68578.0,2743.12,2302.07,18.0,10000.0,25,0,0.0,4,3,2743.12,0.8392159290008401,11.135741644399955,7.917215719667995,15.08,33,0.28,0.24
CustomerId_4039,291000.0,7864.86,2699.4,1000.0,10000.0,37,0,0.0,2,2,7864.864864864865,0.3432228926715513,12.581081982573842,8.970287154714882,12.405405405405405,56,0.0,0.0
CustomerId_404,32000.0,6400.0,3781.53,1000.0,10000.0,5,0,0.0,2,2,6400.0,0.5908640624076775,10.373522431293592,8.764209507142004,12.0,0,0.0,0.0
CustomerId_4040,51000.0,7285.71,3638.42,1000.0,10000.0,7,0,0.0,2,2,7285.714285714285,0.49939127408318595,10.839600519357369,8.893807419979778,11.0,0,0.0,0.0
CustomerId_4041,8060.0,1007.5,1061.05,20.0,3000.0,8,0,0.0,2,2,1007.5,1.0531513637189565,8.9947928972836,6.916219357394266,11.375,0,0.0,0.0
CustomerId_4042,86000.0,28666.67,44500.94,1000.0,80000.0,3,0,0.0,2,2,28666.666666666668,1.552358191532105,11.362114203075018,10.26352528595505,11.0,0,0.0,0.0
CustomerId_4043,179778.0,1892.4,3881.46,4.0,18500.0,95,0,0.0,3,3,1892.4,2.051077995111457,12.099483597757931,7.546129433694791,12.926315789473684,21,0.2,0.3263157894736842
CustomerId_4044,122000.0,7176.47,2920.52,1000.0,10000.0,17,0,0.0,2,2,7176.470588235294,0.40695773821851716,11.711784520403112,8.878702232258167,15.235294117647058,21,0.0,0.0
CustomerId_4045,1000.0,1000.0,0.0,1000.0,1000.0,1,0,0.0,1,1,1000.0,0.0,6.90875477931522,6.90875477931522,17.0,0,0.0,0.0
CustomerId_4046,4020.0,804.0,438.27,20.0,1000.0,5,0,0.0,2,2,804.0,0.5451119396205075,8.299285906897275,6.690842277418564,10.2,2,0.2,0.2
CustomerId_4048,62000.0,6888.89,3257.47,1000.0,10000.0,9,0,0.0,2,2,6888.888888888889,0.4728584720509605,11.034905792929415,8.837810398713351,13.777777777777779,6,0.0,0.0
CustomerId_4049,17725.0,1181.67,1443.63,25.0,4000.0,15,0,0.0,2,2,1181.6666666666667,1.2216862565507405,9.782787767298343,7.075529873246678,13.466666666666667,6,0.06666666666666667,0.4
CustomerId_405,1000.0,1000.0,0.0,1000.0,1000.0,1,0,0.0,1,1,1000.0,0.0,6.90875477931522,6.90875477931522,21.0,0,0.0,1.0
CustomerId_4050,5000.0,5000.0,0.0,5000.0,5000.0,1,0,0.0,1,1,5000.0,0.0,8.517393171418904,8.517393171418904,10.0,0,0.0,0.0
CustomerId_4051,38490.0,1832.86,2568.28,20.0,10000.0,21,0,0.0,2,2,1832.857142857143,1.4012417743847094,10.558179726714524,7.514178314024816,14.380952380952381,4,0.047619047619047616,0.2857142857142857
CustomerId_4053,41000.0,6833.33,3763.86,1000.0,10000.0,6,0,0.0,2,2,6833.333333333333,0.5508090490945396,10.62135173563291,8.829713719481315,18.0,0,0.0,0.0
CustomerId_4055,260650.0,5545.74,11121.61,50.0,50000.0,47,0,0.0,2,2,5545.744680851064,2.0054329986610564,12.470937626751333,8.620965646773538,11.595744680851064,88,0.0425531914893617,0.2553191489361702
CustomerId_4056,62000.0,6888.89,3257.47,1000.0,10000.0,9,0,0.0,2,2,6888.888888888889,0.4728584720509605,11.034905792929415,8.837810398713351,18.555555555555557,6,0.0,0.0
CustomerId_4058,3020.0,755.0,490.0,20.0,1000.0,4,0,0.0,2,2,755.0,0.6490066216569449,8.013343181386672,6.628041376179533,16.25,1,0.0,0.25
CustomerId_4059,13005.0,1300.5,739.97,100.0,2100.0,10,0,0.0,2,2,1300.5,0.5689888500046222,9.473166068429098,7.17127272443462,14.3,66,0.0,0.0
CustomerId_4061,102000.0,7285.71,3023.72,1000.0,10000.0,14,0,0.0,2,2,7285.714285714285,0.4150206362296851,11.532737896139919,8.893807419979778,13.857142857142858,13,0.0,0.0
CustomerId_4064,8000.0,2666.67,2081.67,1000.0,5000.0,3,0,0.0,2,2,2666.6666666666665,0.7806252739256732,8.987321812850125,7.888960711229582,21.0,0,0.0,0.0
CustomerId_4065,72000.0,7200.0,3392.8,1000.0,11000.0,10,0,0.0,2,2,7200.0,0.4712222221567747,11.184435286790631,8.881975184248867,12.4,13,0.0,0.0
CustomerId_4066,2000.0,1000.0,0.0,1000.0,1000.0,2,0,0.0,2,1,1000.0,0.0,7.601402334583733,6.90875477931522,12.0,0,0.0,0.0
CustomerId_4067,72000.0,7200.0,3224.9,1000.0,10000.0,10,0,0.0,2,2,7200.0,0.447902777715569,11.184435286790631,8.881975184248867,15.6,6,0.0,0.0
CustomerId_4068,1000.0,1000.0,0.0,1000.0,1000.0,1,0,0.0,1,1,1000.0,0.0,6.90875477931522,6.90875477931522,6.0,0,0.0,0.0
CustomerId_4069,70542.0,3206.45,4696.6,10.0,12000.0,22,0,0.0,3,3,3206.4545454545455,1.4647351427701245,11.163977731947233,8.073231507903754,9.045454545454545,46,0.2727272727272727,0.22727272727272727
CustomerId_407,10000.0,10000.0,0.0,10000.0,10000.0,1,0,0.0,1,1,10000.0,0.0,9.210440366976517,9.210440366976517,16.0,0,0.0,0.0
CustomerId_4070,9110.0,1518.33,1623.21,50.0,4000.0,6,0,0.0,2,2,1518.3333333333333,1.0690758918884065,9.117237753713859,7.326024727190401,11.333333333333334,0,0.0,1.0
CustomerId_4071,2050.0,683.33,548.48,50.0,1000.0,3,0,0.0,2,2,683.3333333333334,0.8026575727647585,7.62608275807238,6.528440257418357,13.0,0,0.0,0.0
CustomerId_4072,500.0,500.0,0.0,500.0,500.0,1,0,0.0,1,1,500.0,0.0,6.2166061010848646,6.2166061010848646,15.0,0,0.0,1.0
CustomerId_4073,18520.0,926.0,1190.0,20.0,5000.0,20,0,0.0,2,2,926.0,1.285097190836828,9.826660502422802,6.831953565565855,14.15,5,0.1,0.2
CustomerId_4074,500.0,500.0,0.0,500.0,500.0,1,0,0.0,1,1,500.0,0.0,6.2166061010848646,6.2166061010848646,14.0,0,0.0,0.0
CustomerId_4075,166000.0,55333.33,32331.62,26000.0,90000.0,3,1,0.33,3,1,55333.333333333336,0.5843064207307909,12.019749091416921,10.921148790556549,6.0,0,0.0,0.0
CustomerId_4077,32000.0,5333.33,4033.2,1000.0,10000.0,6,0,0.0,2,2,5333.333333333333,0.756225472499128,10.373522431293592,8.581918570094851,9.833333333333334,0,0.0,0.0
CustomerId_4079,1000.0,1000.0,0.0,1000.0,1000.0,1,0,0.0,1,1,1000.0,0.0,6.90875477931522,6.90875477931522,8.0,0,0.0,0.0
CustomerId_408,14000.0,4666.67,5507.57,1000.0,11000.0,3,0,0.0,2,1,4666.666666666667,1.180192728180867,9.546884034617925,8.448415296820098,6.0,0,0.0,0.0
CustomerId_4085,91037.0,5355.12,7008.33,14.0,21000.0,17,0,0.0,4,2,5355.117647058823,1.308715770830772,11.419032280753296,8.585995111339766,11.647058823529411,48,0.0,0.11764705882352941
CustomerId_4086,122000.0,7625.0,3667.42,1000.0,16000.0,16,0,0.0,2,2,7625.0,0.4809731146910199,11.711784520403112,8.939318740417509,13.125,21,0.0,0.0
CustomerId_4087,86000.0,28666.67,44500.94,1000.0,80000.0,3,0,0.0,2,2,28666.666666666668,1.552358191532105,11.362114203075018,10.26352528595505,8.0,0,0.0,0.0
CustomerId_4089,142371.0,1438.09,2210.95,10.0,10000.0,99,0,0.0,3,3,1438.090909090909,1.5374211617232432,11.866198629412471,7.271766248364548,13.181818181818182,65,0.10101010101010101,0.24242424242424243
CustomerId_4090,122000.0,7176.47,2920.52,1000.0,10000.0,17,0,0.0,2,2,7176.470588235294,0.40695773821851716,11.711784520403112,8.878702232258167,11.588235294117647,20,0.0,0.0
CustomerId_4092,32000.0,6400.0,3781.53,1000.0,10000.0,5,0,0.0,2,2,6400.0,0.5908640624076775,10.373522431293592,8.764209507142004,19.0,0,0.0,0.0
CustomerId_4095,64940.0,4638.57,8658.47,40.0,25000.0,14,0,0.0,2,2,4638.571428571428,1.8666248430299368,11.081234444367965,8.442376968512153,13.142857142857142,36,0.0,0.5
CustomerId_4097,100471.0,1499.57,2458.55,20.0,10000.0,67,0,0.0,3,2,1499.5671641791046,1.6395033231929799,11.517634360697963,7.313600314908586,11.164179104477611,20,0.0,0.05970149253731343
CustomerId_4098,525.0,262.5,335.88,25.0,500.0,2,0,0.0,2,2,262.5,1.2795428522684082,6.26530121273771,5.574053367981417,11.0,0,0.0,0.0
CustomerId_4101,5000.0,5000.0,0.0,5000.0,5000.0,1,0,0.0,1,1,5000.0,0.0,8.517393171418904,8.517393171418904,20.0,0,0.0,0.0
CustomerId_4102,23720.0,4744.0,6572.07,224.0,16000.0,5,0,0.0,3,2,4744.0,1.3853435916135446,10.074116010739036,8.464846711044029,15.0,7,0.2,0.0
CustomerId_4103,2000.0,1000.0,0.0,1000.0,1000.0,2,0,0.0,1,1,1000.0,0.0,7.601402334583733,6.90875477931522,9.0,0,0.0,0.0
CustomerId_4104,10000.0,10000.0,0.0,10000.0,10000.0,1,0,0.0,1,1,10000.0,0.0,9.210440366976517,9.210440366976517,10.0,0,0.0,0.0
CustomerId_4106,32000.0,6400.0,3781.53,1000.0,10000.0,5,0,0.0,2,2,6400.0,0.5908640624076775,10.373522431293592,8.764209507142004,13.0,0,0.0,0.0
CustomerId_4107,2400.0,1200.0,282.84,1000.0,1400.0,2,0,0.0,1,1,1200.0,0.2356999998035833,7.783640596221253,7.0909098220799835,13.0,0,0.0,0.0
CustomerId_4108,4000.0,2000.0,0.0,2000.0,2000.0,2,0,0.0,1,1,2000.0,0.0,8.294299608857235,7.601402334583733,3.0,0,1.0,0.0
CustomerId_4109,63084.5,1538.65,2348.34,2.5,12000.0,41,0,0.0,2,2,1538.6463414634147,1.5262340353386188,11.05224622814481,7.339310396850042,9.341463414634147,52,0.2682926829268293,0.17073170731707318
CustomerId_411,81500.0,13583.33,1772.47,10000.0,14500.0,6,0,0.0,1,1,13583.333333333334,0.13048862096919617,11.308370569092329,9.51667220154227,8.333333333333334,0,0.0,0.0
CustomerId_4112,201000.0,40200.0,45609.21,1000.0,90000.0,5,0,0.0,1,1,40200.0,1.1345574626583443,12.211065162153215,10.601647149919609,11.0,0,0.0,0.0
CustomerId_4113,190590.0,4886.92,5841.48,20.0,28606.0,39,0,0.0,5,3,4886.923076923077,1.1953295733927851,12.157885049779923,8.494522134105386,10.179487179487179,71,0.4358974358974359,0.41025641025641024
CustomerId_4115,60340.0,1160.38,1831.93,20.0,12000.0,52,0,0.0,2,2,1160.3846153846155,1.5787328275403463,11.007767085330117,7.057364232193841,12.153846153846153,49,0.11538461538461539,0.3269230769230769
CustomerId_4117,5000.0,5000.0,0.0,5000.0,5000.0,1,0,0.0,1,1,5000.0,0.0,8.517393171418904,8.517393171418904,7.0,0,0.0,0.0
CustomerId_4118,31000.0,6200.0,3834.06,1000.0,10000.0,5,0,0.0,2,2,6200.0,0.6183967740938069,10.34177474101152,8.732465848349879,10.0,0,0.0,0.0
CustomerId_4119,9600.0,960.0,1492.11,10.0,5000.0,10,0,0.0,3,2,960.0,1.554281248380957,9.169622538697624,6.8679744089702925,13.4,6,0.0,0.1
CustomerId_412,14930.0,1658.89,1648.81,40.0,5000.0,9,0,0.0,2,2,1658.888888888889,0.9939236471412065,9.611194867526663,7.414506614094722,6.444444444444445,32,0.2222222222222222,0.1111111111111111
CustomerId_4120,122400.0,5563.64,3922.41,200.0,11000.0,22,0,0.0,2,2,5563.636363636364,0.705007872417157,11.715057818961629,8.624187571590202,13.409090909090908,18,0.0,0.045454545454545456
CustomerId_4123,12245.0,1749.29,1890.08,75.0,5000.0,7,0,0.0,2,2,1749.2857142857142,1.0804840814956445,9.4129546320379,7.467536767474178,12.428571428571429,8,0.0,0.0
CustomerId_4124,164890.0,4580.28,11025.75,20.0,50000.0,36,0,0.0,3,3,4580.277777777777,2.407221828707585,12.013039928525783,8.429733714044625,11.61111111111111,25,0.0,0.4166666666666667
CustomerId_4125,292545.0,4875.75,16406.8,10.0,90000.0,60,0,0.0,4,2,4875.75,3.3649797460154884,12.586377198246476,8.492234293375041,12.983333333333333,19,0.0,0.03333333333333333
CustomerId_4127,31200.0,5200.0,4214.26,200.0,10000.0,6,0,0.0,2,2,5200.0,0.8104346152287626,10.348205424565993,8.556606193773073,9.666666666666666,8,0.5,0.0
CustomerId_4128,90000.0,90000.0,0.0,90000.0,90000.0,1,1,1.0,1,1,90000.0,0.0,11.407576060361786,11.407576060361786,19.0,0,0.0,0.0
CustomerId_4130,4100.0,820.0,732.8,100.0,2000.0,5,0,0.0,2,2,820.0,0.8936585354955383,8.31898612539206,6.710523109452428,9.6,1,0.0,0.8
CustomerId_4131,141581.5,7865.64,11069.63,11.5,28000.0,18,0,0.0,3,2,7865.638888888889,1.407340025553249,11.860637865033562,8.970386312509337,11.944444444444445,5,0.2222222222222222,0.16666666666666666
CustomerId_4132,184658.0,2308.22,4375.79,18.0,18000.0,80,0,0.0,4,2,2308.225,1.8957421728016646,12.126266159954001,7.744665084157414,13.7,15,0.0125,0.2125
CustomerId_4133,20000.0,10000.0,0.0,10000.0,10000.0,2,0,0.0,1,1,10000.0,0.0,9.90353755128617,9.210440366976517,17.0,0,0.0,1.0
CustomerId_4134,90000.0,90000.0,0.0,90000.0,90000.0,1,1,1.0,1,1,90000.0,0.0,11.407576060361786,11.407576060361786,9.0,0,0.0,1.0
CustomerId_4135,75334.0,1276.85,1569.24,12.0,6000.0,59,0,0.0,4,2,1276.8474576271187,1.2289932245533983,11.229700113235388,7.152934257156959,12.152542372881356,29,0.1016949152542373,0.13559322033898305
CustomerId_4136,10910.0,1212.22,959.6,105.0,2500.0,9,0,0.0,2,2,1212.2222222222222,0.7916054835000201,9.297526733655099,7.101033261006602,19.88888888888889,5,0.1111111111111111,0.3333333333333333
CustomerId_4137,44000.0,5500.0,4342.48,1000.0,11000.0,8,0,0.0,2,2,5500.0,0.789541818038265,10.691967639914864,8.612685172875459,16.0,0,0.0,0.0
CustomerId_4138,2000.0,2000.0,0.0,2000.0,2000.0,1,0,0.0,1,1,2000.0,0.0,7.601402334583733,7.601402334583733,11.0,0,0.0,0.0
CustomerId_4139,6020.0,2006.67,2638.21,20.0,5000.0,3,0,0.0,3,2,2006.6666666666667,1.3147204067860083,8.703008637464448,7.604730124676408,10.333333333333334,18,0.3333333333333333,0.6666666666666666
CustomerId_414,32283.0,1699.11,2485.03,20.0,10000.0,19,0,0.0,4,2,1699.1052631578948,1.462548038995387,10.382327030444262,7.438448233833325,12.105263157894736,1,0.21052631578947367,0.0
CustomerId_4141,38496.0,6416.0,7116.96,496.0,20000.0,6,0,0.0,3,2,6416.0,1.109251870151301,10.558335595161871,8.766705997750515,11.5,5,0.0,0.0
CustomerId_4142,600.0,300.0,282.84,100.0,500.0,2,0,0.0,1,1,300.0,0.9427999968573333,6.398594934535208,5.707110264748875,5.0,15,1.0,0.0
CustomerId_4143,1500.0,750.0,353.55,500.0,1000.0,2,0,0.0,1,1,750.0,0.4713999993714667,7.313886831633462,6.621405651764134,10.0,0,0.0,0.0
CustomerId_4144,75000.0,37500.0,17677.67,25000.0,50000.0,2,0,0.0,1,1,37500.0,0.4714045333207625,11.225256725762893,10.53212287826962,23.0,0,1.0,0.0
CustomerId_4145,172000.0,7818.18,3947.71,1000.0,20000.0,22,0,0.0,2,2,7818.181818181818,0.5049397685260585,12.055255569732177,8.964334968706194,11.590909090909092,25,0.0,0.045454545454545456
CustomerId_4146,561810.0,8385.22,19074.84,20.0,90000.0,67,0,0.0,4,2,8385.223880597016,2.2748168799059756,13.238920773382276,9.034345161586455,12.970149253731343,41,0.04477611940298507,0.373134328358209
CustomerId_4148,11000.0,5500.0,707.11,5000.0,6000.0,2,0,0.0,1,1,5500.0,0.12856545452207901,9.305741456739435,8.612685172875459,9.0,0,0.0,1.0
CustomerId_4149,42030.0,3820.91,2861.96,30.0,10000.0,11,0,0.0,3,2,3820.909090909091,0.7490257554485644,10.64616272024527,8.248505576642271,10.272727272727273,17,0.18181818181818182,0.0
CustomerId_415,517878.0,12330.43,16618.63,100.0,50000.0,42,0,0.0,4,2,12330.42857142857,1.3477737596054822,13.157496903221464,9.419906566724704,12.0,75,0.047619047619047616,0.2857142857142857
CustomerId_4150,38000.0,6333.33,3386.25,1000.0,10000.0,6,0,0.0,2,2,6333.333333333333,0.5346713339531224,10.545367754151743,8.75373932552041,8.0,0,0.0,0.0
CustomerId_4151,62000.0,2818.18,3296.99,500.0,10000.0,22,0,0.0,2,2,2818.181818181818,1.169900431778701,11.034905792929415,7.944201341505573,8.363636363636363,24,0.36363636363636365,0.3181818181818182
CustomerId_4152,409853.7,1751.51,2453.61,1.26,11400.0,234,0,0.0,2,3,1751.5115384615385,1.4008541193593789,12.923557985625525,7.468804325026559,8.35897435897436,84,0.4188034188034188,0.13247863247863248
CustomerId_4153,71700.0,6518.18,5677.51,100.0,16000.0,11,0,0.0,3,3,6518.181818181818,0.8710268816032961,11.180259973491848,8.782503880140217,12.454545454545455,43,0.09090909090909091,0.0
CustomerId_4154,2010.0,502.5,404.18,10.0,1000.0,4,0,0.0,2,2,502.5,0.8043383068570382,7.606387389772652,6.221583712158617,17.75,0,0.0,0.0
CustomerId_4155,11785.0,906.54,806.64,20.0,2300.0,13,0,0.0,2,2,906.5384615384615,0.889800780009927,9.374667665397858,6.810737642302624,14.076923076923077,40,0.0,0.07692307692307693
CustomerId_4156,186370.0,4334.19,10468.7,10.0,50000.0,43,0,0.0,2,2,4334.186046511628,2.415376344273007,12.135494589730756,8.374520717550592,10.488372093023257,3,0.11627906976744186,0.023255813953488372
CustomerId_4157,85922.0,4522.21,4110.75,250.0,15000.0,19,0,0.0,4,2,4522.210526315789,0.9090135131033248,11.361206825334252,8.416977197761078,11.157894736842104,62,0.21052631578947367,0.5789473684210527
CustomerId_4158,2010.0,502.5,404.18,10.0,1000.0,4,0,0.0,2,2,502.5,0.8043383068570382,7.606387389772652,6.221583712158617,19.0,0,0.0,1.0
CustomerId_4159,62000.0,6200.0,3614.78,1000.0,10000.0,10,0,0.0,2,2,6200.0,0.5830290321640276,11.034905792929415,8.732465848349879,8.9,7,0.6,0.0
CustomerId_416,1000.0,1000.0,0.0,1000.0,1000.0,1,0,0.0,1,1,1000.0,0.0,6.90875477931522,6.90875477931522,16.0,0,0.0,0.0
CustomerId_4160,102800.0,12850.0,31239.48,50.0,90000.0,8,0,0.0,4,2,12850.0,2.431087937554001,11.540550359582348,9.461176908307142,15.625,41,0.0,0.0
CustomerId_4161,6060.0,550.91,408.96,10.0,1000.0,11,0,0.0,2,2,550.9090909090909,0.7423354073399732,8.709630081951286,6.313384989505802,18.181818181818183,27,0.0,0.45454545454545453
CustomerId_4163,63000.0,10500.0,8288.55,1000.0,20000.0,6,0,0.0,2,2,10500.0,0.7893857142105346,11.050905878263567,9.259225769705994,12.0,35,0.0,0.8333333333333334
CustomerId_4164,60492.0,7561.5,9171.02,100.0,28000.0,8,0,0.0,4,2,7561.5,1.2128572371602384,11.010282934845545,8.930957102339097,16.875,5,0.0,0.75
CustomerId_4165,21850.0,1986.36,2897.86,40.0,10000.0,11,0,0.0,2,2,1986.3636363636363,1.4588795578551323,9.992001966066868,7.594562403795884,7.545454545454546,18,0.36363636363636365,0.8181818181818182
CustomerId_4167,547700.0,34231.25,20453.34,1000.0,50000.0,16,0,0.0,3,2,34231.25,0.597504911430418,13.213484796587199,10.440923461178189,16.4375,0,0.0,0.0
CustomerId_4168,58750.0,3916.67,3652.48,50.0,10000.0,15,0,0.0,2,2,3916.6666666666665,0.9325472912110166,10.981063453138141,8.273252368310974,15.866666666666667,40,0.0,0.26666666666666666
CustomerId_4169,8010.0,1602.0,2041.33,10.0,5000.0,5,0,0.0,2,2,1602.0,1.2742384511396763,8.988570876215118,7.3796321526095525,8.0,10,0.0,0.0
CustomerId_4170,2000.0,666.67,288.68,500.0,1000.0,3,0,0.0,2,1,666.6666666666666,0.43301783426130197,7.601402334583733,6.503794039496479,8.0,0,0.0,0.0
CustomerId_4171,25000.0,8333.33,2886.75,5000.0,10000.0,3,0,0.0,2,2,8333.333333333334,0.3464101385224862,10.12667110305036,9.028138408030719,17.0,0,0.0,0.0
CustomerId_4173,55521.0,1586.31,4985.0,20.0,30000.0,35,0,0.0,3,2,1586.3142857142857,3.14251312597001,10.924534617586627,7.369796038564651,12.142857142857142,28,0.05714285714285714,0.22857142857142856
CustomerId_4174,56870.0,1624.86,3161.65,10.0,15000.0,35,0,0.0,3,2,1624.857142857143,1.945798406049876,10.948540824109674,7.393792185539855,15.114285714285714,37,0.22857142857142856,0.11428571428571428
CustomerId_4175,500.0,500.0,0.0,500.0,500.0,1,0,0.0,1,1,500.0,0.0,6.2166061010848646,6.2166061010848646,11.0,0,0.0,0.0
CustomerId_4176,32200.0,6440.0,3829.23,1000.0,10100.0,5,0,0.0,2,2,6440.0,0.5946009315846893,10.379752786950895,8.77043908654689,14.0,0,0.0,0.0
CustomerId_4177,500.0,500.0,0.0,500.0,500.0,1,0,0.0,1,1,500.0,0.0,6.2166061010848646,6.2166061010848646,10.0,0,0.0,1.0
CustomerId_4179,26250.0,2916.67,4084.42,50.0,10000.0,9,0,0.0,2,2,2916.6666666666665,1.400370970524478,10.17545936253226,7.978540631529116,8.88888888888889,45,0.0,0.2222222222222222
CustomerId_4180,1000.0,1000.0,0.0,1000.0,1000.0,1,0,0.0,1,1,1000.0,0.0,6.90875477931522,6.90875477931522,7.0,0,0.0,0.0
CustomerId_4181,103590.0,2158.12,2133.1,25.0,6850.0,48,0,0.0,3,3,2158.125,0.9884065756360135,11.548205732447006,7.677456010257858,13.270833333333334,83,0.08333333333333333,0.14583333333333334
CustomerId_4182,22242.0,1390.12,1380.59,50.0,5000.0,16,0,0.0,3,2,1390.125,0.9931444760213906,10.00978263135373,7.2378644570738135,11.6875,75,0.25,0.375
CustomerId_4183,253905.75,4231.76,11754.29,20.0,70000.0,60,0,0.0,6,2,4231.7625,2.7776362547078195,12.44472235260918,8.350609541535821,13.25,49,0.0,0.15
CustomerId_4184,45830.0,1018.44,1299.0,30.0,5000.0,45,0,0.0,2,2,1018.4444444444445,1.2754801448534228,10.732715997033832,6.927008735904024,14.133333333333333,33,0.022222222222222223,0.2222222222222222
CustomerId_4185,6070.0,867.14,675.69,20.0,2000.0,7,0,0.0,2,2,867.1428571428571,0.7792167345766351,8.711278615130434,6.766352991977045,11.428571428571429,21,0.0,0.0
CustomerId_4186,22000.0,4400.0,3714.84,1000.0,10000.0,5,0,0.0,2,2,4400.0,0.844281817989936,9.99884318585288,8.38958706681109,16.0,0,0.0,0.0
CustomerId_4187,65825.0,1400.53,4359.7,20.0,30000.0,47,0,0.0,2,2,1400.531914893617,3.112892974007773,11.094770176045547,7.245319776012563,11.914893617021276,55,0.0851063829787234,0.425531914893617
CustomerId_4188,697930.0,10416.87,11294.48,40.0,30000.0,67,0,0.0,4,2,10416.865671641792,1.0842489153570842,13.455875522989949,9.251277879824517,11.298507462686567,86,0.13432835820895522,0.11940298507462686
CustomerId_4189,133961.0,5581.71,8277.06,60.0,30000.0,24,0,0.0,3,2,5581.708333333333,1.4828896518301935,11.805311456626493,8.62742960056165,9.916666666666666,82,0.0,0.08333333333333333
CustomerId_4190,26250.0,6562.5,7154.18,500.0,15000.0,4,0,0.0,2,2,6562.5,1.0901607617386422,10.17545936253226,8.789279276243462,6.5,15,0.5,0.0
CustomerId_4191,68505.0,3805.83,2966.77,150.0,10000.0,18,0,0.0,2,2,3805.8333333333335,0.7795329794605821,11.134676611655303,8.24455210080179,14.5,39,0.0,0.0
CustomerId_4192,20050.0,2227.78,1707.91,50.0,5000.0,9,0,0.0,2,3,2227.777777777778,0.7666421276936493,9.906034306802704,7.709209629546658,11.222222222222221,26,0.0,0.2222222222222222
CustomerId_4193,1838243.0,18757.58,28622.82,20.0,90000.0,98,0,0.0,3,2,18757.581632653062,1.525933515862604,14.424321326079253,9.839406526731606,10.510204081632653,68,0.01020408163265306,0.1836734693877551
CustomerId_4194,500.0,500.0,0.0,500.0,500.0,1,0,0.0,1,1,500.0,0.0,6.2166061010848646,6.2166061010848646,18.0,0,0.0,0.0
CustomerId_4196,18100.0,4525.0,7026.32,100.0,15000.0,4,0,0.0,2,2,4525.0,1.5527779002093307,9.803722464346553,8.417593826193484,15.75,3,0.0,0.25
CustomerId_4197,51500.0,7357.14,8730.76,1000.0,20000.0,7,0,0.0,2,3,7357.142857142857,1.1867057034137305,10.849356503939038,8.903562462393197,15.714285714285714,41,0.0,0.14285714285714285
CustomerId_4198,95694.0,2080.3,3953.7,50.0,20000.0,46,0,0.0,3,2,2080.304347826087,1.9005431899723388,11.468921329472174,7.640747977464206,13.565217391304348,60,0.0,0.2608695652173913
CustomerId_4199,71460.0,1299.27,1457.54,25.0,5500.0,55,0,0.0,2,2,1299.2727272727273,1.1218145565418929,11.176907125322197,7.170327214192259,11.036363636363637,37,0.07272727272727272,0.2545454545454545
CustomerId_420,21423.0,973.77,1116.25,10.0,3000.0,22,0,0.0,2,2,973.7727272727273,1.1463179178385883,9.972267067930954,6.882201545733773,13.409090909090908,18,0.0,0.18181818181818182
CustomerId_4200,1000.0,500.0,0.0,500.0,500.0,2,0,0.0,1,1,500.0,0.0,6.90875477931522,6.2166061010848646,13.0,0,0.0,0.0
CustomerId_4201,24425.0,1526.56,2555.17,25.0,10000.0,16,0,0.0,2,2,1526.5625,1.6738090860013304,10.103403417731034,7.331426970143384,13.375,76,0.0,0.0625
CustomerId_4202,170955.3,8140.73,12838.98,61.3,50000.0,21,0,0.0,3,2,8140.728571428571,1.577128832232843,12.049163247269355,9.004757967127665,13.19047619047619,49,0.047619047619047616,0.3333333333333333
CustomerId_4203,122000.0,7625.0,3774.92,1000.0,16000.0,16,0,0.0,2,2,7625.0,0.49507147534490864,11.711784520403112,8.939318740417509,13.25,17,0.3125,0.125
CustomerId_4204,393705.5,4144.27,8098.73,25.0,50000.0,95,0,0.0,5,2,4144.268421052631,1.954199412211511,12.88336098682856,8.329723204169312,10.263157894736842,58,0.25263157894736843,0.08421052631578947
CustomerId_4205,65500.0,5038.46,1941.45,500.0,10000.0,13,0,0.0,2,1,5038.461538461538,0.3853260717788121,11.089820688682373,8.525054212468065,4.3076923076923075,0,1.0,1.0
CustomerId_4206,112000.0,6222.22,3507.23,1000.0,11000.0,18,0,0.0,2,2,6222.222222222223,0.5636621655030419,11.626263078808801,8.736042736668091,14.222222222222221,18,0.0,0.05555555555555555
CustomerId_4207,10000.0,10000.0,0.0,10000.0,10000.0,1,0,0.0,1,1,10000.0,0.0,9.210440366976517,9.210440366976517,8.0,0,0.0,0.0
CustomerId_4209,1510.0,503.33,495.01,10.0,1000.0,3,0,0.0,2,2,503.3333333333333,0.9834700872519618,7.32052696227274,6.223230815713077,22.0,0,1.0,0.0
CustomerId_4211,53200.0,3325.0,3380.43,150.0,10000.0,16,0,0.0,2,2,3325.0,1.0166706763859636,10.881832472145556,8.109525659752872,13.5625,8,0.0,0.0625
CustomerId_4212,5040.0,1260.0,940.07,40.0,2000.0,4,0,0.0,2,2,1260.0,0.7460873009951687,8.525359754082631,7.13966033596492,6.0,0,0.0,0.0
CustomerId_4213,414578.2,6281.49,3734.88,88.2,11000.0,66,0,0.0,3,2,6281.487878787879,0.594585042626099,12.935019308887885,8.745521677693441,8.287878787878787,84,0.36363636363636365,0.24242424242424243
CustomerId_4214,46000.0,7666.67,4966.55,1000.0,15000.0,6,0,0.0,2,2,7666.666666666667,0.6478105878239431,10.736418414365376,8.94476806724572,15.5,1,0.0,0.16666666666666666
CustomerId_4215,33560.0,2581.54,3324.36,10.0,10000.0,13,0,0.0,3,2,2581.5384615384614,1.2877429746245486,10.42111995751504,7.856528689741219,14.0,3,0.07692307692307693,0.6923076923076923
CustomerId_4216,71270.0,1295.82,1297.3,20.0,5000.0,55,0,0.0,2,2,1295.8181818181818,1.001142133165762,11.174244791546633,7.1676703928811945,11.690909090909091,87,0.0,0.16363636363636364
CustomerId_4218,16280.0,856.84,942.08,25.0,3100.0,19,0,0.0,2,2,856.8421052631579,1.0994818156254589,9.697754062731514,6.75441760191189,12.263157894736842,85,0.0,0.47368421052631576
CustomerId_4219,32000.0,5333.33,4033.2,1000.0,10000.0,6,0,0.0,2,2,5333.333333333333,0.756225472499128,10.373522431293592,8.581918570094851,8.666666666666666,5,0.0,0.0
CustomerId_422,170000.0,85000.0,7071.07,80000.0,90000.0,2,0,0.0,1,1,85000.0,0.08318905882255072,12.04355959836804,11.350418300109132,16.0,0,0.0,1.0
CustomerId_4220,500.0,500.0,0.0,500.0,500.0,1,0,0.0,1,1,500.0,0.0,6.2166061010848646,6.2166061010848646,13.0,0,0.0,0.0
CustomerId_4221,80000.0,80000.0,0.0,80000.0,80000.0,1,0,0.0,1,1,80000.0,0.0,11.289794413577894,11.289794413577894,6.0,0,0.0,1.0
CustomerId_4224,11615.0,893.46,751.26,55.0,2000.0,13,0,0.0,2,2,893.4615384615385,0.8408434615530147,9.360138737064577,6.796220184229511,12.076923076923077,8,0.23076923076923078,0.6153846153846154
CustomerId_4225,500.0,500.0,0.0,500.0,500.0,1,0,0.0,1,1,500.0,0.0,6.2166061010848646,6.2166061010848646,18.0,0,0.0,0.0
CustomerId_4226,531000.0,53100.0,43516.15,1000.0,90000.0,10,0,0.0,3,2,53100.0,0.8195131826587663,13.182519183461475,10.879951039444416,9.5,3,0.1,0.1
CustomerId_4227,3050.0,762.5,475.0,50.0,1000.0,4,0,0.0,2,2,762.5,0.6229508188551465,8.02322468471667,6.637913124658687,20.0,1,0.0,0.0
CustomerId_4228,7500.0,1875.0,629.15,1000.0,2500.0,4,0,0.0,2,2,1875.0,0.3355466664877084,8.922791623969637,7.53689712956617,8.0,3,0.5,0.0
CustomerId_4229,41970.0,839.4,899.3,50.0,5000.0,50,0,0.0,2,2,839.4,1.0713604943157486,10.644734182586557,6.7338779689708455,11.72,57,0.04,0.18
CustomerId_423,5500.0,2750.0,353.55,2500.0,3000.0,2,0,0.0,1,1,2750.0,0.12856363631688597,8.612685172875459,7.919719760924575,9.0,0,0.0,0.0
CustomerId_4230,17000.0,4250.0,1500.0,2000.0,5000.0,4,0,0.0,3,1,4250.0,0.35294117638754324,9.741027444837728,8.35490952835879,13.5,1,0.0,0.0
CustomerId_4233,41000.0,13666.67,10969.66,1000.0,20000.0,3,0,0.0,2,2,13666.666666666666,0.8026578529515487,10.62135173563291,9.52278846895776,7.0,0,0.0,0.0
CustomerId_4234,49100.0,4091.67,4301.63,100.0,11000.0,12,0,0.0,2,2,4091.6666666666665,1.0513140108925416,10.801634680173994,8.316952847783897,11.75,26,0.0,0.25
CustomerId_4235,43120.0,2053.33,2150.18,30.0,10000.0,21,0,0.0,4,3,2053.3333333333335,1.0471672838524897,10.671765396408588,7.627705039706414,12.571428571428571,24,0.0,0.2857142857142857
CustomerId_4237,73969.0,1849.22,2506.07,10.0,10000.0,40,0,0.0,3,2,1849.225,1.3552038149299683,11.211414884581913,7.523059829920995,12.25,51,0.1,0.2
CustomerId_4238,1011743.0,7175.48,12401.99,10.0,50000.0,141,0,0.0,4,2,7175.482269503546,1.728384721060001,13.827186132401772,8.878564291133728,14.297872340425531,86,0.03546099290780142,0.11347517730496454
CustomerId_4239,205000.0,22777.78,28625.94,5000.0,90000.0,9,0,0.0,1,1,22777.777777777777,1.2567484627010732,12.230770136157428,10.033584679816354,17.555555555555557,4,0.0,0.2222222222222222
CustomerId_424,10000.0,10000.0,0.0,10000.0,10000.0,1,0,0.0,1,1,10000.0,0.0,9.210440366976517,9.210440366976517,18.0,0,0.0,1.0
CustomerId_4240,731500.0,73150.0,35579.37,1500.0,90000.0,10,0,0.0,2,1,73150.0,0.4863892002667617,13.50285386649538,11.200281076894816,10.2,82,0.0,0.0
CustomerId_4241,21100.0,4220.0,3935.99,100.0,10000.0,5,0,0.0,2,2,4220.0,0.9326990519116826,9.957075711706057,8.347827345782498,19.8,4,0.0,0.2
CustomerId_4242,10000.0,5000.0,0.0,5000.0,5000.0,2,0,0.0,1,1,5000.0,0.0,9.210440366976517,8.517393171418904,18.0,0,0.0,1.0
CustomerId_4243,6000.0,3000.0,2828.43,1000.0,5000.0,2,0,0.0,1,1,3000.0,0.94280999968573,8.699681400989514,8.006700845440367,17.0,0,0.0,0.0
CustomerId_4244,11120.0,1112.0,1275.35,20.0,4000.0,10,0,0.0,2,2,1112.0,1.1468974809830057,9.316590491818841,7.014814351275545,9.7,11,0.0,0.0
CustomerId_4245,112300.0,5910.53,4209.6,50.0,15000.0,19,0,0.0,2,2,5910.526315789473,0.7122203929745352,11.62893804540639,8.684659960144389,19.842105263157894,15,0.2631578947368421,0.0
CustomerId_4246,8100.0,1012.5,910.44,20.0,2000.0,8,0,0.0,2,2,1012.5,0.8991999991119013,8.999742789830492,6.921164965892054,6.625,2,0.375,0.0
CustomerId_4247,18750.0,937.5,873.27,50.0,2000.0,20,0,0.0,2,2,937.5,0.9314879990064128,9.839002363309719,6.844282856026563,9.75,73,0.3,0.25
CustomerId_4250,49036.0,12259.0,13945.56,392.0,28000.0,4,0,0.0,3,2,12259.0,1.1375772900613772,10.800330394187467,9.414097209490203,11.5,1,0.0,0.5
CustomerId_4252,955862.25,5166.82,6618.28,10.0,70000.0,185,0,0.0,5,3,5166.822972972973,1.280919404724585,13.770370137868724,8.550206215134507,14.691891891891892,88,0.08648648648648649,0.12972972972972974
CustomerId_4253,531360.0,7380.0,4113.04,200.0,20000.0,72,0,0.0,3,2,7380.0,0.5573224931494143,13.183196918572067,8.906664409770052,9.402777777777779,88,0.2638888888888889,0.05555555555555555
CustomerId_4254,210410.0,9148.26,5123.01,200.0,20000.0,23,0,0.0,2,2,9148.260869565218,0.559998294696478,12.25681803984789,9.121428280682123,10.91304347826087,84,0.21739130434782608,0.0
CustomerId_4255,9850.0,656.67,455.47,50.0,1000.0,15,0,0.0,2,2,656.6666666666666,0.6936056151588994,9.19532825185568,6.488703285765381,10.133333333333333,17,0.3333333333333333,0.5333333333333333
CustomerId_4256,15175.0,722.62,826.23,25.0,3500.0,21,0,0.0,3,2,722.6190476190476,1.1433810285580512,9.62747051161485,6.584266392719052,13.380952380952381,40,0.0,0.42857142857142855
CustomerId_4257,5100.0,2550.0,3464.82,100.0,5000.0,2,0,0.0,2,2,2550.0,1.3587529406436265,8.537191877922927,7.844240718141811,6.0,0,0.0,0.0
CustomerId_4258,31000.0,6200.0,3834.06,1000.0,10000.0,5,0,0.0,2,2,6200.0,0.6183967740938069,10.34177474101152,8.732465848349879,18.8,0,0.0,0.0
CustomerId_4260,1000.0,1000.0,0.0,1000.0,1000.0,1,0,0.0,1,1,1000.0,0.0,6.90875477931522,6.90875477931522,4.0,0,1.0,0.0
CustomerId_4261,32000.0,6400.0,3781.53,1000.0,10000.0,5,0,0.0,2,2,6400.0,0.5908640624076775,10.373522431293592,8.764209507142004,10.0,0,0.0,0.0
CustomerId_4262,5885.0,735.62,322.15,20.0,1000.0,8,0,0.0,2,2,735.625,0.4379299088688046,8.680331928793418,6.602072155420804,10.5,30,0.0,0.0
CustomerId_4265,500.0,500.0,0.0,500.0,500.0,1,0,0.0,1,1,500.0,0.0,6.2166061010848646,6.2166061010848646,18.0,0,0.0,1.0
CustomerId_4266,270000.0,90000.0,0.0,90000.0,90000.0,3,0,0.0,2,1,90000.0,0.0,12.506180941677357,11.407576060361786,20.666666666666668,6,0.0,1.0
CustomerId_4267,3000.0,1000.0,0.0,1000.0,1000.0,3,0,0.0,1,1,1000.0,0.0,8.006700845440367,6.90875477931522,17.0,0,0.0,1.0
CustomerId_427,1000.0,1000.0,0.0,1000.0,1000.0,1,0,0.0,1,1,1000.0,0.0,6.90875477931522,6.90875477931522,15.0,0,0.0,0.0
CustomerId_4270,9000.0,9000.0,0.0,9000.0,9000.0,1,0,0.0,1,1,9000.0,0.0,9.105090961257085,9.105090961257085,18.0,0,0.0,0.0
CustomerId_4272,1000.0,1000.0,0.0,1000.0,1000.0,1,0,0.0,1,1,1000.0,0.0,6.90875477931522,6.90875477931522,14.0,0,0.0,0.0
CustomerId_4273,864493.0,14172.02,18014.56,40.0,90000.0,61,0,0.0,5,3,14172.016393442624,1.271135660176098,13.669899643653403,9.559095436299756,10.967213114754099,54,0.18032786885245902,0.19672131147540983
CustomerId_4274,98580.0,3520.71,4266.11,10.0,11500.0,28,0,0.0,2,2,3520.714285714286,1.2117186586763127,11.498633824253364,8.166701946086278,11.785714285714286,34,0.0,0.5357142857142857
CustomerId_4275,510000.0,72857.14,21380.9,50000.0,90000.0,7,3,0.43,1,1,72857.14285714286,0.29346334483767195,13.1421679654829,11.196269541826048,10.714285714285714,4,0.0,0.14285714285714285
CustomerId_4276,1500.0,750.0,353.55,500.0,1000.0,2,0,0.0,2,1,750.0,0.4713999993714667,7.313886831633462,6.621405651764134,12.0,0,0.5,1.0
CustomerId_4277,32000.0,4571.43,3909.69,1000.0,10000.0,7,0,0.0,2,2,4571.428571428572,0.8552444200490339,10.373522431293592,8.427800071235865,16.0,0,0.0,0.0
CustomerId_4279,25750.0,1430.56,1763.43,50.0,5000.0,18,0,0.0,2,2,1430.5555555555557,1.232685101475866,10.156228740289281,7.266520037735943,8.055555555555555,52,0.2777777777777778,0.4444444444444444
CustomerId_428,314800.0,17488.89,23707.53,100.0,60000.0,18,0,0.0,2,2,17488.88888888889,1.3555765974080929,12.659695972140415,9.769378278684695,9.88888888888889,56,0.1111111111111111,0.05555555555555555
CustomerId_4280,6200.0,885.71,829.01,50.0,2500.0,7,0,0.0,2,2,885.7142857142857,0.9359835601540193,8.732465848349879,6.78751798409388,8.571428571428571,4,0.0,0.2857142857142857
CustomerId_4281,61000.0,7625.0,5804.86,1000.0,20000.0,8,0,0.0,2,2,7625.0,0.7612931146542565,11.0186455364637,8.939318740417509,10.0,50,0.25,0.125
CustomerId_4282,1500.0,750.0,353.55,500.0,1000.0,2,0,0.0,2,1,750.0,0.4713999993714667,7.313886831633462,6.621405651764134,16.5,1,0.0,0.0
CustomerId_4283,48000.0,6857.14,3387.65,1000.0,10000.0,7,0,0.0,2,2,6857.142857142857,0.49403249744149413,10.778977123006351,8.833191546929402,8.714285714285714,13,0.0,0.0
CustomerId_4287,10000.0,10000.0,0.0,10000.0,10000.0,1,0,0.0,1,1,10000.0,0.0,9.210440366976517,9.210440366976517,20.0,0,0.0,0.0
CustomerId_4288,2100.0,1050.0,1343.5,100.0,2000.0,2,0,0.0,2,2,1050.0,1.2795238083052154,7.650168700845001,6.957497370876951,4.0,0,1.0,0.0
CustomerId_4289,152000.0,7600.0,4210.26,1000.0,21000.0,20,0,0.0,2,2,7600.0,0.5539815788744761,11.931642378754141,8.936035096566041,12.8,25,0.05,0.05
CustomerId_429,1000.0,1000.0,0.0,1000.0,1000.0,1,0,0.0,1,1,1000.0,0.0,6.90875477931522,6.90875477931522,5.0,0,1.0,0.0
CustomerId_4290,1000.0,1000.0,0.0,1000.0,1000.0,1,0,0.0,1,1,1000.0,0.0,6.90875477931522,6.90875477931522,19.0,0,0.0,0.0
CustomerId_4291,32000.0,5333.33,4033.2,1000.0,10000.0,6,0,0.0,2,2,5333.333333333333,0.756225472499128,10.373522431293592,8.581918570094851,13.0,0,0.0,0.0
CustomerId_4294,137008.0,2585.06,2875.28,25.0,10000.0,53,0,0.0,2,2,2585.056603773585,1.112268186768482,11.8278018960832,7.857890760918792,12.415094339622641,55,0.09433962264150944,0.1320754716981132
CustomerId_4297,1000.0,1000.0,0.0,1000.0,1000.0,1,0,0.0,1,1,1000.0,0.0,6.90875477931522,6.90875477931522,6.0,0,0.0,0.0
CustomerId_4298,3570.0,595.0,475.13,20.0,1000.0,6,0,0.0,3,2,595.0,0.79853781378397,8.18060094759445,6.39024066706535,6.0,45,0.0,0.6666666666666666
CustomerId_4299,31000.0,6200.0,3834.06,1000.0,10000.0,5,0,0.0,2,2,6200.0,0.6183967740938069,10.34177474101152,8.732465848349879,20.0,0,0.0,0.0
CustomerId_4300,32000.0,4571.43,4035.56,1000.0,10000.0,7,0,0.0,2,2,4571.428571428572,0.882778473938619,10.373522431293592,8.427800071235865,11.571428571428571,13,0.0,0.0
CustomerId_4301,2500.0,833.33,288.68,500.0,1000.0,3,0,0.0,2,2,833.3333333333334,0.34641738525384014,7.824445930877619,6.72662900754993,9.0,0,0.0,1.0
CustomerId_4302,86000.0,28666.67,44500.94,1000.0,80000.0,3,0,0.0,2,2,28666.666666666668,1.552358191532105,11.362114203075018,10.26352528595505,10.0,0,0.0,1.0
CustomerId_4304,41000.0,5125.0,2416.46,1000.0,10000.0,8,0,0.0,2,2,5125.0,0.47150439015190154,10.62135173563291,8.542080906924017,17.875,0,0.0,0.0
CustomerId_4305,47407.0,1316.86,1756.61,5.0,5000.0,36,0,0.0,3,2,1316.861111111111,1.3339383067798107,10.766546269813347,7.183764487872745,13.666666666666666,21,0.0,0.3333333333333333
CustomerId_4308,500.0,500.0,0.0,500.0,500.0,1,0,0.0,1,1,500.0,0.0,6.2166061010848646,6.2166061010848646,13.0,0,0.0,1.0
CustomerId_4309,76550.0,2251.47,2025.5,50.0,5000.0,34,0,0.0,2,2,2251.470588235294,0.8996344606414324,11.245712464357787,7.719782670858839,15.970588235294118,23,0.029411764705882353,0.17647058823529413
CustomerId_431,5200.0,577.78,500.69,50.0,1000.0,9,0,0.0,2,2,577.7777777777778,0.8665755116712668,8.556606193773073,6.360922439910144,15.11111111111111,12,0.0,0.0
CustomerId_4310,6300.0,1260.0,1235.62,150.0,3000.0,5,0,0.0,2,2,1260.0,0.9806507928724992,8.748463629942055,7.13966033596492,16.2,9,0.0,0.6
CustomerId_4311,331590.0,6376.73,8084.76,50.0,40000.0,52,0,0.0,3,3,6376.7307692307695,1.2678535862004736,12.711657560741054,8.76056751365418,13.057692307692308,45,0.07692307692307693,0.34615384615384615
CustomerId_4312,191165.0,1505.24,2264.73,10.0,14000.0,127,0,0.0,3,2,1505.236220472441,1.5045640552306847,12.160897439519045,7.3173717582127775,12.850393700787402,33,0.03937007874015748,0.2204724409448819
CustomerId_4313,10000.0,10000.0,0.0,10000.0,10000.0,1,0,0.0,1,1,10000.0,0.0,9.210440366976517,9.210440366976517,16.0,0,0.0,0.0
CustomerId_4314,196691.5,2092.46,4850.62,10.0,30000.0,94,0,0.0,4,3,2092.4627659574467,2.31814228118189,12.189396874519561,7.646573478517646,10.659574468085106,41,0.20212765957446807,0.24468085106382978
CustomerId_4315,1297257.0,10056.26,19108.3,20.0,90000.0,129,0,0.0,5,3,10056.255813953489,1.9001398132208056,14.075763364102473,9.21605004075026,11.674418604651162,88,0.015503875968992248,0.15503875968992248
CustomerId_4317,100000.0,50000.0,56568.54,10000.0,90000.0,2,0,0.0,1,1,50000.0,1.1313707999773726,11.51293546492023,10.819798284210286,17.5,0,0.0,0.0
CustomerId_4318,232950.0,7765.0,16326.29,50.0,80000.0,30,0,0.0,4,2,7765.0,2.102548615311971,12.358583410002417,8.957510510291613,11.966666666666667,47,0.06666666666666667,0.3333333333333333
CustomerId_4319,475283.0,2112.37,3621.08,25.0,20000.0,225,0,0.0,3,2,2112.3688888888887,1.7142262000907862,13.071667799085775,7.656039108770378,13.511111111111111,6,0.03111111111111111,0.26666666666666666
CustomerId_432,2020.0,673.33,565.8,20.0,1000.0,3,0,0.0,2,2,673.3333333333334,0.8403011883618712,7.611347717403621,6.513719605333686,19.0,0,0.0,0.0
CustomerId_4321,10000.0,10000.0,0.0,10000.0,10000.0,1,0,0.0,1,1,10000.0,0.0,9.210440366976517,9.210440366976517,9.0,0,0.0,0.0
CustomerId_4322,74536.0,4384.47,3881.58,40.0,11000.0,17,0,0.0,3,2,4384.470588235294,0.8853019861271025,11.219050925375994,8.386052082642921,13.470588235294118,21,0.0,0.17647058823529413
CustomerId_4323,13870.0,630.45,563.27,25.0,1500.0,22,0,0.0,2,2,630.4545454545455,0.893441191381646,9.53755560876329,6.448018762092179,13.272727272727273,22,0.0,0.22727272727272727
CustomerId_4324,85975.0,1592.13,2966.24,25.0,11250.0,54,0,0.0,3,3,1592.1296296296296,1.8630639446131505,11.36182346652099,7.373455913611136,11.314814814814815,67,0.018518518518518517,0.2037037037037037
CustomerId_4325,56000.0,9333.33,6377.04,1000.0,20000.0,6,0,0.0,2,2,9333.333333333334,0.6832545296605548,10.933124826700707,9.141454280502328,10.833333333333334,14,0.0,0.0
CustomerId_4326,48820.0,4068.33,4088.42,50.0,12000.0,12,0,0.0,2,3,4068.3333333333335,1.0049381439054998,10.795915827145608,8.3112336457208,18.583333333333332,81,0.3333333333333333,0.08333333333333333
CustomerId_4327,2500.0,500.0,0.0,500.0,500.0,5,0,0.0,2,1,500.0,0.0,7.824445930877619,6.2166061010848646,16.0,7,0.0,0.4
CustomerId_4328,98866.0,7061.86,7503.76,622.0,30000.0,14,0,0.0,2,2,7061.857142857143,1.0625755819199791,11.501530791556343,8.862605347606921,15.5,52,0.0,0.0
CustomerId_4329,2000.0,2000.0,0.0,2000.0,2000.0,1,0,0.0,1,1,2000.0,0.0,7.601402334583733,7.601402334583733,12.0,0,0.0,0.0
CustomerId_433,1000.0,1000.0,0.0,1000.0,1000.0,1,0,0.0,1,1,1000.0,0.0,6.90875477931522,6.90875477931522,13.0,0,0.0,1.0
CustomerId_4330,13150.0,487.04,459.12,20.0,1000.0,27,0,0.0,2,2,487.037037037037,0.9426741110736816,9.484253080341965,6.190397369707133,11.481481481481481,73,0.0,0.2962962962962963
CustomerId_4332,20000.0,20000.0,0.0,20000.0,20000.0,1,0,0.0,1,1,20000.0,0.0,9.90353755128617,9.90353755128617,6.0,0,0.0,0.0
CustomerId_4333,280182.0,2334.85,3274.83,10.0,20000.0,120,0,0.0,4,2,2334.85,1.4025868893493858,12.543198240095165,7.756131129557651,12.2,86,0.09166666666666666,0.20833333333333334
CustomerId_4334,10500.0,954.55,471.94,500.0,2000.0,11,0,0.0,2,2,954.5454545454545,0.49441097847738624,9.259225769705994,6.8622870909349905,10.363636363636363,4,0.09090909090909091,0.0
CustomerId_4335,1510.0,503.33,495.01,10.0,1000.0,3,0,0.0,2,2,503.3333333333333,0.9834700872519618,7.32052696227274,6.223230815713077,20.0,0,0.0,0.0
CustomerId_4336,471120.5,1393.85,2299.07,10.0,15000.0,338,0,0.0,4,3,1393.8476331360946,1.649438604118493,13.062871301515575,7.240542161592316,13.23076923076923,18,0.01775147928994083,0.10650887573964497
CustomerId_4337,301700.0,11174.07,26187.11,50.0,90000.0,27,0,0.0,3,2,11174.074074074075,2.3435605824606824,12.617191739692538,9.321440683444253,14.444444444444445,41,0.0,0.18518518518518517
CustomerId_4338,12140.0,1011.67,1339.07,20.0,5000.0,12,0,0.0,2,2,1011.6666666666666,1.3236233145950524,9.404343433543975,6.920345686121427,10.166666666666666,1,0.08333333333333333,0.0
CustomerId_4340,14000.0,4666.67,4618.8,2000.0,10000.0,3,0,0.0,2,2,4666.666666666667,0.989742149972091,9.546884034617925,8.448415296820098,14.333333333333334,31,0.0,0.3333333333333333
CustomerId_4341,3040.0,1013.33,980.07,40.0,2000.0,3,0,0.0,2,2,1013.3333333333334,0.9671775226558204,8.019941687677365,6.921983574992768,19.0,0,0.0,0.0
CustomerId_4342,16000.0,5333.33,4509.25,1000.0,10000.0,3,0,0.0,2,2,5333.333333333333,0.8454849032695361,9.680406499268875,8.581918570094851,19.0,0,0.0,0.0
CustomerId_4343,356429.0,39603.22,37972.95,800.0,90000.0,9,0,0.0,3,2,39603.22222222222,0.9588349128944859,12.783893146120443,10.586690957221421,13.222222222222221,1,0.0,0.6666666666666666
CustomerId_4344,270000.0,90000.0,0.0,90000.0,90000.0,3,0,0.0,1,1,90000.0,0.0,12.506180941677357,11.407576060361786,10.666666666666666,0,0.0,0.0
CustomerId_4346,94672.35,1262.3,1659.68,20.0,5500.0,75,0,0.0,4,2,1262.298,1.3148063049078615,11.45818782457482,7.141482623835992,13.72,76,0.02666666666666667,0.48
CustomerId_4347,275025.0,3928.93,3766.42,25.0,12000.0,70,0,0.0,3,2,3928.9285714285716,0.9586375931974769,12.524620917634113,8.276376892999842,16.02857142857143,87,0.18571428571428572,0.18571428571428572
CustomerId_4348,22318.0,3188.29,3408.73,496.0,10000.0,7,0,0.0,3,2,3188.285714285714,1.0691405107223182,10.013193612624185,8.067553600473477,14.714285714285714,0,0.0,0.0
CustomerId_4349,74935.0,1248.92,2188.14,10.0,10000.0,60,0,0.0,3,2,1248.9166666666667,1.7520257488453814,11.224389694888966,7.130834828248259,12.766666666666667,8,0.03333333333333333,0.0
CustomerId_435,4500.0,1500.0,866.03,500.0,2000.0,3,0,0.0,1,1,1500.0,0.577353332948431,8.412054873292933,7.313886831633462,10.0,0,0.0,0.0
CustomerId_4351,6060.0,606.0,560.72,20.0,2000.0,10,0,0.0,2,2,606.0,0.9252805265259397,8.709630081951286,6.408528791059498,5.5,3,0.6,0.7
CustomerId_4353,34721.0,1335.42,2453.31,16.0,11500.0,26,0,0.0,2,2,1335.423076923077,1.8371074255012596,10.455128770801894,7.197749675949786,11.26923076923077,17,0.0,0.34615384615384615
CustomerId_4355,2300.0,575.0,50.0,500.0,600.0,4,0,0.0,1,1,575.0,0.08695652158790171,7.741099090035366,6.3561076606958915,9.0,0,0.0,1.0
CustomerId_4356,4040.0,1010.0,800.25,40.0,2000.0,4,0,0.0,2,2,1010.0,0.7923267318887854,8.304247465078474,6.918695219020472,13.0,0,0.0,1.0
CustomerId_4357,46748.0,1016.26,1273.25,20.0,7000.0,46,0,0.0,2,2,1016.2608695652174,1.2528781992276798,10.752548144113725,6.924868017258647,15.891304347826088,62,0.08695652173913043,0.34782608695652173
CustomerId_4358,2520.0,420.0,371.97,10.0,1000.0,6,0,0.0,2,2,420.0,0.8856428550341837,7.83241092718792,6.042632833682381,12.833333333333334,2,0.0,0.16666666666666666
CustomerId_436,142000.0,7473.68,2988.28,1000.0,11000.0,19,0,0.0,2,2,7473.684210526316,0.39984050689889844,11.863589378812122,8.919276587977992,11.526315789473685,25,0.10526315789473684,0.10526315789473684
CustomerId_4360,32000.0,6400.0,3781.53,1000.0,10000.0,5,0,0.0,2,2,6400.0,0.5908640624076775,10.373522431293592,8.764209507142004,17.0,0,0.0,0.0
CustomerId_4361,50000.0,50000.0,0.0,50000.0,50000.0,1,0,0.0,1,1,50000.0,0.0,10.819798284210286,10.819798284210286,21.0,0,0.0,0.0
CustomerId_4362,2000.0,2000.0,0.0,2000.0,2000.0,1,0,0.0,1,1,2000.0,0.0,7.601402334583733,7.601402334583733,11.0,0,0.0,0.0
CustomerId_4363,87210.0,3964.09,4799.81,10.0,11000.0,22,0,0.0,3,2,3964.090909090909,1.210822660128599,11.376085748730224,8.285283832424202,12.909090909090908,10,0.0,0.045454545454545456
CustomerId_4364,83250.0,1570.75,5569.48,8.0,40000.0,53,0,0.0,3,2,1570.754716981132,3.5457456606425297,11.32961541978256,7.359944927263171,11.716981132075471,14,0.2641509433962264,0.39622641509433965
CustomerId_4365,32000.0,5333.33,4033.2,1000.0,10000.0,6,0,0.0,2,2,5333.333333333333,0.756225472499128,10.373522431293592,8.581918570094851,19.0,0,0.0,0.0
CustomerId_4367,1500.0,500.0,0.0,500.0,500.0,3,0,0.0,1,1,500.0,0.0,7.313886831633462,6.2166061010848646,14.0,0,0.0,0.0
CustomerId_4368,31000.0,4428.57,2878.49,2000.0,10000.0,7,0,0.0,2,2,4428.571428571428,0.6499818224280113,10.34177474101152,8.396057792865271,6.428571428571429,2,0.5714285714285714,0.14285714285714285
CustomerId_4369,2000.0,2000.0,0.0,2000.0,2000.0,1,0,0.0,1,1,2000.0,0.0,7.601402334583733,7.601402334583733,20.0,0,0.0,0.0
CustomerId_437,24785.0,4957.0,8441.53,85.0,20000.0,5,0,0.0,2,2,4957.0,1.7029513815406594,10.118034256624819,8.508757712595136,12.6,11,0.0,0.0
CustomerId_4370,22654.0,1258.56,2491.76,8.0,11000.0,18,0,0.0,3,2,1258.5555555555557,1.9798499857139509,10.028135857101239,7.138517732609582,11.11111111111111,53,0.05555555555555555,0.16666666666666666
CustomerId_4371,3027560.0,10297.82,11214.89,20.0,90000.0,294,0,0.0,3,2,10297.823129251701,1.0890547707098148,14.923267902843893,9.239784604548078,12.139455782312925,88,0.11564625850340136,0.20408163265306123
CustomerId_4373,73000.0,36500.0,50204.58,1000.0,72000.0,2,0,0.0,2,1,36500.0,1.3754679451677954,11.19822841866684,10.505094936455558,11.0,6,0.0,0.0
CustomerId_4374,62000.0,6888.89,3257.47,1000.0,10000.0,9,0,0.0,2,2,6888.888888888889,0.4728584720509605,11.034905792929415,8.837810398713351,16.666666666666668,6,0.0,0.0
CustomerId_4376,24000.0,4800.0,8497.06,1000.0,20000.0,5,0,0.0,2,1,4800.0,1.770220832964537,10.085850775128717,8.476579508530941,15.0,22,0.0,0.6
CustomerId_4377,10000.0,10000.0,0.0,10000.0,10000.0,1,0,0.0,1,1,10000.0,0.0,9.210440366976517,9.210440366976517,6.0,0,0.0,0.0
CustomerId_4378,7500.0,2500.0,1322.88,1500.0,4000.0,3,0,0.0,1,1,2500.0,0.5291519997883393,8.922791623969637,7.824445930877619,9.0,0,0.0,0.0
CustomerId_4379,4600.0,766.67,587.93,50.0,1500.0,6,0,0.0,2,2,766.6666666666666,0.7668618822089531,8.434028950155469,6.643359953305545,10.0,19,0.0,0.0
CustomerId_4380,126854.0,5285.58,6223.23,100.0,28000.0,24,0,0.0,3,2,5285.583333333333,1.1773977498822459,11.750799980884432,8.572926812943733,10.125,62,0.125,0.25
CustomerId_4381,31000.0,6200.0,3834.06,1000.0,10000.0,5,0,0.0,2,2,6200.0,0.6183967740938069,10.34177474101152,8.732465848349879,18.0,0,0.0,0.0
CustomerId_4382,500.0,500.0,0.0,500.0,500.0,1,0,0.0,1,1,500.0,0.0,6.2166061010848646,6.2166061010848646,8.0,0,0.0,1.0
CustomerId_4383,85250.0,2304.05,1850.89,150.0,5000.0,37,0,0.0,2,2,2304.054054054054,0.8033202400975151,11.353355125282244,7.742857647169451,16.16216216216216,35,0.05405405405405406,0.13513513513513514
CustomerId_4384,139034.0,1168.35,1625.12,10.0,11000.0,119,0,0.0,3,2,1168.3529411764705,1.3909530522609208,11.842480978978042,7.0642033178580785,12.638655462184873,89,0.20168067226890757,0.2857142857142857
CustomerId_4386,1500.0,500.0,0.0,500.0,500.0,3,0,0.0,2,1,500.0,0.0,7.313886831633462,6.2166061010848646,12.666666666666666,0,0.0,0.0
CustomerId_4387,42000.0,7000.0,3949.68,1000.0,11000.0,6,0,0.0,2,2,7000.0,0.5642399999193942,10.645448706505872,8.853808274977197,16.0,0,0.0,0.0
CustomerId_4388,62000.0,8857.14,6094.49,1000.0,20000.0,7,0,0.0,2,2,8857.142857142857,0.6880878025312812,11.034905792929415,9.089092089280351,15.0,0,0.0,0.0
CustomerId_4389,42000.0,7000.0,3687.82,1000.0,10000.0,6,0,0.0,2,2,7000.0,0.5268314284961669,10.645448706505872,8.853808274977197,11.0,0,0.0,0.0
CustomerId_4390,36503.0,1921.21,2982.03,20.0,11000.0,19,0,0.0,2,2,1921.2105263157894,1.5521624384881598,10.505177122607238,7.561230844747933,11.473684210526315,37,0.0,0.0
CustomerId_4391,450040.0,23686.32,36870.07,20.0,90000.0,19,2,0.11,2,2,23686.315789473683,1.5565976478593297,13.017093968707249,10.07269516285132,20.894736842105264,0,0.2631578947368421,0.0
CustomerId_4392,253820.0,6508.21,3638.42,10.0,10000.0,39,0,0.0,2,2,6508.205128205128,0.5590507988280877,12.444384573156253,8.78097337607238,10.820512820512821,48,0.07692307692307693,0.0
CustomerId_4393,11560.0,550.48,445.75,25.0,1200.0,21,0,0.0,2,2,550.4761904761905,0.8097478549452335,9.355392643675321,6.312605573303428,11.095238095238095,15,0.0,0.19047619047619047
CustomerId_4394,20000.0,20000.0,0.0,20000.0,20000.0,1,0,0.0,1,1,20000.0,0.0,9.90353755128617,9.90353755128617,20.0,0,0.0,1.0
CustomerId_4395,74335.0,2397.9,2509.25,14.0,10000.0,31,0,0.0,3,3,2397.9032258064517,1.0464364648040216,11.216350635570135,7.782765577935876,9.870967741935484,29,0.16129032258064516,0.22580645161290322
CustomerId_4396,117460.0,3670.62,5628.73,50.0,19000.0,32,0,0.0,3,2,3670.625,1.5334548382743365,11.673861642576794,8.208388260546572,12.4375,49,0.09375,0.1875
CustomerId_4398,4050.0,1012.5,796.22,50.0,2000.0,4,0,0.0,2,2,1012.5,0.7863901226801085,8.30671904320269,6.921164965892054,22.0,0,1.0,0.0
CustomerId_4399,32190.0,3576.67,4196.56,50.0,10000.0,9,0,0.0,2,2,3576.6666666666665,1.1733148428081668,10.379442189358636,8.182467029518934,14.555555555555555,6,0.1111111111111111,0.3333333333333333
CustomerId_440,500.0,500.0,0.0,500.0,500.0,1,0,0.0,1,1,500.0,0.0,6.2166061010848646,6.2166061010848646,21.0,0,0.0,0.0
CustomerId_4401,70000.0,2333.33,5420.67,20.0,30000.0,30,0,0.0,2,2,2333.3333333333335,2.323147603500942,11.156264806643742,7.755480191026942,12.133333333333333,13,0.16666666666666666,0.2
CustomerId_4402,500.0,500.0,0.0,500.0,500.0,1,0,0.0,1,1,500.0,0.0,6.2166061010848646,6.2166061010848646,6.0,0,0.0,0.0
CustomerId_4403,5010.0,626.25,351.04,10.0,1000.0,8,0,0.0,2,2,626.25,0.5605429132765782,8.519390774959724,6.441345185246532,14.875,16,0.0,0.625
CustomerId_4406,203846.25,1712.99,2675.22,10.0,20000.0,119,0,0.0,3,3,1712.9936974789916,1.56172540320625,12.2251262178449,7.4465792648349876,11.672268907563025,89,0.12605042016806722,0.16806722689075632
CustomerId_4408,51968.0,1856.0,2908.27,10.0,11000.0,28,0,0.0,4,2,1856.0,1.5669558181212522,10.85840266594705,7.526717561352706,12.107142857142858,16,0.10714285714285714,0.10714285714285714
CustomerId_4409,2000.0,2000.0,0.0,2000.0,2000.0,1,0,0.0,1,1,2000.0,0.0,7.601402334583733,7.601402334583733,22.0,0,1.0,1.0
CustomerId_4412,2000.0,1000.0,0.0,1000.0,1000.0,2,0,0.0,2,2,1000.0,0.0,7.601402334583733,6.90875477931522,16.0,0,0.0,0.0
CustomerId_4413,29820.0,2710.91,7397.71,10.0,25000.0,11,0,0.0,2,2,2710.909090909091,2.7288659517546265,10.302968122297036,7.905408462668916,13.363636363636363,1,0.18181818181818182,0.8181818181818182
CustomerId_4414,293609.0,6828.12,6388.52,40.0,20000.0,43,0,0.0,4,2,6828.116279069767,0.9356191746870853,12.590007635087975,8.828951100925606,9.906976744186046,69,0.18604651162790697,0.3953488372093023
CustomerId_4415,2000.0,2000.0,0.0,2000.0,2000.0,1,0,0.0,1,1,2000.0,0.0,7.601402334583733,7.601402334583733,6.0,0,0.0,1.0
CustomerId_4416,60404.0,1510.1,1925.87,20.0,10000.0,40,0,0.0,2,2,1510.1,1.275326136497367,11.008827161953665,7.320593141419715,8.125,82,0.175,0.1
CustomerId_4417,83835.0,921.26,1700.95,10.0,10000.0,91,0,0.0,2,3,921.2637362637363,1.846330024264236,11.33661778849305,6.826827179464896,9.142857142857142,11,0.13186813186813187,0.15384615384615385
CustomerId_4418,4000.0,2000.0,0.0,2000.0,2000.0,2,0,0.0,1,1,2000.0,0.0,8.294299608857235,7.601402334583733,22.0,0,1.0,0.0
CustomerId_442,75650.0,2292.42,2122.61,100.0,6000.0,33,0,0.0,2,2,2292.4242424242425,0.9259254408328643,11.233885937899789,7.737799432242904,12.030303030303031,49,0.06060606060606061,0.3333333333333333
CustomerId_4420,122825.0,6464.47,4015.99,125.0,10000.0,19,0,0.0,3,2,6464.473684210527,0.6212404109507444,11.718523998668676,8.774230987712768,6.473684210526316,13,0.15789473684210525,0.0
CustomerId_4421,170390.0,1893.22,1588.06,15.0,6000.0,90,0,0.0,2,2,1893.2222222222222,0.8388142947788347,12.045851075081082,7.546562423283404,12.9,83,0.022222222222222223,0.2222222222222222
CustomerId_4422,10000.0,10000.0,0.0,10000.0,10000.0,1,0,0.0,1,1,10000.0,0.0,9.210440366976517,9.210440366976517,9.0,0,0.0,1.0
CustomerId_4423,1000.0,1000.0,0.0,1000.0,1000.0,1,0,0.0,1,1,1000.0,0.0,6.90875477931522,6.90875477931522,6.0,0,0.0,0.0
CustomerId_4424,101480.0,4612.73,5807.73,20.0,20000.0,22,0,0.0,2,2,4612.727272727273,1.2590656723330726,11.527626867823122,8.436791919466213,12.227272727272727,26,0.13636363636363635,0.2727272727272727
CustomerId_4425,31200.0,6240.0,3883.68,1000.0,10100.0,5,0,0.0,2,2,6240.0,0.6223846152848742,10.348205424565993,8.738895704934043,13.0,0,0.0,0.0
CustomerId_4426,44998.0,1323.47,1858.46,10.0,9000.0,34,0,0.0,2,2,1323.4705882352941,1.4042328111674365,10.714395546283317,7.188767658398983,12.941176470588236,6,0.058823529411764705,0.17647058823529413
CustomerId_4427,14930.0,1244.17,1339.03,25.0,4000.0,12,0,0.0,2,2,1244.1666666666667,1.0762435992860753,9.611194867526663,7.127027345761965,11.333333333333334,12,0.16666666666666666,0.5
CustomerId_4428,23738.0,1582.53,2491.71,28.0,10000.0,15,0,0.0,2,2,1582.5333333333333,1.5745104348261894,10.074874544277304,7.367411811173405,12.8,69,0.13333333333333333,0.3333333333333333
CustomerId_4429,25175.0,968.27,1236.12,10.0,5000.0,26,0,0.0,3,2,968.2692307692307,1.276627385670704,10.133646438744243,6.87654321084937,10.807692307692308,73,0.0,0.11538461538461539
CustomerId_443,77644.0,15528.8,8362.07,644.0,20000.0,5,0,0.0,2,2,15528.8,0.538487841910612,11.259902435003289,9.650516037759742,7.8,0,0.0,0.0
CustomerId_4430,28310.0,1665.29,4759.87,10.0,20000.0,17,0,0.0,3,2,1665.2941176470588,2.858282939993465,10.251005700689444,7.418354877206279,14.882352941176471,32,0.0,0.23529411764705882
CustomerId_4431,224713.0,1904.35,3642.88,12.0,25000.0,118,0,0.0,5,3,1904.3474576271187,1.9129256691716725,12.322583761528476,7.552420997719177,10.745762711864407,61,0.07627118644067797,0.2796610169491525
CustomerId_4433,32000.0,6400.0,3781.53,1000.0,10000.0,5,0,0.0,2,2,6400.0,0.5908640624076775,10.373522431293592,8.764209507142004,9.8,0,0.0,0.0
CustomerId_4434,7150.0,715.0,458.89,50.0,1000.0,10,0,0.0,2,2,715.0,0.6418041949065676,8.875007486048396,6.573680166960646,16.9,17,0.0,0.5
CustomerId_4435,6040.0,755.0,453.65,20.0,1000.0,8,0,0.0,2,2,755.0,0.6008609263564756,8.706324840138741,6.628041376179533,16.625,0,0.0,0.0
CustomerId_4436,2000.0,2000.0,0.0,2000.0,2000.0,1,0,0.0,1,1,2000.0,0.0,7.601402334583733,7.601402334583733,14.0,0,0.0,1.0
CustomerId_4437,411800.0,7353.57,3627.52,500.0,20000.0,56,0,0.0,2,2,7353.571428571428,0.49330053287133996,12.92829550193616,8.90307716769629,9.589285714285714,73,0.26785714285714285,0.03571428571428571
CustomerId_4438,1203685.0,8244.42,15502.03,20.0,90000.0,146,0,0.0,5,2,8244.417808219177,1.8803057095732258,14.00089907349517,9.017413173659918,11.438356164383562,59,0.11643835616438356,0.2671232876712329
CustomerId_444,82425.0,1682.14,3429.89,10.0,20000.0,49,0,0.0,2,2,1682.142857142857,2.039003886692544,11.319656200107769,7.428416375520211,13.142857142857142,46,0.10204081632653061,0.3469387755102041
CustomerId_4440,4040.0,1010.0,800.25,40.0,2000.0,4,0,0.0,2,2,1010.0,0.7923267318887854,8.304247465078474,6.918695219020472,18.0,0,0.0,0.0
CustomerId_4442,27350.0,943.1,1145.7,50.0,5000.0,29,0,0.0,2,2,943.1034482758621,1.214823453276616,10.216508370253013,6.850232092738471,11.379310344827585,89,0.10344827586206896,0.1724137931034483
CustomerId_4443,373400.0,6550.88,3480.77,200.0,10000.0,57,0,0.0,2,2,6550.877192982456,0.5313438804357057,12.830408188179371,8.787507310346868,8.719298245614034,81,0.43859649122807015,0.017543859649122806
CustomerId_4444,500.0,500.0,0.0,500.0,500.0,1,0,0.0,1,1,500.0,0.0,6.2166061010848646,6.2166061010848646,4.0,0,1.0,1.0
CustomerId_4445,13000.0,1857.14,988.02,1000.0,4000.0,7,0,0.0,1,1,1857.142857142857,0.5320115874236666,9.472781556562168,7.527331266373664,8.142857142857142,4,0.0,0.14285714285714285
CustomerId_4446,1000.0,500.0,0.0,500.0,500.0,2,0,0.0,1,1,500.0,0.0,6.90875477931522,6.2166061010848646,22.0,0,1.0,0.0
CustomerId_4447,2000.0,2000.0,0.0,2000.0,2000.0,1,0,0.0,1,1,2000.0,0.0,7.601402334583733,7.601402334583733,8.0,0,0.0,0.0
CustomerId_4449,50734.0,3902.62,6139.36,25.0,20000.0,13,0,0.0,4,2,3902.6153846153848,1.5731380453200317,10.834371286713184,8.269659606729947,17.23076923076923,0,0.0,0.0
CustomerId_4450,4050.0,810.0,424.85,50.0,1000.0,5,0,0.0,2,2,810.0,0.5245061721919677,8.30671904320269,6.698268054115413,17.2,31,0.0,0.0
CustomerId_4451,5700.0,950.0,225.83,500.0,1100.0,6,0,0.0,1,1,950.0,0.23771578922345707,8.648396877031582,6.85751406254539,12.166666666666666,38,0.0,0.0
CustomerId_4453,2076540.0,38454.44,40952.13,10.0,90000.0,54,12,0.22,3,2,38454.444444444445,1.0649519275000505,14.546214086620843,10.557255447370826,13.555555555555555,14,0.018518518518518517,0.0
CustomerId_4454,1754040.0,48723.33,40976.41,40.0,90000.0,36,2,0.06,2,2,48723.333333333336,0.8410018362693806,14.377432826783602,10.793933773639866,13.63888888888889,5,0.0,0.6944444444444444
CustomerId_4455,4590.0,459.0,488.18,10.0,1000.0,10,0,0.0,2,2,459.0,1.0635729824323028,8.431853144249223,6.131226489483141,12.6,44,0.1,0.7
CustomerId_4456,239898.0,7269.64,15839.53,20.0,70000.0,33,0,0.0,4,2,7269.636363636364,2.1788603008981378,12.387973280415597,8.891599599665266,13.212121212121213,45,0.06060606060606061,0.21212121212121213
CustomerId_4457,500.0,500.0,0.0,500.0,500.0,1,0,0.0,1,1,500.0,0.0,6.2166061010848646,6.2166061010848646,8.0,0,0.0,0.0
CustomerId_4458,32000.0,6400.0,3781.53,1000.0,10000.0,5,0,0.0,2,2,6400.0,0.5908640624076775,10.373522431293592,8.764209507142004,9.0,0,0.0,0.0
CustomerId_4459,1000.0,1000.0,0.0,1000.0,1000.0,1,0,0.0,1,1,1000.0,0.0,6.90875477931522,6.90875477931522,14.0,0,0.0,0.0
CustomerId_446,182000.0,7000.0,3019.93,1000.0,10000.0,26,0,0.0,2,2,7000.0,0.4314185713669402,12.111767460549332,8.853808274977197,9.538461538461538,42,0.0,0.0
CustomerId_4461,6500.0,3250.0,1767.77,2000.0,4500.0,2,0,0.0,1,1,3250.0,0.5439292306018679,8.77971129020447,8.086717920303906,15.5,10,0.0,0.5
CustomerId_4462,80000.0,40000.0,42426.41,10000.0,70000.0,2,0,0.0,1,1,40000.0,1.0606602499734836,11.289794413577894,10.596659732783579,8.5,48,0.0,0.0
CustomerId_4465,1000.0,1000.0,0.0,1000.0,1000.0,1,0,0.0,1,1,1000.0,0.0,6.90875477931522,6.90875477931522,22.0,0,1.0,1.0
CustomerId_4466,122804.0,11164.0,18509.72,16.0,65000.0,11,0,0.0,3,2,11164.0,1.65798280171462,11.718353010478658,9.320539164274258,14.0,33,0.0,0.5454545454545454
CustomerId_4468,1000.0,1000.0,0.0,1000.0,1000.0,1,0,0.0,1,1,1000.0,0.0,6.90875477931522,6.90875477931522,11.0,0,0.0,0.0
CustomerId_4469,102000.0,5368.42,3759.59,1000.0,11000.0,19,0,0.0,2,2,5368.421052631579,0.7003159215001218,11.532737896139919,8.588475174220896,14.631578947368421,18,0.0,0.05263157894736842
CustomerId_447,21000.0,5250.0,3685.56,1000.0,10000.0,4,0,0.0,2,2,5250.0,0.702011428437712,9.952325334619427,8.566173813637858,8.25,0,0.0,0.0
CustomerId_4471,39400.0,1407.14,1493.47,50.0,5000.0,28,0,0.0,3,2,1407.142857142857,1.061351392852629,10.5815464756746,7.250024963593154,13.535714285714286,9,0.35714285714285715,0.14285714285714285
CustomerId_4472,65500.0,1110.17,1995.09,10.0,10000.0,59,0,0.0,2,2,1110.1694915254238,1.797103144746207,11.089820688682373,7.013168793235513,12.457627118644067,37,0.1016949152542373,0.3898305084745763
CustomerId_4473,333800.6,4172.51,10704.32,10.0,51822.0,80,0,0.0,3,3,4172.5075,2.565439027691859,12.718302083487778,8.336512687358365,12.15,86,0.0375,0.15
CustomerId_4476,522000.0,47454.55,32952.58,1000.0,90000.0,11,0,0.0,1,1,47454.545454545456,0.6944029602915969,13.165424782571753,10.76754876242473,15.0,0,0.0,0.0
CustomerId_4477,700.0,700.0,0.0,700.0,700.0,1,0,0.0,1,1,700.0,0.0,6.55250788703459,6.55250788703459,10.0,0,0.0,0.0
CustomerId_448,271838.0,1742.55,6715.7,10.0,66000.0,156,0,0.0,5,2,1742.551282051282,3.853949669246822,12.512965258264503,7.46367854365116,15.621794871794872,1,0.0,0.00641025641025641
CustomerId_4481,10000.0,10000.0,0.0,10000.0,10000.0,1,0,0.0,1,1,10000.0,0.0,9.210440366976517,9.210440366976517,6.0,0,0.0,1.0
CustomerId_4482,3050.0,762.5,475.0,50.0,1000.0,4,0,0.0,2,2,762.5,0.6229508188551465,8.02322468471667,6.637913124658687,6.75,43,0.25,0.75
CustomerId_4483,6250.0,2083.33,2553.59,250.0,5000.0,3,0,0.0,2,2,2083.3333333333335,1.225725160571909,8.740496729931813,7.6422027396655405,12.0,0,0.0,1.0
CustomerId_4484,102000.0,7846.15,3782.55,1000.0,15000.0,13,0,0.0,2,2,7846.153846153846,0.48208994213950923,11.532737896139919,8.967905687530347,13.307692307692308,18,0.0,0.07692307692307693
CustomerId_4485,567920.0,56792.0,43168.99,1000.0,90000.0,10,0,0.0,4,2,56792.0,0.7601244893513148,13.2497376035231,10.94716835767802,16.6,37,0.2,0.2
CustomerId_4486,808000.0,7844.66,8653.75,500.0,90000.0,103,0,0.0,2,2,7844.660194174758,1.1031389504321234,13.60231857512623,8.967715791647521,6.854368932038835,42,0.019417475728155338,0.04854368932038835
CustomerId_4487,62000.0,6888.89,3257.47,1000.0,10000.0,9,0,0.0,2,2,6888.888888888889,0.4728584720509605,11.034905792929415,8.837810398713351,10.88888888888889,6,0.0,0.0
CustomerId_4488,32000.0,5333.33,3842.74,1000.0,10000.0,6,0,0.0,2,2,5333.333333333333,0.7205142001862787,10.373522431293592,8.581918570094851,12.0,0,0.0,0.0
CustomerId_4489,1000.0,1000.0,0.0,1000.0,1000.0,1,0,0.0,1,1,1000.0,0.0,6.90875477931522,6.90875477931522,20.0,0,0.0,0.0
CustomerId_449,122000.0,7625.0,3074.09,1000.0,11000.0,16,0,0.0,2,2,7625.0,0.40315934420942173,11.711784520403112,8.939318740417509,13.125,16,0.3125,0.125
CustomerId_4490,21200.0,1514.29,2592.96,20.0,10000.0,14,0,0.0,2,2,1514.2857142857142,1.7123272281317796,9.961803629358965,7.323362118767077,15.071428571428571,5,0.0,0.14285714285714285
CustomerId_4492,62000.0,6200.0,3521.36,1000.0,10000.0,10,0,0.0,2,2,6200.0,0.567961290230974,11.034905792929415,8.732465848349879,13.0,6,0.0,0.0
CustomerId_4493,1000.0,1000.0,0.0,1000.0,1000.0,1,0,0.0,1,1,1000.0,0.0,6.90875477931522,6.90875477931522,16.0,0,0.0,0.0
CustomerId_4494,10000.0,10000.0,0.0,10000.0,10000.0,1,0,0.0,1,1,10000.0,0.0,9.210440366976517,9.210440366976517,14.0,0,0.0,0.0
CustomerId_4495,1050.0,525.0,671.75,50.0,1000.0,2,0,0.0,2,2,525.0,1.2795238070866213,6.957497370876951,6.26530121273771,17.0,0,0.0,0.0
CustomerId_4497,10000.0,10000.0,0.0,10000.0,10000.0,1,0,0.0,1,1,10000.0,0.0,9.210440366976517,9.210440366976517,18.0,0,0.0,0.0
CustomerId_4498,1000.0,1000.0,0.0,1000.0,1000.0,1,0,0.0,1,1,1000.0,0.0,6.90875477931522,6.90875477931522,8.0,0,0.0,1.0
CustomerId_4499,60000.0,10000.0,5477.23,5000.0,20000.0,6,0,0.0,2,2,10000.0,0.5477229999452277,11.002116507732017,9.210440366976517,6.5,0,0.0,0.0
CustomerId_450,2550.0,850.0,736.55,50.0,1500.0,3,0,0.0,2,2,850.0,0.8665294107452595,7.844240718141811,6.7464121285733745,9.0,0,0.0,0.0
CustomerId_4500,31000.0,7750.0,6075.91,1000.0,15000.0,4,0,0.0,2,2,7750.0,0.7839883869956144,10.34177474101152,8.955577146281511,16.0,0,0.0,0.0
CustomerId_4501,19450.0,1144.12,1058.98,25.0,3000.0,17,0,0.0,2,2,1144.1176470588234,0.9255847280656009,9.875653761606692,7.043264713990287,15.705882352941176,66,0.0,0.35294117647058826
CustomerId_4502,160388.5,1205.93,4672.71,10.0,50000.0,133,0,0.0,5,2,1205.9285714285713,3.8747771397388093,11.985360510925231,7.095835224386757,10.338345864661655,11,0.09022556390977443,0.0
CustomerId_4504,13560.0,1232.73,1433.04,10.0,5000.0,11,0,0.0,2,2,1232.7272727272727,1.16249300239104,9.514953305087944,7.117797379876681,13.181818181818182,11,0.18181818181818182,0.09090909090909091
CustomerId_4505,68951.0,1467.04,3081.06,25.0,18000.0,47,0,0.0,2,2,1467.0425531914893,2.100188132497963,11.141165889327235,7.291683456759645,14.553191489361701,82,0.0,0.2553191489361702
CustomerId_4507,1000.0,1000.0,0.0,1000.0,1000.0,1,0,0.0,1,1,1000.0,0.0,6.90875477931522,6.90875477931522,10.0,0,0.0,1.0
CustomerId_4510,287150.0,8973.44,14680.29,25.0,50000.0,32,0,0.0,3,2,8973.4375,1.6359712661325008,12.567763488786815,9.102135815866621,13.625,36,0.03125,0.125
CustomerId_4512,11080.0,1007.27,1064.98,20.0,3000.0,11,0,0.0,2,2,1007.2727272727273,1.0572934753767178,9.312987208936326,6.9159912699068515,14.272727272727273,0,0.0,0.0
CustomerId_4513,1000.0,1000.0,0.0,1000.0,1000.0,1,0,0.0,1,1,1000.0,0.0,6.90875477931522,6.90875477931522,13.0,0,0.0,1.0
CustomerId_4517,4500.0,642.86,243.98,500.0,1000.0,7,0,0.0,2,1,642.8571428571429,0.3795227570862664,8.412054873292933,6.4674813111670915,6.285714285714286,0,0.0,0.0
CustomerId_4518,276959.5,1668.43,2827.24,10.0,10000.0,166,0,0.0,3,3,1668.4307228915663,1.6945511638519137,12.531630175723253,7.420237529783502,11.114457831325302,57,0.06626506024096386,0.19879518072289157
CustomerId_4519,3000.0,1500.0,707.11,1000.0,2000.0,2,0,0.0,2,1,1500.0,0.47140666635239553,8.006700845440367,7.313886831633462,7.5,7,0.0,1.0
CustomerId_452,1000.0,1000.0,0.0,1000.0,1000.0,1,0,0.0,1,1,1000.0,0.0,6.90875477931522,6.90875477931522,6.0,0,0.0,0.0
CustomerId_4520,4100.0,1366.67,1096.97,100.0,2000.0,3,0,0.0,2,2,1366.6666666666667,0.8026590173175242,8.31898612539206,7.220863841012149,15.0,0,0.0,0.0
CustomerId_4524,32000.0,6400.0,3781.53,1000.0,10000.0,5,0,0.0,2,2,6400.0,0.5908640624076775,10.373522431293592,8.764209507142004,12.0,0,0.0,0.0
CustomerId_4525,397380.0,4464.94,3753.62,10.0,10000.0,89,0,0.0,2,2,4464.943820224719,0.840687668626972,12.892650797186878,8.404234997468834,11.07865168539326,87,0.20224719101123595,0.1348314606741573
CustomerId_4526,79350.05,835.26,901.16,4.6,4000.0,95,0,0.0,3,2,835.2636842105263,1.078897587483062,11.281636958381183,6.728939569517427,13.378947368421052,72,0.042105263157894736,0.2631578947368421
CustomerId_4527,72000.0,7200.0,3392.8,1000.0,11000.0,10,0,0.0,2,2,7200.0,0.4712222221567747,11.184435286790631,8.881975184248867,13.0,35,0.0,0.0
CustomerId_4528,5020.0,1004.0,700.06,20.0,2000.0,5,0,0.0,2,2,1004.0,0.6972709156401684,8.521384396034705,6.912742820493176,12.8,41,0.0,0.0
CustomerId_453,236000.0,9076.92,16986.28,500.0,90000.0,26,0,0.0,2,3,9076.923076923076,1.8713704646651759,12.371591321286905,9.11360037046381,12.692307692307692,70,0.4230769230769231,0.0
CustomerId_4531,1000.0,1000.0,0.0,1000.0,1000.0,1,0,0.0,1,1,1000.0,0.0,6.90875477931522,6.90875477931522,12.0,0,0.0,0.0
CustomerId_4532,500.0,500.0,0.0,500.0,500.0,1,0,0.0,1,1,500.0,0.0,6.2166061010848646,6.2166061010848646,7.0,0,0.0,0.0
CustomerId_4533,32000.0,6400.0,3781.53,1000.0,10000.0,5,0,0.0,2,2,6400.0,0.5908640624076775,10.373522431293592,8.764209507142004,19.0,0,0.0,0.0
CustomerId_4534,2000.0,2000.0,0.0,2000.0,2000.0,1,0,0.0,1,1,2000.0,0.0,7.601402334583733,7.601402334583733,10.0,0,0.0,0.0
CustomerId_4537,2000.0,1000.0,0.0,1000.0,1000.0,2,0,0.0,1,1,1000.0,0.0,7.601402334583733,6.90875477931522,6.0,0,0.0,0.0
CustomerId_4538,34550.0,6910.0,8209.17,550.0,20000.0,5,0,0.0,4,1,6910.0,1.1880130244300993,10.450191772337018,8.840869624091395,18.2,32,0.0,0.4
CustomerId_4539,62000.0,6200.0,3614.78,1000.0,10000.0,10,0,0.0,2,2,6200.0,0.5830290321640276,11.034905792929415,8.732465848349879,16.1,14,0.0,0.0
CustomerId_4540,124302.0,2486.04,3773.71,20.0,20000.0,50,0,0.0,4,2,2486.04,1.517960289650223,11.730477412364433,7.818848527308966,10.52,67,0.28,0.28
CustomerId_4541,82000.0,8200.0,3155.24,1000.0,10000.0,10,0,0.0,2,2,8200.0,0.38478536580673345,11.314486721293981,9.012011377036412,16.0,0,0.0,0.0
CustomerId_4542,58774.0,3265.22,4934.75,20.0,20000.0,18,0,0.0,4,2,3265.222222222222,1.511307047760547,10.981471873408271,8.091388631947636,13.666666666666666,19,0.16666666666666666,0.05555555555555555
CustomerId_4543,142000.0,6173.91,3734.27,500.0,10000.0,23,0,0.0,2,2,6173.913043478261,0.6048468473617453,11.863589378812122,8.728249586491177,8.347826086956522,35,0.0,0.0
CustomerId_4544,40020.0,5002.5,4656.8,20.0,10000.0,8,0,0.0,2,2,5002.5,0.9308945525375523,10.597159595331789,8.51789294653051,11.5,0,0.0,1.0
CustomerId_4545,2000.0,500.0,0.0,500.0,500.0,4,0,0.0,1,1,500.0,0.0,7.601402334583733,6.2166061010848646,12.0,1,0.0,0.0
CustomerId_4546,14496.0,3624.0,2137.95,496.0,5000.0,4,0,0.0,2,2,3624.0,0.5899420528173449,9.581697010450897,8.195609567288775,15.0,0,0.0,0.0
CustomerId_4547,42000.0,6000.0,3162.28,1000.0,10000.0,7,0,0.0,2,2,6000.0,0.5270466665788256,10.645448706505872,8.699681400989514,10.285714285714286,13,0.42857142857142855,0.0
CustomerId_4548,18175.0,673.15,877.48,25.0,3800.0,27,0,0.0,2,2,673.1481481481482,1.303543041961609,9.807857321520878,6.513452638080084,16.25925925925926,41,0.07407407407407407,0.037037037037037035
CustomerId_4549,34251.0,878.23,858.14,10.0,5000.0,39,0,0.0,4,3,878.2307692307693,0.9771244423703079,10.441500236146082,6.779046524436298,11.153846153846153,7,0.10256410256410256,0.358974358974359
CustomerId_455,5000.0,5000.0,0.0,5000.0,5000.0,1,0,0.0,1,1,5000.0,0.0,8.517393171418904,8.517393171418904,18.0,0,0.0,1.0
CustomerId_4550,278793.0,7965.51,18793.48,10.0,72913.0,35,0,0.0,4,3,7965.5142857142855,2.3593567766082324,12.538228436833487,8.983001783786161,10.657142857142857,42,0.11428571428571428,0.17142857142857143
CustomerId_4552,14500.0,2416.67,3760.54,500.0,10000.0,6,0,0.0,2,1,2416.6666666666665,1.5560833702755927,9.581972891547895,7.790559545434184,17.833333333333332,0,0.0,0.0
CustomerId_4553,500.0,500.0,0.0,500.0,500.0,1,0,0.0,1,1,500.0,0.0,6.2166061010848646,6.2166061010848646,19.0,0,0.0,0.0
CustomerId_4554,100945.0,1402.01,3515.84,10.0,20000.0,72,0,0.0,3,2,1402.013888888889,2.5077139232190113,11.52234099937992,7.246375207660809,12.902777777777779,12,0.20833333333333334,0.25
CustomerId_4555,466400.0,6961.19,5858.27,200.0,30000.0,67,0,0.0,2,2,6961.194029850746,0.8415615719666377,13.052801058098455,8.848249359007323,10.029850746268657,86,0.0,0.05970149253731343
CustomerId_4557,32000.0,6400.0,3781.53,1000.0,10000.0,5,0,0.0,2,2,6400.0,0.5908640624076775,10.373522431293592,8.764209507142004,18.0,0,0.0,0.0
CustomerId_456,193938.0,4972.77,7364.92,45.0,33000.0,39,0,0.0,4,2,4972.7692307692305,1.4810497968976948,12.175298955611357,8.511933382843885,9.153846153846153,77,0.3076923076923077,0.1794871794871795
CustomerId_4560,32000.0,6400.0,3781.53,1000.0,10000.0,5,0,0.0,2,2,6400.0,0.5908640624076775,10.373522431293592,8.764209507142004,8.0,0,0.0,0.0
CustomerId_4561,245874.0,4030.72,12435.0,10.0,90000.0,61,0,0.0,7,2,4030.72131147541,3.085056763286694,12.41257855569136,8.301948362895383,11.524590163934427,89,0.0,0.0
CustomerId_4562,74320.0,455.95,615.62,20.0,3000.0,163,0,0.0,2,2,455.9509202453988,1.3501919040460755,11.216148828725508,6.124573975718211,11.441717791411042,88,0.1411042944785276,0.4723926380368098
CustomerId_4565,477685.5,2860.39,5269.87,6.0,30000.0,167,0,0.0,4,2,2860.3922155688624,1.8423606564690969,13.076709938564234,7.959062799733368,12.616766467065869,27,0.1497005988023952,0.3532934131736527
CustomerId_4567,323200.0,8735.14,5678.23,200.0,20000.0,37,0,0.0,2,3,8735.135135135135,0.6500445326978108,12.686029699683697,9.075223723497302,10.18918918918919,28,0.2972972972972973,0.0
CustomerId_4568,40638.0,688.78,616.66,8.0,2000.0,59,0,0.0,2,2,688.7796610169491,0.8952931256783108,10.61248347565041,6.5363727061711305,11.440677966101696,89,0.0,0.2711864406779661
CustomerId_4569,317074.75,4172.04,3263.25,24.5,14000.0,76,0,0.0,3,3,4172.036184210527,0.782171311688725,12.666895983303801,8.33640006597576,12.328947368421053,80,0.06578947368421052,0.11842105263157894
CustomerId_457,147251.5,4601.61,8878.71,50.0,40000.0,32,0,0.0,3,2,4601.609375,1.9294790297462237,11.899904079298402,8.43437881287595,13.71875,39,0.09375,0.125
CustomerId_4572,1000.0,1000.0,0.0,1000.0,1000.0,1,0,0.0,1,1,1000.0,0.0,6.90875477931522,6.90875477931522,12.0,0,0.0,1.0
CustomerId_4573,86015.0,14335.83,14689.68,1005.0,30000.0,6,0,0.0,2,2,14335.833333333334,1.0246829098123595,11.362288604442767,9.570587029744148,13.333333333333334,2,0.0,0.6666666666666666
CustomerId_4576,2000.0,666.67,288.68,500.0,1000.0,3,0,0.0,2,2,666.6666666666666,0.43301783426130197,7.601402334583733,6.503794039496479,9.666666666666666,9,0.0,0.6666666666666666
CustomerId_4577,287883.5,2439.69,4990.39,10.0,30000.0,118,0,0.0,4,2,2439.6906779661017,2.0455016817523943,12.5703146370127,7.800036065195819,12.432203389830509,65,0.0847457627118644,0.211864406779661
CustomerId_4578,264108.0,3883.94,11276.88,10.0,65000.0,68,0,0.0,4,2,3883.9411764705883,2.9034640074503044,12.48411717570534,8.264862818667044,11.264705882352942,5,0.029411764705882353,0.19117647058823528
CustomerId_4579,16240.0,1353.33,1485.04,20.0,5000.0,12,0,0.0,2,2,1353.3333333333333,1.0973228989992663,9.695294188174604,7.211062146081048,14.666666666666666,37,0.0,0.8333333333333334
CustomerId_4581,7085.0,787.22,784.68,10.0,2000.0,9,0,0.0,3,2,787.2222222222222,0.9967734546927498,8.865876285425417,6.669777238709472,19.333333333333332,0,0.7777777777777778,0.0
CustomerId_4583,20990.0,874.58,1440.56,10.0,7000.0,24,0,0.0,2,2,874.5833333333334,1.6471449133902616,9.951849053414007,6.77488652390771,10.5,64,0.16666666666666666,0.2916666666666667
CustomerId_4584,43210.0,2274.21,4197.97,20.0,18000.0,19,0,0.0,2,2,2274.2105263157896,1.8459025323756812,10.673850371449209,7.729827634817266,14.263157894736842,12,0.10526315789473684,0.3157894736842105
CustomerId_4585,800086.0,2204.09,4457.35,10.0,36500.0,363,0,0.0,5,2,2204.093663911846,2.0223085255038096,13.592475750737211,7.698523603374514,11.336088154269973,88,0.046831955922865015,0.2369146005509642
CustomerId_4587,23400.0,615.79,519.63,50.0,2000.0,38,0,0.0,2,2,615.7894736842105,0.8438428671400269,10.060534035475412,6.424528609406927,11.973684210526315,29,0.13157894736842105,0.2631578947368421
CustomerId_4588,4020.0,1005.0,808.35,20.0,2000.0,4,0,0.0,2,2,1005.0,0.8043283574086285,8.299285906897275,6.913737350659685,11.0,0,0.0,0.0
CustomerId_4589,72000.0,7200.0,3392.8,1000.0,11000.0,10,0,0.0,2,2,7200.0,0.4712222221567747,11.184435286790631,8.881975184248867,13.6,41,0.0,0.0
CustomerId_4590,69450.0,6313.64,12481.09,50.0,33000.0,11,0,0.0,3,2,6313.636363636364,1.9768453693943833,11.14837674692692,8.750626026033732,12.727272727272727,10,0.0,0.36363636363636365
CustomerId_4591,92935.0,6638.21,4105.75,200.0,11000.0,14,0,0.0,2,2,6638.214285714285,0.6185025781621095,11.43966636319331,8.800748259488671,14.142857142857142,35,0.0,0.0
CustomerId_4592,94000.0,31333.33,50806.82,2000.0,90000.0,3,0,0.0,2,1,31333.333333333332,1.6214944277668062,11.451060699493427,10.35246958058879,9.333333333333334,0,0.0,0.0
CustomerId_4593,5000.0,5000.0,0.0,5000.0,5000.0,1,0,0.0,1,1,5000.0,0.0,8.517393171418904,8.517393171418904,8.0,0,0.0,1.0
CustomerId_4595,500.0,500.0,0.0,500.0,500.0,1,0,0.0,1,1,500.0,0.0,6.2166061010848646,6.2166061010848646,19.0,0,0.0,0.0
CustomerId_4596,15000.0,15000.0,0.0,15000.0,15000.0,1,0,0.0,1,1,15000.0,0.0,9.61587214452889,9.61587214452889,10.0,0,0.0,0.0
CustomerId_4598,6240.0,1040.0,1051.86,40.0,2000.0,6,0,0.0,2,2,1040.0,1.0114038451813423,8.738895704934043,6.947937068614969,15.333333333333334,18,0.0,0.3333333333333333
CustomerId_46,70000.0,23333.33,5773.5,20000.0,30000.0,3,0,0.0,1,1,23333.333333333332,0.2474357496230741,11.156264806643742,10.057680945736871,17.666666666666668,0,0.0,0.0
CustomerId_4600,127000.0,5772.73,3002.88,500.0,10000.0,22,0,0.0,3,2,5772.727272727273,0.5201836911616889,11.751950239425476,8.66107359778558,14.409090909090908,48,0.0,0.0
CustomerId_4601,40000.0,20000.0,0.0,20000.0,20000.0,2,0,0.0,1,1,20000.0,0.0,10.596659732783579,9.90353755128617,17.0,0,0.0,0.0
CustomerId_4602,397441.0,5299.21,12300.96,20.0,80000.0,75,0,0.0,5,2,5299.213333333333,2.3212818510077384,12.892804290480655,8.575501721396767,14.08,86,0.02666666666666667,0.29333333333333333
CustomerId_4603,5000.0,5000.0,0.0,5000.0,5000.0,1,0,0.0,1,1,5000.0,0.0,8.517393171418904,8.517393171418904,18.0,0,0.0,1.0
CustomerId_4604,11600.0,828.57,355.57,50.0,1000.0,14,0,0.0,2,2,828.5714285714286,0.42913694626991444,9.358846580275406,6.720907494255671,11.714285714285714,23,0.0,0.0
CustomerId_4605,93465.0,5841.56,12750.37,5.0,50000.0,16,0,0.0,2,2,5841.5625,2.182699484010658,11.445353012781407,8.672924335936662,15.375,58,0.0,0.3125
CustomerId_4608,525.0,262.5,335.88,25.0,500.0,2,0,0.0,2,2,262.5,1.2795428522684082,6.26530121273771,5.574053367981417,9.0,0,0.0,0.0
CustomerId_4609,10090.0,917.27,987.27,10.0,3000.0,11,0,0.0,3,2,917.2727272727273,1.0763134070924445,9.219399216464529,6.822491465023433,9.0,1,0.36363636363636365,0.0
CustomerId_4610,636000.0,48923.08,41594.19,1000.0,90000.0,13,0,0.0,3,2,48923.07692307692,0.8501956540583668,13.362955414648066,10.79802498779519,12.615384615384615,2,0.07692307692307693,0.07692307692307693
CustomerId_4611,3800.0,1266.67,635.09,900.0,2000.0,3,0,0.0,2,2,1266.6666666666667,0.5013855222738475,8.24301946898925,7.144935848759717,14.333333333333334,1,0.0,0.0
CustomerId_4612,10000.0,10000.0,0.0,10000.0,10000.0,1,0,0.0,1,1,10000.0,0.0,9.210440366976517,9.210440366976517,5.0,0,1.0,0.0
CustomerId_4613,172070.0,4196.83,14036.73,20.0,90000.0,41,0,0.0,3,2,4196.829268292683,3.344602949525093,12.055662461318624,8.342323004086579,13.878048780487806,22,0.12195121951219512,0.3170731707317073
CustomerId_4615,24615.0,1118.86,1000.65,50.0,3000.0,22,0,0.0,3,2,1118.8636363636363,0.8943478175157322,10.111151917001878,7.020958956475989,8.954545454545455,31,0.09090909090909091,0.13636363636363635
CustomerId_4616,32400.0,2314.29,3973.73,20.0,12000.0,14,0,0.0,3,2,2314.285714285714,1.7170406467136614,10.385944565501662,7.747290228653108,10.857142857142858,8,0.14285714285714285,0.35714285714285715
CustomerId_4617,62000.0,8857.14,6094.49,1000.0,20000.0,7,0,0.0,2,2,8857.142857142857,0.6880878025312812,11.034905792929415,9.089092089280351,17.142857142857142,0,0.0,0.0
CustomerId_4619,42000.0,7000.0,3687.82,1000.0,10000.0,6,0,0.0,2,2,7000.0,0.5268314284961669,10.645448706505872,8.853808274977197,12.0,0,0.0,0.0
CustomerId_462,74200.0,3710.0,3404.7,50.0,10000.0,20,0,0.0,2,3,3710.0,0.9177088946313453,11.214532906153606,8.219056661060598,12.7,40,0.0,0.15
CustomerId_4620,21500.0,5375.0,5344.39,500.0,10000.0,4,0,0.0,2,2,5375.0,0.9943051160940828,9.975854724662028,8.589699882202986,9.0,0,0.0,0.0
CustomerId_4622,6765.0,1691.25,1673.7,10.0,3255.0,4,0,0.0,2,3,1691.25,0.9896230592818193,8.819665349340653,7.433814283388717,7.0,9,0.75,0.25
CustomerId_4623,3040.0,1013.33,980.07,40.0,2000.0,3,0,0.0,2,2,1013.3333333333334,0.9671775226558204,8.019941687677365,6.921983574992768,3.0,0,1.0,0.0
CustomerId_4624,69997.0,1093.7,1640.22,20.0,10000.0,64,0,0.0,2,2,1093.703125,1.4996982705497865,11.156221949194753,6.998235632110512,16.125,68,0.078125,0.359375
CustomerId_4625,500.0,500.0,0.0,500.0,500.0,1,0,0.0,1,1,500.0,0.0,6.2166061010848646,6.2166061010848646,21.0,0,0.0,0.0
CustomerId_4626,84290.0,2809.67,7249.91,25.0,40000.0,30,0,0.0,4,2,2809.6666666666665,2.5803421744972392,11.342030376724688,7.941178168070585,16.666666666666668,67,0.0,0.3
CustomerId_4627,282860.0,8081.71,6794.39,50.0,40000.0,35,0,0.0,3,2,8081.714285714285,0.8407119284358494,12.552710889886066,8.997482491322067,9.857142857142858,42,0.45714285714285713,0.0
CustomerId_4629,17405.0,1450.42,1912.31,10.0,5000.0,12,0,0.0,2,2,1450.4166666666667,1.318452585238446,9.76457025334946,7.280297666547911,10.083333333333334,13,0.5,0.16666666666666666
CustomerId_4630,500.0,500.0,0.0,500.0,500.0,1,0,0.0,1,1,500.0,0.0,6.2166061010848646,6.2166061010848646,18.0,0,0.0,0.0
CustomerId_4632,1000.0,1000.0,0.0,1000.0,1000.0,1,0,0.0,1,1,1000.0,0.0,6.90875477931522,6.90875477931522,19.0,0,0.0,0.0
CustomerId_4633,27640.0,2126.15,2637.7,40.0,10000.0,13,0,0.0,3,2,2126.153846153846,1.2405992045525482,10.227055456677219,7.662538334575465,15.76923076923077,14,0.15384615384615385,0.15384615384615385
CustomerId_4634,37450.0,1628.26,1589.66,50.0,5000.0,23,0,0.0,3,2,1628.2608695652175,0.9762937117067951,10.530788690858559,7.395881202987117,12.782608695652174,30,0.0,0.13043478260869565
CustomerId_4636,303538.71,2467.79,5703.91,10.0,30000.0,123,0,0.0,5,2,2467.7943902439024,2.311343346755055,12.623267721120552,7.811483431049818,13.373983739837398,85,0.04065040650406504,0.3983739837398374
CustomerId_4637,152000.0,6909.09,3160.91,1000.0,11000.0,22,0,0.0,2,2,6909.090909090909,0.45750019171012385,11.931642378754141,8.840737941278922,12.318181818181818,49,0.0,0.0
CustomerId_4639,201132.0,22348.0,30147.99,200.0,90000.0,9,0,0.0,5,3,22348.0,1.3490240736822525,12.211721659762176,10.014536856311423,8.0,7,0.1111111111111111,0.0
CustomerId_4640,30400.0,6080.0,4100.24,200.0,10000.0,5,0,0.0,2,2,6080.0,0.6743815788364503,10.322230781590136,8.71292443512011,7.0,0,0.0,0.0
CustomerId_4641,12220.0,2444.0,4247.79,20.0,10000.0,5,0,0.0,2,2,2444.0,1.7380482807945794,9.410911062438,7.801800401908973,18.0,0,0.0,0.0
CustomerId_4642,510.0,255.0,346.48,10.0,500.0,2,0,0.0,2,2,255.0,1.3587450927108036,6.236369590203704,5.545177444479562,10.0,0,0.0,0.0
CustomerId_4645,55540.0,7934.29,4823.23,40.0,12000.0,7,0,0.0,2,3,7934.285714285715,0.6078968627806776,10.924876765740112,8.979075179236606,9.142857142857142,62,0.5714285714285714,0.0
CustomerId_4647,2575.0,858.33,722.99,75.0,1500.0,3,0,0.0,2,2,858.3333333333334,0.8423217167728941,7.853993087224244,6.756153015847549,14.0,0,0.0,0.0
CustomerId_4648,1000.0,1000.0,0.0,1000.0,1000.0,1,0,0.0,1,1,1000.0,0.0,6.90875477931522,6.90875477931522,11.0,0,0.0,0.0
CustomerId_4649,1000.0,500.0,0.0,500.0,500.0,2,0,0.0,2,1,500.0,0.0,6.90875477931522,6.2166061010848646,10.0,0,0.0,0.0
CustomerId_4650,2000.0,2000.0,0.0,2000.0,2000.0,1,0,0.0,1,1,2000.0,0.0,7.601402334583733,7.601402334583733,11.0,0,0.0,1.0
CustomerId_4651,48073.0,3004.56,7331.77,25.0,30000.0,16,0,0.0,2,2,3004.5625,2.4402142069254023,10.780496769408607,8.008219185680383,11.75,87,0.1875,0.125
CustomerId_4652,1000.0,1000.0,0.0,1000.0,1000.0,1,0,0.0,1,1,1000.0,0.0,6.90875477931522,6.90875477931522,5.0,0,1.0,1.0
CustomerId_4653,8010.0,1335.0,1077.66,10.0,3000.0,6,0,0.0,2,2,1335.0,0.8072359544515086,8.988570876215118,7.197435354096591,9.166666666666666,3,0.0,0.0
CustomerId_4654,16140.0,2690.0,3181.04,40.0,8000.0,6,0,0.0,2,2,2690.0,1.1825427504897612,9.68911789777328,7.897668150726906,10.5,0,0.16666666666666666,0.0
CustomerId_4655,122000.0,5545.45,3757.24,1000.0,10000.0,22,0,0.0,2,2,5545.454545454545,0.6775356372021142,11.711784520403112,8.620913362444131,9.863636363636363,45,0.0,0.0
CustomerId_4657,96864.5,4036.02,10088.66,12.5,50000.0,24,0,0.0,4,3,4036.0208333333335,2.499655600690865,11.48107869733088,8.30326207501456,10.75,36,0.20833333333333334,0.125
CustomerId_4658,2996.0,998.67,867.18,496.0,2000.0,3,0,0.0,3,2,998.6666666666666,0.8683348845280875,8.005367067316664,6.907425224520155,13.0,3,0.0,0.3333333333333333
CustomerId_4659,16080.0,1236.92,1310.63,10.0,4000.0,13,0,0.0,2,2,1236.923076923077,1.0595915652915373,9.685393729854024,7.121187830801144,16.692307692307693,3,0.0,0.0
CustomerId_466,10000.0,10000.0,0.0,10000.0,10000.0,1,0,0.0,1,1,10000.0,0.0,9.210440366976517,9.210440366976517,1.0,0,1.0,0.0
CustomerId_4660,6715.0,746.11,810.45,25.0,2000.0,9,0,0.0,2,2,746.1111111111111,1.0862339318783638,8.812248018197431,6.616212429981187,12.777777777777779,41,0.3333333333333333,0.7777777777777778
CustomerId_4663,133912.0,4782.57,6940.53,20.0,20000.0,28,0,0.0,4,2,4782.571428571428,1.4512134686055376,11.80494561434523,8.47294240864761,12.464285714285714,6,0.0,0.0
CustomerId_4664,22110.0,2010.0,2975.38,10.0,10000.0,11,0,0.0,3,2,2010.0,1.4802885564774684,10.003830501232155,7.606387389772652,12.090909090909092,57,0.0,0.45454545454545453
CustomerId_4665,51500.0,7357.14,6737.42,500.0,20000.0,7,0,0.0,2,2,7357.142857142857,0.915766180755597,10.849356503939038,8.903562462393197,15.857142857142858,0,0.0,0.0
CustomerId_4666,29530.0,686.74,709.21,25.0,3000.0,43,0,0.0,3,2,686.7441860465116,1.0327198051187934,10.293195838031854,6.533410859531763,10.046511627906977,82,0.13953488372093023,0.18604651162790697
CustomerId_4667,21390.0,2139.0,3156.68,40.0,10000.0,10,0,0.0,2,2,2139.0,1.4757737253502694,9.970725551801806,7.668561108015897,9.0,38,0.2,0.2
CustomerId_4669,5000.0,1250.0,500.0,1000.0,2000.0,4,0,0.0,3,1,1250.0,0.39999999967999994,8.517393171418904,7.1316985104669115,10.75,1,0.0,0.0
CustomerId_467,5000.0,5000.0,0.0,5000.0,5000.0,1,0,0.0,1,1,5000.0,0.0,8.517393171418904,8.517393171418904,8.0,0,0.0,0.0
CustomerId_4670,152000.0,25333.33,38471.63,500.0,75000.0,6,0,0.0,3,1,25333.333333333332,1.518617173442314,11.931642378754141,10.13991567193174,9.0,0,0.0,0.0
CustomerId_4671,85222.0,12174.57,23566.66,622.0,65000.0,7,0,0.0,3,2,12174.57142857143,1.9357283253588646,11.353026629438281,9.407186764103358,15.0,6,0.0,0.0
CustomerId_4672,667000.0,30318.18,36091.19,200.0,90000.0,22,0,0.0,3,2,30318.18181818182,1.1904141343184051,13.410546824147012,10.319535794535708,11.681818181818182,60,0.0,0.3181818181818182
CustomerId_4673,2000.0,500.0,0.0,500.0,500.0,4,0,0.0,2,1,500.0,0.0,7.601402334583733,6.2166061010848646,6.0,0,0.0,1.0
CustomerId_4674,1510.0,503.33,495.01,10.0,1000.0,3,0,0.0,2,2,503.3333333333333,0.9834700872519618,7.32052696227274,6.223230815713077,13.0,0,0.0,0.0
CustomerId_4677,1000.0,1000.0,0.0,1000.0,1000.0,1,0,0.0,1,1,1000.0,0.0,6.90875477931522,6.90875477931522,4.0,0,1.0,0.0
CustomerId_4678,1500.0,750.0,353.55,500.0,1000.0,2,0,0.0,2,1,750.0,0.4713999993714667,7.313886831633462,6.621405651764134,19.0,0,0.0,0.0
CustomerId_468,133273.0,19039.0,22236.17,644.0,50000.0,7,0,0.0,2,2,19039.0,1.1679274120926557,11.800162438380125,9.854297308345357,11.0,22,0.0,0.2857142857142857
CustomerId_4680,88854.0,4936.33,8913.58,20.0,30000.0,18,0,0.0,4,2,4936.333333333333,1.8057099096280615,11.394761106619587,8.504579978236892,13.11111111111111,20,0.05555555555555555,0.16666666666666666
CustomerId_4682,9200.0,1533.33,1607.38,50.0,4000.0,6,0,0.0,2,2,1533.3333333333333,1.048293582563249,9.127067452782361,7.335849082650574,15.0,12,1.0,0.0
CustomerId_4683,1000.0,500.0,0.0,500.0,500.0,2,0,0.0,1,1,500.0,0.0,6.90875477931522,6.2166061010848646,5.0,9,0.5,0.5
CustomerId_4684,2020.0,673.33,565.8,20.0,1000.0,3,0,0.0,2,2,673.3333333333334,0.8403011883618712,7.611347717403621,6.513719605333686,7.0,0,0.0,0.0
CustomerId_4685,3040.0,1013.33,980.07,40.0,2000.0,3,0,0.0,2,2,1013.3333333333334,0.9671775226558204,8.019941687677365,6.921983574992768,13.0,0,0.0,0.0
CustomerId_4686,112400.0,6611.76,4418.84,200.0,15000.0,17,0,0.0,2,2,6611.764705882353,0.66833036881733,11.629828113199304,8.796756394864264,11.764705882352942,27,0.0,0.058823529411764705
CustomerId_4687,2000.0,1000.0,0.0,1000.0,1000.0,2,0,0.0,1,1,1000.0,0.0,7.601402334583733,6.90875477931522,21.0,0,0.0,0.0
CustomerId_4688,11500.0,2300.0,2483.7,250.0,5000.0,5,0,0.0,2,2,2300.0,1.0798695647478829,9.350189267092581,7.741099090035366,6.8,0,0.0,0.0
CustomerId_4689,22020.0,688.12,716.69,20.0,2000.0,32,0,0.0,2,2,688.125,1.041518919604838,9.999751822506193,6.5354154213058,12.625,28,0.0,0.21875
CustomerId_4691,3000.0,1000.0,0.0,1000.0,1000.0,3,0,0.0,1,1,1000.0,0.0,8.006700845440367,6.90875477931522,17.0,1,0.0,0.0
CustomerId_4693,16000.0,5333.33,4509.25,1000.0,10000.0,3,0,0.0,2,2,5333.333333333333,0.8454849032695361,9.680406499268875,8.581918570094851,14.0,0,0.0,0.0
CustomerId_4694,6510.0,651.0,335.34,10.0,1000.0,10,0,0.0,2,2,651.0,0.5151152065820043,8.781248333236862,6.480044561926653,12.8,5,0.0,0.3
CustomerId_4697,177325.0,4546.79,4111.67,50.0,11600.0,39,0,0.0,2,4,4546.794871794872,0.9043017159569054,12.085745125417139,8.422396679661889,15.435897435897436,60,0.07692307692307693,0.2564102564102564
CustomerId_4698,8900.0,1780.0,2150.17,150.0,5000.0,5,0,0.0,2,2,1780.0,1.2079606734786736,9.093918908958932,7.484930283289661,12.0,10,0.0,0.2
CustomerId_470,153500.0,8078.95,10223.79,50.0,26000.0,19,0,0.0,3,2,8078.9473684210525,1.265484994799388,11.941462360646149,8.997140963377182,9.736842105263158,72,0.3684210526315789,0.10526315789473684
CustomerId_4701,28050.0,2337.5,2368.08,50.0,5000.0,12,0,0.0,2,2,2337.5,1.0130823525077723,10.24177956093926,7.757264977165941,15.583333333333334,39,0.0,0.16666666666666666
CustomerId_4702,62000.0,6888.89,3257.47,1000.0,10000.0,9,0,0.0,2,2,6888.888888888889,0.4728584720509605,11.034905792929415,8.837810398713351,19.88888888888889,7,0.0,0.0
CustomerId_4703,235580.0,7599.35,10823.29,20.0,25000.0,31,0,0.0,3,2,7599.354838709677,1.4242389149829604,12.369810082346282,8.935949577845612,10.483870967741936,1,0.0,0.6451612903225806
CustomerId_4704,55549.54,1735.92,2521.43,19.54,10000.0,32,0,0.0,4,3,1735.923125,1.4525035707564267,10.925048515992625,7.459868708761362,10.8125,41,0.125,0.0625
CustomerId_4706,90000.0,90000.0,0.0,90000.0,90000.0,1,0,0.0,1,1,90000.0,0.0,11.407576060361786,11.407576060361786,7.0,0,0.0,0.0
CustomerId_4708,231962.0,4548.27,8026.42,50.0,45000.0,51,0,0.0,4,3,4548.274509803921,1.7647193324572374,12.3543331551711,8.422722059512754,13.294117647058824,29,0.19607843137254902,0.0784313725490196
CustomerId_4709,41000.0,6833.33,3763.86,1000.0,10000.0,6,0,0.0,2,2,6833.333333333333,0.5508090490945396,10.62135173563291,8.829713719481315,16.166666666666668,0,0.0,0.0
CustomerId_471,109547.0,1244.85,3527.74,10.0,30000.0,88,0,0.0,3,2,1244.8522727272727,2.8338675319646,11.604118088353081,7.12757330686777,11.977272727272727,54,0.1590909090909091,0.20454545454545456
CustomerId_4710,231200.0,7706.67,3802.26,200.0,20000.0,30,0,0.0,2,2,7706.666666666667,0.49337262390975967,12.351042741030522,8.9499712159556,13.9,67,0.03333333333333333,0.03333333333333333
CustomerId_4711,1905978.0,6505.04,9610.41,20.0,90000.0,293,0,0.0,4,2,6505.044368600683,1.4773790781490383,14.460506345297183,8.780486255185316,14.450511945392492,88,0.030716723549488054,0.22184300341296928
CustomerId_4712,101600.0,5976.47,3469.06,1000.0,11000.0,17,0,0.0,2,2,5976.470588235294,0.5804530097899842,11.528808656597766,8.695752680499309,11.647058823529411,18,0.058823529411764705,0.058823529411764705
CustomerId_4713,50700.0,2414.29,2585.27,40.0,10000.0,21,0,0.0,3,2,2414.285714285714,1.070819992183698,10.83370091325064,7.789574641693044,12.19047619047619,20,0.23809523809523808,0.0
CustomerId_4714,1000.0,1000.0,0.0,1000.0,1000.0,1,0,0.0,1,1,1000.0,0.0,6.90875477931522,6.90875477931522,7.0,0,0.0,0.0
CustomerId_4715,31000.0,6200.0,3834.06,1000.0,10000.0,5,0,0.0,2,2,6200.0,0.6183967740938069,10.34177474101152,8.732465848349879,12.0,0,0.0,0.0
CustomerId_4716,10000.0,10000.0,0.0,10000.0,10000.0,1,0,0.0,1,1,10000.0,0.0,9.210440366976517,9.210440366976517,21.0,0,0.0,0.0
CustomerId_4717,10000.0,10000.0,0.0,10000.0,10000.0,1,0,0.0,1,1,10000.0,0.0,9.210440366976517,9.210440366976517,19.0,0,0.0,0.0
CustomerId_4719,152000.0,7238.1,2844.38,1000.0,10000.0,21,0,0.0,2,2,7238.0952380952385,0.3929732940422247,11.931642378754141,8.887252168260444,12.904761904761905,41,0.0,0.0
CustomerId_4721,3100.0,1033.33,950.44,100.0,2000.0,3,0,0.0,2,2,1033.3333333333333,0.9197836113150847,8.03947991910045,6.941509153087356,17.0,0,0.0,0.0
CustomerId_4722,81890.0,1320.81,1829.31,10.0,10000.0,62,0,0.0,3,2,1320.8064516129032,1.384991027184083,11.31314437369291,7.1867572884488,15.887096774193548,48,0.016129032258064516,0.24193548387096775
CustomerId_4725,152000.0,6608.7,3380.95,1000.0,11000.0,23,0,0.0,2,2,6608.695652173913,0.5115907817707581,11.931642378754141,8.796293546036644,13.521739130434783,42,0.0,0.0
CustomerId_4727,26000.0,6500.0,4358.9,1000.0,10000.0,4,0,0.0,2,2,6500.0,0.6705999998968307,10.165890277802454,8.77971129020447,12.5,1,0.0,0.0
CustomerId_4728,185306.5,3781.77,12556.46,20.0,85000.0,49,0,0.0,4,2,3781.765306122449,3.3202600889741416,12.129771886359922,8.238211824476517,12.591836734693878,57,0.04081632653061224,0.22448979591836735
CustomerId_473,3000.0,1000.0,0.0,1000.0,1000.0,3,0,0.0,1,1,1000.0,0.0,8.006700845440367,6.90875477931522,18.333333333333332,0,0.0,0.0
CustomerId_4730,7630.0,1526.0,1980.88,50.0,5000.0,5,0,0.0,2,2,1526.0,1.2980864998046615,8.939974177289633,7.3310603052186325,14.8,0,0.0,1.0
CustomerId_4732,100070.0,1755.61,2956.19,10.0,11500.0,57,0,0.0,3,2,1755.6140350877192,1.6838534744710651,11.51363521303947,7.47114109428248,12.087719298245615,11,0.05263157894736842,0.15789473684210525
CustomerId_4734,4050.0,1012.5,796.22,50.0,2000.0,4,0,0.0,2,2,1012.5,0.7863901226801085,8.30671904320269,6.921164965892054,20.5,3,0.75,0.75
CustomerId_4737,34500.0,4312.5,4771.1,250.0,15000.0,8,0,0.0,2,2,4312.5,1.1063420287289643,10.448743588106625,8.369504918516633,15.875,0,0.0,0.75
CustomerId_4738,25300.0,1204.76,1566.05,35.0,6000.0,21,0,0.0,2,2,1204.7619047619048,1.2998854532853965,10.138599199626192,7.094865352507889,10.476190476190476,63,0.2857142857142857,0.09523809523809523
CustomerId_474,24500.0,2041.67,2893.08,50.0,10000.0,12,0,0.0,2,2,2041.6666666666667,1.4170164613198917,10.106469212026385,7.622013054604772,12.75,12,0.3333333333333333,0.3333333333333333
CustomerId_4740,5540.0,791.43,691.17,20.0,2000.0,7,0,0.0,2,2,791.4285714285714,0.8733179170952353,8.61993026886735,6.675104173774572,14.0,1,0.0,0.0
CustomerId_4741,222000.0,7400.0,2749.29,1000.0,10000.0,30,0,0.0,2,2,7400.0,0.37152567562546945,12.310437165348775,8.909370405197466,9.566666666666666,42,0.03333333333333333,0.0
CustomerId_4742,13300.0,1900.0,2152.32,50.0,5000.0,7,0,0.0,2,2,1900.0,1.1327999994037894,9.495594499353297,7.550135342488429,8.285714285714286,7,0.14285714285714285,0.14285714285714285
CustomerId_4744,1500.0,750.0,353.55,500.0,1000.0,2,0,0.0,2,1,750.0,0.4713999993714667,7.313886831633462,6.621405651764134,18.0,0,0.0,0.0
CustomerId_4746,46000.0,5750.0,2964.07,1000.0,10000.0,8,0,0.0,2,2,5750.0,0.5154904346929582,10.736418414365376,8.657129031713755,19.0,0,0.0,0.0
CustomerId_4748,78705.0,639.88,585.27,25.0,2000.0,123,0,0.0,2,2,639.8780487804878,0.9146558715467652,11.273474670381288,6.462842231906861,12.235772357723578,81,0.0975609756097561,0.34959349593495936
CustomerId_4749,7500.0,1071.43,449.87,500.0,2000.0,7,0,0.0,2,2,1071.4285714285713,0.4198781064373051,8.922791623969637,6.9776823806068515,14.142857142857142,0,0.0,0.0
CustomerId_4750,10000.0,10000.0,0.0,10000.0,10000.0,1,0,0.0,1,1,10000.0,0.0,9.210440366976517,9.210440366976517,19.0,0,0.0,0.0
CustomerId_4753,32965.0,749.2,887.91,10.0,5000.0,44,0,0.0,3,3,749.2045454545455,1.1851441521821353,10.4032320062913,6.620339837647787,16.431818181818183,23,0.0,0.36363636363636365
CustomerId_4754,1630.0,543.33,487.48,30.0,1000.0,3,0,0.0,2,2,543.3333333333334,0.8972079566797195,7.396948602621014,6.299555680584891,5.0,0,1.0,0.0
CustomerId_4755,5000.0,5000.0,0.0,5000.0,5000.0,1,0,0.0,1,1,5000.0,0.0,8.517393171418904,8.517393171418904,9.0,0,0.0,0.0
CustomerId_4756,10000.0,5000.0,0.0,5000.0,5000.0,2,0,0.0,1,1,5000.0,0.0,9.210440366976517,8.517393171418904,12.5,0,0.0,0.0
CustomerId_4757,14230.0,889.38,810.5,20.0,2000.0,16,0,0.0,2,2,889.375,0.9113090007518619,9.56317796268366,6.79164833789415,13.25,42,0.125,0.5
CustomerId_4759,20305.0,432.02,453.48,20.0,2000.0,47,0,0.0,2,2,432.02127659574467,1.049673623791321,9.918671687861169,6.070783916312237,11.51063829787234,84,0.19148936170212766,0.23404255319148937
CustomerId_476,32000.0,6400.0,3781.53,1000.0,10000.0,5,0,0.0,2,2,6400.0,0.5908640624076775,10.373522431293592,8.764209507142004,17.0,0,0.0,0.0
CustomerId_4763,5000.0,5000.0,0.0,5000.0,5000.0,1,0,0.0,1,1,5000.0,0.0,8.517393171418904,8.517393171418904,20.0,0,0.0,0.0
CustomerId_4766,22325.0,2232.5,2166.35,175.0,5000.0,10,0,0.0,2,2,2232.5,0.9703695404388043,10.013507197574677,7.711325140792173,14.7,5,0.2,0.9
CustomerId_4768,28010.0,848.79,875.05,10.0,3000.0,33,0,0.0,4,2,848.7878787878788,1.0309381578117813,10.240352569152035,6.744989260136774,14.878787878787879,21,0.030303030303030304,0.09090909090909091
CustomerId_4769,90000.0,90000.0,0.0,90000.0,90000.0,1,0,0.0,1,1,90000.0,0.0,11.407576060361786,11.407576060361786,11.0,0,0.0,0.0
CustomerId_4770,41000.0,6833.33,3763.86,1000.0,10000.0,6,0,0.0,2,2,6833.333333333333,0.5508090490945396,10.62135173563291,8.829713719481315,18.0,0,0.0,0.0
CustomerId_4772,500.0,500.0,0.0,500.0,500.0,1,0,0.0,1,1,500.0,0.0,6.2166061010848646,6.2166061010848646,19.0,0,0.0,0.0
CustomerId_4773,16000.0,4000.0,1154.7,3000.0,5000.0,4,0,0.0,1,1,4000.0,0.28867499992783124,9.680406499268875,8.294299608857235,10.5,3,0.0,0.25
CustomerId_4774,734200.0,9412.82,5504.95,200.0,20000.0,78,0,0.0,2,2,9412.820512820514,0.5848353627728103,13.50653811207064,9.149934101319399,8.217948717948717,84,0.34615384615384615,0.0
CustomerId_4775,272610.0,3097.84,5402.66,10.0,30000.0,88,0,0.0,4,3,3097.840909090909,1.7440087280995762,12.515801149594786,8.038783126896975,10.352272727272727,63,0.1590909090909091,0.17045454545454544
CustomerId_4776,1560.0,390.0,463.39,10.0,1000.0,4,0,0.0,2,2,390.0,1.188179484132873,7.353081920515432,5.968707559985366,6.5,2,0.25,0.0
CustomerId_4777,10000.0,1000.0,408.25,500.0,2000.0,10,0,0.0,2,2,1000.0,0.40824999959175,9.210440366976517,6.90875477931522,14.3,1,0.0,0.7
CustomerId_4779,32000.0,6400.0,3781.53,1000.0,10000.0,5,0,0.0,2,2,6400.0,0.5908640624076775,10.373522431293592,8.764209507142004,15.0,0,0.0,0.0
CustomerId_478,31200.0,6240.0,3883.68,1000.0,10100.0,5,0,0.0,2,2,6240.0,0.6223846152848742,10.348205424565993,8.738895704934043,13.0,0,0.0,0.0
CustomerId_4781,21016.0,1167.56,2979.82,5.0,13000.0,18,0,0.0,3,3,1167.5555555555557,2.552177187851436,9.953086913027413,7.0635275005425555,12.722222222222221,26,0.05555555555555555,0.1111111111111111
CustomerId_4782,93190.0,1276.58,1618.49,40.0,10000.0,73,0,0.0,3,2,1276.5753424657535,1.2678328022780925,11.44240642948723,7.1527229424263625,11.438356164383562,44,0.0821917808219178,0.1643835616438356
CustomerId_4784,1000.0,1000.0,0.0,1000.0,1000.0,1,0,0.0,1,1,1000.0,0.0,6.90875477931522,6.90875477931522,5.0,0,1.0,0.0
CustomerId_4785,138895.0,1138.48,1267.07,20.0,7000.0,122,0,0.0,2,2,1138.483606557377,1.1129488430952243,11.84148073063159,7.038327296974008,11.295081967213115,86,0.12295081967213115,0.20491803278688525
CustomerId_4786,500.0,500.0,0.0,500.0,500.0,1,0,0.0,1,1,500.0,0.0,6.2166061010848646,6.2166061010848646,18.0,0,0.0,0.0
CustomerId_4787,9575.0,1367.86,725.53,75.0,2000.0,7,0,0.0,2,3,1367.857142857143,0.5304124687245679,9.16701524723781,7.221733555632497,10.285714285714286,6,0.0,0.0
CustomerId_4788,41000.0,6833.33,3763.86,1000.0,10000.0,6,0,0.0,2,2,6833.333333333333,0.5508090490945396,10.62135173563291,8.829713719481315,21.0,0,0.0,0.0
CustomerId_4789,500.0,500.0,0.0,500.0,500.0,1,0,0.0,1,1,500.0,0.0,6.2166061010848646,6.2166061010848646,7.0,0,0.0,0.0
CustomerId_4790,10000.0,10000.0,0.0,10000.0,10000.0,1,0,0.0,1,1,10000.0,0.0,9.210440366976517,9.210440366976517,19.0,0,0.0,1.0
CustomerId_4791,54730.0,1116.94,1970.28,20.0,10000.0,49,0,0.0,3,2,1116.938775510204,1.7639980645656899,10.91018555548575,7.019242985011936,14.73469387755102,61,0.2653061224489796,0.6938775510204082
CustomerId_4792,10000.0,10000.0,0.0,10000.0,10000.0,1,0,0.0,1,1,10000.0,0.0,9.210440366976517,9.210440366976517,13.0,0,0.0,0.0
CustomerId_4794,41565.0,1039.12,3159.57,10.0,20000.0,40,0,0.0,4,2,1039.125,3.04062090707462,10.635037804379019,6.94709137009451,16.2,0,0.0,1.0
CustomerId_4796,1510.0,377.5,245.0,10.0,500.0,4,0,0.0,2,2,377.5,0.6490066207973335,7.32052696227274,5.936216072877503,16.75,8,0.5,0.0
CustomerId_4799,5020.0,836.67,400.08,20.0,1000.0,6,0,0.0,3,2,836.6666666666666,0.4781813612557145,8.521384396034705,6.730624228175166,18.833333333333332,0,0.0,0.0
CustomerId_480,112000.0,8615.38,5220.77,1000.0,21000.0,13,0,0.0,2,2,8615.384615384615,0.6059825567060325,11.626263078808801,9.061420321856243,13.692307692307692,18,0.0,0.07692307692307693
CustomerId_4801,219030.0,879.64,829.57,20.0,5000.0,249,0,0.0,2,2,879.6385542168674,0.943078985786141,12.296968551292442,6.7806489158648695,15.313253012048193,80,0.012048192771084338,0.24899598393574296
CustomerId_4803,27000.0,3375.0,1767.77,1000.0,5000.0,8,0,0.0,3,2,3375.0,0.5237837035485086,10.203629181337648,8.124446855715847,14.125,0,0.0,0.0
CustomerId_4805,122000.0,7176.47,2920.52,1000.0,10000.0,17,0,0.0,2,2,7176.470588235294,0.40695773821851716,11.711784520403112,8.878702232258167,11.411764705882353,21,0.0,0.0
CustomerId_4806,72387.5,3016.15,10047.75,50.0,50000.0,24,0,0.0,3,2,3016.1458333333335,3.3313164122038637,11.189802725978428,8.012067956186325,12.083333333333334,44,0.0,0.08333333333333333
CustomerId_4808,86000.0,28666.67,44500.94,1000.0,80000.0,3,0,0.0,2,2,28666.666666666668,1.552358191532105,11.362114203075018,10.26352528595505,12.0,0,0.0,1.0
CustomerId_4809,216708.0,5417.7,6887.18,50.0,26000.0,40,0,0.0,4,2,5417.7,1.271236871500593,12.286310718734006,8.597611213265981,13.875,87,0.0,0.125
CustomerId_4812,394554.0,6363.77,12761.33,40.0,90000.0,62,0,0.0,5,2,6363.774193548387,2.005309745323085,12.885513826533945,8.758533375224713,13.629032258064516,84,0.0967741935483871,0.25806451612903225
CustomerId_4813,217344.0,1781.51,3663.4,14.0,20000.0,122,0,0.0,3,3,1781.5081967213114,2.0563454585961654,12.289241231781503,7.485777762370891,13.655737704918034,86,0.07377049180327869,0.18032786885245902
CustomerId_4814,220536.0,2722.67,5614.88,10.0,30000.0,81,0,0.0,5,2,2722.6666666666665,2.0622697565028925,12.303820760245632,7.90973551455626,13.283950617283951,64,0.037037037037037035,0.2345679012345679
CustomerId_4815,61000.0,8714.29,6047.43,1000.0,20000.0,7,0,0.0,2,2,8714.285714285714,0.6939670356742813,11.0186455364637,9.072834233361476,13.0,0,0.0,0.0
CustomerId_4816,41260.0,2171.58,2211.3,50.0,10000.0,19,0,0.0,3,3,2171.5789473684213,1.018290829249537,10.627673022880257,7.683670680397121,12.052631578947368,25,0.10526315789473684,0.2631578947368421
CustomerId_4817,569274.0,3060.61,3062.84,25.0,15000.0,186,0,0.0,4,3,3060.6129032258063,1.0007286125965973,13.252118900396866,8.026696200372163,10.478494623655914,83,0.22580645161290322,0.20430107526881722
CustomerId_4818,124848.0,7803.0,6512.82,50.0,16000.0,16,0,0.0,4,2,7803.0,0.8346559014693506,11.734860286064308,8.962391701743002,7.9375,18,0.375,0.1875
CustomerId_482,10000.0,10000.0,0.0,10000.0,10000.0,1,0,0.0,1,1,10000.0,0.0,9.210440366976517,9.210440366976517,17.0,0,0.0,0.0
CustomerId_4822,9600.0,600.0,414.13,10.0,1040.0,16,0,0.0,2,2,600.0,0.6902166655163056,9.169622538697624,6.398594934535208,15.3125,19,0.0,0.4375
CustomerId_4823,2500.0,1250.0,1060.66,500.0,2000.0,2,0,0.0,2,1,1250.0,0.8485279993211776,7.824445930877619,7.1316985104669115,7.0,0,0.0,1.0
CustomerId_4824,765000.0,8315.22,5633.73,1000.0,50000.0,92,0,0.0,4,3,8315.217391304348,0.6775202579513807,13.547632419997361,9.02596310365443,9.532608695652174,56,0.06521739130434782,0.05434782608695652
CustomerId_4825,1000.0,1000.0,0.0,1000.0,1000.0,1,0,0.0,1,1,1000.0,0.0,6.90875477931522,6.90875477931522,20.0,0,0.0,0.0
CustomerId_4826,10000.0,10000.0,0.0,10000.0,10000.0,1,0,0.0,1,1,10000.0,0.0,9.210440366976517,9.210440366976517,14.0,0,0.0,0.0
CustomerId_4827,108452.0,1084.52,1874.4,8.0,9400.0,100,0,0.0,3,2,1084.52,1.7283222054657155,11.594072178389709,6.989814413837697,14.23,81,0.01,0.29
CustomerId_4828,13450.0,1222.73,1029.89,100.0,3000.0,11,0,0.0,2,2,1222.7272727272727,0.842287339934174,9.506808731708581,7.109658850503814,19.0,2,0.36363636363636365,0.0
CustomerId_483,97640.0,1162.38,1668.39,20.0,10000.0,84,0,0.0,2,2,1162.3809523809523,1.4353223546212748,11.48905276615867,7.059084840336975,11.488095238095237,88,0.2261904761904762,0.27380952380952384
CustomerId_4830,2000.0,2000.0,0.0,2000.0,2000.0,1,0,0.0,1,1,2000.0,0.0,7.601402334583733,7.601402334583733,11.0,0,0.0,0.0
CustomerId_4831,1000.0,1000.0,0.0,1000.0,1000.0,1,0,0.0,1,1,1000.0,0.0,6.90875477931522,6.90875477931522,13.0,0,0.0,0.0
CustomerId_4832,123000.0,5857.14,3701.83,1000.0,10000.0,21,0,0.0,2,2,5857.142857142857,0.6320200642921254,11.719947764402807,8.675587426043721,11.571428571428571,49,0.0,0.0
CustomerId_4833,274914.7,5849.25,7732.52,7.5,35375.0,47,0,0.0,2,3,5849.248936170213,1.3219677734201876,12.5242197841995,8.67423967435552,12.893617021276595,48,0.10638297872340426,0.14893617021276595
CustomerId_4834,547554.0,7111.09,4764.83,1000.0,30000.0,77,0,0.0,4,2,7111.090909090909,0.6700562078851404,13.21321819224837,8.869551431781838,14.03896103896104,56,0.2857142857142857,0.12987012987012986
CustomerId_4835,62400.0,6240.0,4427.24,200.0,10700.0,10,0,0.0,2,2,6240.0,0.7094935896298887,11.041336579870135,8.738895704934043,12.1,6,0.5,0.0
CustomerId_4836,2000.0,2000.0,0.0,2000.0,2000.0,1,0,0.0,1,1,2000.0,0.0,7.601402334583733,7.601402334583733,20.0,0,0.0,0.0
CustomerId_4837,62000.0,5166.67,3933.15,500.0,10000.0,12,0,0.0,2,2,5166.666666666667,0.7612543474305008,11.034905792929415,8.550177188934489,10.0,21,0.0,0.0
CustomerId_4838,2000.0,2000.0,0.0,2000.0,2000.0,1,0,0.0,1,1,2000.0,0.0,7.601402334583733,7.601402334583733,6.0,0,0.0,0.0
CustomerId_4839,13261.0,780.06,1192.98,6.0,5000.0,17,0,0.0,2,2,780.0588235294117,1.5293438946627904,9.492658081928813,6.660651971472696,12.705882352941176,4,0.17647058823529413,0.7058823529411765
CustomerId_4840,1010401.8,2328.11,7172.93,15.0,90000.0,434,0,0.0,5,2,2328.114746543779,3.0810099165928544,13.82585962119431,7.753241499340073,14.65668202764977,49,0.027649769585253458,0.16359447004608296
CustomerId_4841,211608.0,1544.58,3437.37,8.0,25000.0,137,0,0.0,2,2,1544.5839416058395,2.225439923975812,12.262495511143062,7.343154523415939,14.795620437956204,6,0.0,0.6058394160583942
CustomerId_4843,47111.0,1239.76,1287.75,10.0,5000.0,38,0,0.0,4,2,1239.7631578947369,1.0387091041502314,10.760283024624407,7.1234793740764175,10.473684210526315,11,0.05263157894736842,0.39473684210526316
CustomerId_4845,1200.0,600.0,0.0,600.0,600.0,2,0,0.0,1,1,600.0,0.0,7.0909098220799835,6.398594934535208,11.5,0,0.0,1.0
CustomerId_4846,1063124.0,5777.85,7056.79,200.0,32200.0,184,0,0.0,4,2,5777.847826086957,1.221352232885701,13.876723242132263,8.661959979933155,11.173913043478262,84,0.08152173913043478,0.23369565217391305
CustomerId_4847,152000.0,5846.15,3673.61,1000.0,10000.0,26,0,0.0,2,2,5846.153846153846,0.6283810711958501,11.931642378754141,8.67370964202824,9.73076923076923,41,0.0,0.0
CustomerId_4848,37040.0,6173.33,13159.34,40.0,33000.0,6,0,0.0,3,2,6173.333333333333,2.1316436992463315,10.519780686235853,8.728155653585116,9.333333333333334,5,0.0,0.0
CustomerId_485,15460.0,672.17,616.12,25.0,2000.0,23,0,0.0,2,2,672.1739130434783,0.9166133553764475,9.646076003102594,6.511997898043821,11.347826086956522,42,0.08695652173913043,0.21739130434782608
CustomerId_4851,47160.0,7860.0,7182.46,40.0,15120.0,6,0,0.0,2,3,7860.0,0.9137989820720357,10.761322558837014,8.969669103793757,18.166666666666668,8,0.0,0.0
CustomerId_4854,102000.0,7846.15,6135.23,1000.0,25000.0,13,0,0.0,4,2,7846.153846153846,0.7819414616363514,11.532737896139919,8.967905687530347,9.461538461538462,20,0.0,0.0
CustomerId_4855,1575.0,393.75,459.34,25.0,1000.0,4,0,0.0,2,2,393.75,1.1665777748150405,7.362645270417825,5.978252653135751,17.0,3,0.0,0.25
CustomerId_4856,5055.0,561.67,455.78,10.0,1000.0,9,0,0.0,3,2,561.6666666666666,0.8114729274992916,8.528330935826693,6.332693310640861,14.777777777777779,3,0.0,0.3333333333333333
CustomerId_4857,32000.0,5333.33,4033.2,1000.0,10000.0,6,0,0.0,2,2,5333.333333333333,0.756225472499128,10.373522431293592,8.581918570094851,8.0,0,0.0,0.0
CustomerId_4858,222056.0,3127.55,7308.54,10.0,50000.0,71,0,0.0,5,2,3127.549295774648,2.336825949277605,12.310689384654799,8.048324917410755,12.112676056338028,55,0.19718309859154928,0.22535211267605634
CustomerId_4859,90000.0,90000.0,0.0,90000.0,90000.0,1,0,0.0,1,1,90000.0,0.0,11.407576060361786,11.407576060361786,5.0,0,1.0,1.0
CustomerId_4861,92665.0,1235.53,1572.4,20.0,10000.0,75,0,0.0,2,2,1235.5333333333333,1.2726522210932538,11.436756909734182,7.120064348697076,14.24,51,0.09333333333333334,0.14666666666666667
CustomerId_4863,1510.0,503.33,495.01,10.0,1000.0,3,0,0.0,2,2,503.3333333333333,0.9834700872519618,7.32052696227274,6.223230815713077,18.0,0,0.0,0.0
CustomerId_4864,102600.0,3420.0,3104.21,700.0,10000.0,30,0,0.0,2,2,3420.0,0.9076637424246597,11.538602958260002,8.137688184977605,15.0,1,0.06666666666666667,0.1
CustomerId_4865,17000.0,5666.67,4041.45,2000.0,10000.0,3,0,0.0,2,2,5666.666666666667,0.7131966391702363,9.741027444837728,8.64253337752071,11.0,0,0.3333333333333333,0.0
CustomerId_4866,22000.0,5500.0,3696.85,1000.0,10000.0,4,0,0.0,2,2,5500.0,0.6721545453323354,9.99884318585288,8.612685172875459,16.0,0,0.0,0.0
CustomerId_4867,185308.0,3860.58,4127.81,14.0,16000.0,48,0,0.0,2,2,3860.5833333333335,1.0692201687131935,12.129779980980643,8.25883170513254,16.6875,72,0.0,0.2708333333333333
CustomerId_4868,1000.0,1000.0,0.0,1000.0,1000.0,1,0,0.0,1,1,1000.0,0.0,6.90875477931522,6.90875477931522,3.0,0,1.0,0.0
CustomerId_487,5000.0,5000.0,0.0,5000.0,5000.0,1,0,0.0,1,1,5000.0,0.0,8.517393171418904,8.517393171418904,9.0,0,0.0,0.0
CustomerId_4870,15427.0,907.47,792.11,12.0,2500.0,17,0,0.0,2,2,907.4705882352941,0.8728773393358707,9.643939319328119,6.811761865827054,11.117647058823529,52,0.0,0.4117647058823529
CustomerId_4872,41400.0,5914.29,4470.8,200.0,10700.0,7,0,0.0,2,2,5914.285714285715,0.7559318192452633,10.63106031411106,8.685295803105841,13.0,0,0.0,0.0
CustomerId_4873,941068.0,4850.87,11957.51,15.0,90000.0,194,0,0.0,5,3,4850.865979381443,2.465023799346298,13.75477174212795,8.48711947662998,11.118556701030927,84,0.24742268041237114,0.3711340206185567
CustomerId_4875,10000.0,5000.0,0.0,5000.0,5000.0,2,0,0.0,2,1,5000.0,0.0,9.210440366976517,8.517393171418904,13.0,0,0.0,0.0
CustomerId_4876,5000.0,5000.0,0.0,5000.0,5000.0,1,0,0.0,1,1,5000.0,0.0,8.517393171418904,8.517393171418904,7.0,0,0.0,1.0
CustomerId_4877,134745.0,8983.0,10474.95,740.0,37000.0,15,0,0.0,3,2,8983.0,1.1660859399792847,11.811146803729534,9.10320049641828,15.466666666666667,76,0.06666666666666667,0.13333333333333333
CustomerId_4878,11152840.0,54404.1,38018.31,200.0,90000.0,205,22,0.11,2,3,54404.09756097561,0.6988133247181956,16.22720482162113,10.904213178449778,13.55609756097561,21,0.004878048780487805,0.33170731707317075
CustomerId_4879,4045.0,505.62,369.51,20.0,1000.0,8,0,0.0,2,2,505.625,0.7308057419983273,8.305484017727691,6.227761215667104,9.75,5,0.0,0.0
CustomerId_488,71448.0,6495.27,6903.87,154.0,18000.0,11,0,0.0,3,2,6495.272727272727,1.0629073154675774,11.176739187458812,8.778983445017163,10.909090909090908,31,0.0,0.36363636363636365
CustomerId_4880,41000.0,6833.33,3763.86,1000.0,10000.0,6,0,0.0,2,2,6833.333333333333,0.5508090490945396,10.62135173563291,8.829713719481315,6.0,0,0.0,0.0
CustomerId_4882,280167.0,2594.14,3753.42,30.0,28000.0,108,0,0.0,4,3,2594.1388888888887,1.4468841305993956,12.543144702223355,7.861395744048406,12.648148148148149,88,0.009259259259259259,0.17592592592592593
CustomerId_4884,500.0,500.0,0.0,500.0,500.0,1,0,0.0,1,1,500.0,0.0,6.2166061010848646,6.2166061010848646,18.0,0,0.0,0.0
CustomerId_4887,197500.0,39500.0,36503.42,2500.0,90000.0,5,0,0.0,2,2,39500.0,0.9241372151664775,12.193498926601634,10.584081267024454,9.4,9,0.0,0.6
CustomerId_4888,1201940.0,8837.79,17625.48,20.0,90000.0,136,0,0.0,3,2,8837.79411764706,1.9943311617503545,13.99944830801402,9.086905268435011,12.772058823529411,58,0.10294117647058823,0.17647058823529413
CustomerId_4889,456887.0,45688.7,46708.78,1000.0,90000.0,10,0,0.0,2,2,45688.7,1.0223267459782763,13.032193563253735,10.72962816854758,15.2,22,0.0,0.4
CustomerId_489,50000.0,50000.0,0.0,50000.0,50000.0,1,0,0.0,1,1,50000.0,0.0,10.819798284210286,10.819798284210286,4.0,0,1.0,1.0
CustomerId_4891,75250.0,3420.45,4066.26,50.0,11000.0,22,0,0.0,2,2,3420.4545454545455,1.1888084897633915,11.228584471559369,8.137819716812151,12.954545454545455,13,0.0,0.045454545454545456
CustomerId_4892,169180.0,7355.65,3152.22,180.0,10000.0,23,0,0.0,2,2,7355.652173913043,0.42854404431579207,12.038724426704706,8.903359945061302,9.695652173913043,35,0.30434782608695654,0.0
CustomerId_4893,2000.0,2000.0,0.0,2000.0,2000.0,1,0,0.0,1,1,2000.0,0.0,7.601402334583733,7.601402334583733,15.0,0,0.0,0.0
CustomerId_4894,2020.0,673.33,565.8,20.0,1000.0,3,0,0.0,2,2,673.3333333333334,0.8403011883618712,7.611347717403621,6.513719605333686,11.666666666666666,1,0.0,0.6666666666666666
CustomerId_4895,34375.0,1494.57,2325.6,50.0,10000.0,23,0,0.0,2,2,1494.5652173913043,1.5560328378356096,10.44511392545483,7.310262684062516,11.304347826086957,17,0.0,0.34782608695652173
CustomerId_4896,176600.0,5194.12,4679.16,100.0,15000.0,34,0,0.0,2,2,5194.117647058823,0.900857122881093,12.08164822965012,8.55547500240033,12.411764705882353,85,0.058823529411764705,0.17647058823529413
CustomerId_4898,180244.0,9486.53,10285.14,50.0,33000.0,19,0,0.0,5,4,9486.526315789473,1.0841835738584935,12.102072315511416,9.157733583754222,13.736842105263158,62,0.0,0.10526315789473684
CustomerId_4900,11190.0,1119.0,1527.23,10.0,5000.0,10,0,0.0,3,2,1119.0,1.3648167994952485,9.322865162818028,7.02108396428914,13.0,7,0.0,0.0
CustomerId_4901,177000.0,7375.0,2810.11,1000.0,10000.0,24,0,0.0,2,2,7375.0,0.3810318643551143,12.083910661257521,8.90598676523643,8.041666666666666,35,0.3333333333333333,0.0
CustomerId_4902,15250.0,5083.33,4875.53,250.0,10000.0,3,0,0.0,3,2,5083.333333333333,0.9591212844810151,9.632400353656184,8.533918539722876,7.666666666666667,50,0.3333333333333333,0.0
CustomerId_4903,5040.0,1260.0,940.07,40.0,2000.0,4,0,0.0,2,2,1260.0,0.7460873009951687,8.525359754082631,7.13966033596492,4.75,0,0.75,0.75
CustomerId_4904,4140.0,517.5,515.94,20.0,1000.0,8,0,0.0,2,2,517.5,0.9969855053198349,8.328692583545568,6.250940027669582,7.75,6,0.25,0.0
CustomerId_4906,500.0,500.0,0.0,500.0,500.0,1,0,0.0,1,1,500.0,0.0,6.2166061010848646,6.2166061010848646,11.0,0,0.0,1.0
CustomerId_4908,112342.5,1146.35,2060.55,10.0,14000.0,98,0,0.0,2,2,1146.3520408163265,1.7974876767152375,11.629316421022146,7.0452102144359845,12.377551020408163,79,0.10204081632653061,0.22448979591836735
CustomerId_491,2050.0,683.33,548.48,50.0,1000.0,3,0,0.0,2,2,683.3333333333334,0.8026575727647585,7.62608275807238,6.528440257418357,18.666666666666668,0,0.0,1.0
CustomerId_4911,510.0,255.0,346.48,10.0,500.0,2,0,0.0,2,2,255.0,1.3587450927108036,6.236369590203704,5.545177444479562,10.0,0,0.0,0.0
CustomerId_4912,688334.0,11284.16,24643.84,20.0,90000.0,61,0,0.0,4,2,11284.16393442623,2.183932166666909,13.442030917013735,9.331243867263666,13.229508196721312,4,0.0,0.5081967213114754
CustomerId_4913,10000.0,10000.0,0.0,10000.0,10000.0,1,0,0.0,1,1,10000.0,0.0,9.210440366976517,9.210440366976517,13.0,0,0.0,0.0
CustomerId_4915,3050.0,1016.67,975.11,50.0,2000.0,3,0,0.0,2,2,1016.6666666666666,0.9591214445600623,8.02322468471667,6.9252709795281575,22.0,0,1.0,0.0
CustomerId_4917,29800.0,2709.09,2580.39,50.0,9000.0,11,0,0.0,2,2,2709.090909090909,0.9524932722971575,10.30229722897745,7.9047371236543995,13.0,9,0.0,0.45454545454545453
CustomerId_492,652195.8,16722.97,28494.9,15.8,90000.0,39,0,0.0,3,2,16722.96923076923,1.7039377573658305,13.38810163585491,9.724598298645619,13.538461538461538,7,0.07692307692307693,0.4358974358974359
CustomerId_4920,576020.0,6697.91,8196.41,20.0,50000.0,86,0,0.0,3,2,6697.906976744186,1.2237265055481894,13.263899397346773,8.809700105576999,13.895348837209303,85,0.011627906976744186,0.12790697674418605
CustomerId_4921,15000.0,7500.0,3535.53,5000.0,10000.0,2,0,0.0,2,1,7500.0,0.47140399993714616,9.61587214452889,8.922791623969637,16.0,1,0.0,0.0
CustomerId_4922,2000.0,2000.0,0.0,2000.0,2000.0,1,0,0.0,1,1,2000.0,0.0,7.601402334583733,7.601402334583733,13.0,0,0.0,0.0
CustomerId_4923,22570.0,2257.0,4489.65,20.0,15000.0,10,0,0.0,3,2,2257.0,1.989211341608679,10.024421175431756,7.722234744709607,13.2,1,0.1,0.0
CustomerId_4924,5735.0,637.22,323.41,35.0,1000.0,9,0,0.0,2,2,637.2222222222222,0.507532719457122,8.654517382279456,6.4586830514916285,17.666666666666668,16,0.0,0.1111111111111111
CustomerId_4925,410000.0,82000.0,17888.54,50000.0,90000.0,5,2,0.4,1,1,82000.0,0.21815292682660792,12.923914877701906,11.314486721293981,8.8,2,0.6,0.0
CustomerId_4926,415742.0,3849.46,7874.6,4.0,50000.0,108,0,0.0,4,2,3849.462962962963,2.0456375694134667,12.937822559871938,8.255947900664081,11.675925925925926,88,0.17592592592592593,0.25925925925925924
CustomerId_4927,123188.0,1811.59,3634.5,10.0,20000.0,68,0,0.0,3,2,1811.5882352941176,2.0062486533894264,11.721475040381064,7.502512040668466,16.205882352941178,86,0.029411764705882353,0.23529411764705882
CustomerId_4928,82600.0,1101.33,1492.46,10.0,7000.0,75,0,0.0,3,2,1101.3333333333333,1.3551433254745233,11.321777065973317,7.0051814004203905,11.146666666666667,59,0.02666666666666667,0.06666666666666667
CustomerId_4929,62000.0,6200.0,3614.78,1000.0,10000.0,10,0,0.0,2,2,6200.0,0.5830290321640276,11.034905792929415,8.732465848349879,12.7,6,0.1,0.0
CustomerId_493,33350.0,4764.29,7025.95,100.0,20000.0,7,0,0.0,2,2,4764.285714285715,1.4747108170420542,10.414843035901725,8.469113674677095,12.571428571428571,21,0.0,0.0
CustomerId_4931,2500.0,2500.0,0.0,2500.0,2500.0,1,0,0.0,1,1,2500.0,0.0,7.824445930877619,7.824445930877619,5.0,0,1.0,0.0
CustomerId_4932,10000.0,10000.0,0.0,10000.0,10000.0,1,0,0.0,1,1,10000.0,0.0,9.210440366976517,9.210440366976517,15.0,0,0.0,0.0
CustomerId_4933,4090.0,681.67,736.84,30.0,1500.0,6,0,0.0,2,2,681.6666666666666,1.0809335879810855,8.316544717929398,6.5260115802918675,11.5,18,0.0,0.0
CustomerId_4934,22160.0,1231.11,1035.4,10.0,3000.0,18,0,0.0,2,2,1231.111111111111,0.8410296392353002,10.006089266196847,7.116483425822018,9.777777777777779,51,0.0,0.3333333333333333
CustomerId_4935,13600.0,2266.67,1751.19,500.0,5500.0,6,0,0.0,2,1,2266.6666666666665,0.7725826870375562,9.517898598432753,7.726508151615604,10.166666666666666,0,0.0,0.0
CustomerId_4936,71390.0,2039.71,4252.68,10.0,20000.0,35,0,0.0,3,2,2039.7142857142858,2.0849434468208994,11.175927089962485,7.62105306550235,14.085714285714285,1,0.08571428571428572,0.9428571428571428
CustomerId_4938,29836.0,1570.32,2454.25,20.0,10000.0,19,0,0.0,4,2,1570.3157894736842,1.5628980070540412,10.303504513070566,7.359671309429216,11.736842105263158,3,0.0,0.42105263157894735
CustomerId_4939,147381.0,8669.47,14924.84,10.0,35000.0,17,0,0.0,4,2,8669.470588235294,1.7215400708784343,11.900783134591242,9.067678278224545,13.882352941176471,13,0.11764705882352941,0.0
CustomerId_494,32000.0,6400.0,3781.53,1000.0,10000.0,5,0,0.0,2,2,6400.0,0.5908640624076775,10.373522431293592,8.764209507142004,17.0,0,0.0,0.0
CustomerId_4940,132800.0,6640.0,3958.79,200.0,10700.0,20,0,0.0,2,2,6640.0,0.5962033131632224,11.796607046116602,8.801017833540714,11.85,34,0.0,0.0
CustomerId_4941,41470.0,3770.0,5536.15,10.0,13000.0,11,0,0.0,3,2,3770.0,1.468474800671492,10.63274966676691,8.235095497258357,11.0,4,0.36363636363636365,0.36363636363636365
CustomerId_4942,111250.0,6953.12,7361.46,100.0,20000.0,16,0,0.0,3,2,6953.125,1.0587275926406092,11.619544188752133,8.847089568674312,11.625,61,0.125,0.3125
CustomerId_4943,798390.0,4588.45,7981.62,9.0,30000.0,174,0,0.0,4,2,4588.448275862069,1.7395024459807773,13.590353731370765,8.431515470166856,12.367816091954023,82,0.06321839080459771,0.21264367816091953
CustomerId_4944,541322.0,3058.32,11822.93,12.0,90000.0,177,0,0.0,4,2,3058.316384180791,3.865825026855978,13.201771422183509,8.025947948029188,15.796610169491526,17,0.022598870056497175,0.6497175141242938
CustomerId_4945,76943.45,1282.39,1130.6,20.0,5000.0,60,0,0.0,3,2,1282.3908333333334,0.88163507132648,11.250839011909575,7.157260293483035,13.683333333333334,83,0.13333333333333333,0.1
CustomerId_4946,62945.0,1798.43,5013.46,10.0,30000.0,35,0,0.0,3,2,1798.4285714285713,2.787687036588754,11.05003249495954,7.495225227068113,11.085714285714285,11,0.14285714285714285,0.22857142857142856
CustomerId_4947,12440.0,1382.22,1330.69,20.0,4400.0,9,0,0.0,2,2,1382.2222222222222,0.962719392743037,9.42875274891449,7.232169393489532,11.222222222222221,51,0.0,0.0
CustomerId_4948,7500.0,937.5,176.78,500.0,1000.0,8,0,0.0,2,1,937.5,0.18856533313219698,8.922791623969637,6.844282856026563,11.75,0,0.375,0.0
CustomerId_4949,4000.0,2000.0,2121.32,500.0,3500.0,2,0,0.0,2,1,2000.0,1.06065999946967,8.294299608857235,7.601402334583733,18.5,11,0.5,0.5
CustomerId_495,1000.0,1000.0,0.0,1000.0,1000.0,1,0,0.0,1,1,1000.0,0.0,6.90875477931522,6.90875477931522,2.0,0,1.0,1.0
CustomerId_4951,2000.0,2000.0,0.0,2000.0,2000.0,1,0,0.0,1,1,2000.0,0.0,7.601402334583733,7.601402334583733,13.0,0,0.0,0.0
CustomerId_4953,1680.0,840.0,1074.8,80.0,1600.0,2,0,0.0,2,2,840.0,1.2795238080005669,7.427144133408616,6.734591659972948,7.0,0,0.0,1.0
CustomerId_4954,86473.0,1271.66,1545.31,14.0,5000.0,68,0,0.0,3,2,1271.6617647058824,1.2151911664948245,11.367599069702656,7.14886447725918,13.544117647058824,83,0.04411764705882353,0.14705882352941177
CustomerId_4955,2000.0,1000.0,0.0,1000.0,1000.0,2,0,0.0,1,1,1000.0,0.0,7.601402334583733,6.90875477931522,11.5,0,0.0,0.0
CustomerId_4956,5040.0,1260.0,940.07,40.0,2000.0,4,0,0.0,2,2,1260.0,0.7460873009951687,8.525359754082631,7.13966033596492,18.25,0,0.25,0.0
CustomerId_4957,1000.0,1000.0,0.0,1000.0,1000.0,1,0,0.0,1,1,1000.0,0.0,6.90875477931522,6.90875477931522,4.0,0,1.0,1.0
CustomerId_4958,12023.0,801.53,732.78,20.0,2000.0,15,0,0.0,3,2,801.5333333333333,0.9142265405983225,9.39465993143281,6.687769237483008,15.533333333333333,61,0.2,0.2
CustomerId_4959,22700.0,1135.0,1033.78,50.0,3000.0,20,0,0.0,2,2,1135.0,0.9108193824574278,10.030164255362632,7.035268599281097,14.25,63,0.15,0.35
CustomerId_496,49870.0,2077.92,3146.09,20.0,13000.0,24,0,0.0,4,3,2077.9166666666665,1.5140573258286858,10.81719495047468,7.639603807079157,11.708333333333334,42,0.08333333333333333,0.25
CustomerId_4961,62000.0,6200.0,3614.78,1000.0,10000.0,10,0,0.0,2,2,6200.0,0.5830290321640276,11.034905792929415,8.732465848349879,10.0,7,0.0,0.0
CustomerId_4963,10000.0,10000.0,0.0,10000.0,10000.0,1,0,0.0,1,1,10000.0,0.0,9.210440366976517,9.210440366976517,21.0,0,0.0,0.0
CustomerId_4965,2050.0,683.33,548.48,50.0,1000.0,3,0,0.0,2,2,683.3333333333334,0.8026575727647585,7.62608275807238,6.528440257418357,13.333333333333334,0,0.0,0.6666666666666666
CustomerId_4966,1500.0,750.0,353.55,500.0,1000.0,2,0,0.0,2,2,750.0,0.4713999993714667,7.313886831633462,6.621405651764134,20.0,0,0.0,0.0
CustomerId_4968,32000.0,6400.0,3781.53,1000.0,10000.0,5,0,0.0,2,2,6400.0,0.5908640624076775,10.373522431293592,8.764209507142004,18.0,0,0.0,0.0
CustomerId_4969,140444.0,2006.34,5036.95,10.0,30000.0,70,0,0.0,3,2,2006.3428571428572,2.5105166609295946,11.852571232041099,7.604565741523817,11.871428571428572,1,0.014285714285714285,0.0
CustomerId_497,3550.0,887.5,837.03,50.0,2000.0,4,0,0.0,2,2,887.5,0.9431323933035127,8.174984532943087,6.789534647594706,11.5,1,0.0,0.0
CustomerId_4970,8500.0,1416.67,1795.18,50.0,5000.0,6,0,0.0,2,2,1416.6666666666667,1.267182899851636,9.04793908261736,7.256769957864208,12.333333333333334,1,0.0,0.5
CustomerId_4971,517300.0,9075.44,5647.64,500.0,31200.0,57,0,0.0,3,2,9075.438596491229,0.6222993044279617,13.156380189103984,9.113437324231029,11.526315789473685,51,0.07017543859649122,0.17543859649122806
CustomerId_4972,80000.0,80000.0,0.0,80000.0,80000.0,1,0,0.0,1,1,80000.0,0.0,11.289794413577894,11.289794413577894,11.0,0,0.0,1.0
CustomerId_4973,1000.0,500.0,0.0,500.0,500.0,2,0,0.0,1,1,500.0,0.0,6.90875477931522,6.2166061010848646,9.5,0,0.0,0.0
CustomerId_4976,31000.0,6200.0,3834.06,1000.0,10000.0,5,0,0.0,2,2,6200.0,0.6183967740938069,10.34177474101152,8.732465848349879,14.0,0,0.0,0.0
CustomerId_4977,1000.0,1000.0,0.0,1000.0,1000.0,1,0,0.0,1,1,1000.0,0.0,6.90875477931522,6.90875477931522,14.0,0,0.0,0.0
CustomerId_4978,261084.0,4280.07,6126.73,30.0,28000.0,61,0,0.0,4,2,4280.065573770492,1.4314555599718097,12.472601303783788,8.36195825733105,13.721311475409836,89,0.04918032786885246,0.13114754098360656
CustomerId_4979,9925.0,1417.86,1695.75,50.0,4500.0,7,0,0.0,2,2,1417.857142857143,1.1959925513125467,9.202912856147385,7.257609011263829,12.571428571428571,2,0.0,0.0
CustomerId_498,52000.0,5200.0,2149.94,1000.0,10000.0,10,0,0.0,2,2,5200.0,0.41344999992049036,10.859018228147887,8.556606193773073,13.0,0,0.0,0.0
CustomerId_4980,87714.0,6265.29,9018.72,50.0,26000.0,14,0,0.0,4,2,6265.285714285715,1.43947367138002,11.381848201363285,8.742939751960492,9.285714285714286,88,0.2857142857142857,0.0
CustomerId_4982,1000.0,1000.0,0.0,1000.0,1000.0,1,0,0.0,1,1,1000.0,0.0,6.90875477931522,6.90875477931522,10.0,0,0.0,1.0
CustomerId_4983,91780.5,1555.6,2540.4,12.5,10000.0,59,0,0.0,3,2,1555.6016949152543,1.6330676255894396,11.427166031245214,7.3502592345252875,10.830508474576272,19,0.0,0.3050847457627119
CustomerId_4984,5000.0,5000.0,0.0,5000.0,5000.0,1,0,0.0,1,1,5000.0,0.0,8.517393171418904,8.517393171418904,5.0,0,1.0,1.0
CustomerId_4986,10000.0,10000.0,0.0,10000.0,10000.0,1,0,0.0,1,1,10000.0,0.0,9.210440366976517,9.210440366976517,7.0,0,0.0,0.0
CustomerId_4987,89339.5,1051.05,1191.61,10.0,6000.0,85,0,0.0,4,2,1051.0529411764705,1.1337329326542667,11.400210191487718,6.958495920685321,13.658823529411764,63,0.18823529411764706,0.3411764705882353
CustomerId_4989,63400.0,5763.64,6611.85,200.0,20000.0,11,0,0.0,2,2,5763.636363636364,1.147165679822618,11.05723491317159,8.659497984959758,17.818181818181817,19,0.36363636363636365,0.18181818181818182
CustomerId_4990,135440.0,2604.62,2817.57,22.0,10000.0,52,0,0.0,3,2,2604.6153846153848,1.0817585670532521,11.816291400122937,7.865425929707818,9.557692307692308,38,0.09615384615384616,0.3269230769230769
CustomerId_4993,5000.0,5000.0,0.0,5000.0,5000.0,1,0,0.0,1,1,5000.0,0.0,8.517393171418904,8.517393171418904,3.0,0,1.0,1.0
CustomerId_4994,14400.0,960.0,949.66,50.0,4000.0,15,0,0.0,2,2,960.0,0.9892291656362195,9.575052927597383,6.8679744089702925,13.0,9,0.0,0.13333333333333333
CustomerId_4997,877727.0,10206.13,14374.43,12.2,90000.0,86,0,0.0,5,2,10206.127906976744,1.4084114153544576,13.685092029632262,9.230841774679794,16.023255813953487,82,0.0,0.10465116279069768
CustomerId_4998,142445.0,5935.21,2945.56,40.0,8085.0,24,0,0.0,3,3,5935.208333333333,0.49628572527403647,11.866718259503722,8.688826161579943,11.708333333333334,48,0.08333333333333333,0.16666666666666666
CustomerId_4999,167913.0,8395.65,13196.15,16.0,32000.0,20,0,0.0,4,2,8395.65,1.5717841975818687,12.031207222555517,9.035588095761927,13.1,84,0.1,0.15
CustomerId_5,10000.0,10000.0,0.0,10000.0,10000.0,1,0,0.0,1,1,10000.0,0.0,9.210440366976517,9.210440366976517,16.0,0,0.0,0.0
CustomerId_500,22500.0,2812.5,3228.64,500.0,10000.0,8,0,0.0,4,2,2812.5,1.147960888480725,10.021315031649332,7.942184538873334,12.125,18,0.0,0.125
CustomerId_5000,48800.0,9760.0,8098.64,800.0,16000.0,5,0,0.0,2,2,9760.0,0.8297786884395718,10.795506083434564,9.186150133174966,19.2,0,0.0,0.0
CustomerId_5001,7182.0,1026.0,860.7,32.0,2000.0,7,0,0.0,2,2,1026.0,0.8388888880712584,8.879472402074802,6.934397209928558,11.714285714285714,10,0.2857142857142857,0.0
CustomerId_5002,41000.0,6833.33,3763.86,1000.0,10000.0,6,0,0.0,2,2,6833.333333333333,0.5508090490945396,10.62135173563291,8.829713719481315,18.0,0,0.0,0.0
CustomerId_5003,1000.0,1000.0,0.0,1000.0,1000.0,1,0,0.0,1,1,1000.0,0.0,6.90875477931522,6.90875477931522,22.0,0,1.0,1.0
CustomerId_5004,12000.0,12000.0,0.0,12000.0,12000.0,1,0,0.0,1,1,12000.0,0.0,9.392745258631441,9.392745258631441,19.0,0,0.0,0.0
CustomerId_5006,71445.0,3106.3,10284.85,45.0,50000.0,23,0,0.0,2,2,3106.304347826087,3.31096481237776,11.176697198585856,8.041509460895304,14.173913043478262,21,0.0,0.043478260869565216
CustomerId_5007,101161.0,5324.26,11967.07,26.0,50000.0,19,0,0.0,2,2,5324.263157894737,2.2476494381852783,11.524478471248804,8.58021681567674,14.631578947368421,4,0.05263157894736842,0.5263157894736842
CustomerId_5008,6070.0,867.14,675.69,20.0,2000.0,7,0,0.0,2,2,867.1428571428571,0.7792167345766351,8.711278615130434,6.766352991977045,12.571428571428571,0,0.0,0.8571428571428571
CustomerId_5009,62000.0,6888.89,3257.47,1000.0,10000.0,9,0,0.0,2,2,6888.888888888889,0.4728584720509605,11.034905792929415,8.837810398713351,11.333333333333334,6,0.0,0.0
CustomerId_501,55000.0,3928.57,3647.22,1000.0,10000.0,14,0,0.0,3,2,3928.5714285714284,0.9283836100849968,10.915106645867503,8.276285284118806,12.571428571428571,27,0.07142857142857142,0.21428571428571427
CustomerId_5010,3600.0,600.0,565.02,25.0,1500.0,6,0,0.0,2,2,600.0,0.9416999984305,8.188966863648876,6.398594934535208,10.0,29,0.0,0.0
CustomerId_5013,43762.0,1287.12,1450.98,15.0,5200.0,34,0,0.0,2,2,1287.1176470588234,1.1273074762824697,10.686543990504708,7.160939070026322,14.411764705882353,55,0.23529411764705882,0.23529411764705882
CustomerId_5014,14240.0,791.11,556.8,10.0,1500.0,18,0,0.0,2,2,791.1111111111111,0.703821212342378,9.563880407219427,6.674700271059146,13.555555555555555,78,0.0,0.5555555555555556
CustomerId_5015,152000.0,7238.1,2930.95,1000.0,11000.0,21,0,0.0,2,2,7238.0952380952385,0.40493361511930837,11.931642378754141,8.887252168260444,12.238095238095237,25,0.047619047619047616,0.047619047619047616
CustomerId_5016,165250.0,6885.42,10552.14,250.0,50000.0,24,0,0.0,3,2,6885.416666666667,1.532533962847214,12.015220809132838,8.837306635358232,13.375,84,0.20833333333333334,0.20833333333333334
CustomerId_5018,182000.0,7913.04,3883.68,1000.0,20000.0,23,0,0.0,2,2,7913.04347826087,0.4907949409467417,12.111767460549332,8.976393676266689,12.217391304347826,25,0.0,0.043478260869565216
CustomerId_5019,43230.0,1543.93,1216.88,50.0,5000.0,28,0,0.0,2,2,1543.9285714285713,0.7881704476315827,10.674313109478335,7.342733880862067,10.821428571428571,40,0.0,0.42857142857142855
CustomerId_502,2000.0,2000.0,0.0,2000.0,2000.0,1,0,0.0,1,1,2000.0,0.0,7.601402334583733,7.601402334583733,21.0,0,0.0,0.0
CustomerId_5021,23380.0,1461.25,2461.21,20.0,10000.0,16,0,0.0,2,2,1461.25,1.6843182195487985,10.059679005711038,7.287731624323135,11.9375,9,0.0,0.3125
CustomerId_5022,63955.0,2664.79,4108.09,8.0,15000.0,24,0,0.0,3,2,2664.7916666666665,1.541618663556371,11.06595062590531,7.8882557279437355,12.458333333333334,80,0.20833333333333334,0.3333333333333333
CustomerId_5024,5070.0,845.0,737.39,20.0,2000.0,6,0,0.0,2,2,845.0,0.8726508865412416,8.531293315795018,6.740519359606223,10.833333333333334,6,0.3333333333333333,0.5
CustomerId_5026,122000.0,8133.33,4470.01,1000.0,20000.0,15,0,0.0,2,2,8133.333333333333,0.5495916186175168,11.711784520403112,9.003848656089257,16.0,17,0.0,0.13333333333333333
CustomerId_5027,87325.0,2646.21,3279.57,50.0,10000.0,33,0,0.0,2,2,2646.212121212121,1.2393460831758076,11.377403521083842,7.881261534176574,17.03030303030303,21,0.09090909090909091,0.30303030303030304
CustomerId_5028,525.0,262.5,335.88,25.0,500.0,2,0,0.0,2,2,262.5,1.2795428522684082,6.26530121273771,5.574053367981417,13.0,0,0.0,0.0
CustomerId_5029,20340.0,3390.0,3914.54,90.0,10000.0,6,0,0.0,2,2,3390.0,1.1547315630812,9.920393832602487,8.128880142125638,9.833333333333334,1,0.3333333333333333,0.3333333333333333
CustomerId_503,61000.0,7625.0,4405.76,1000.0,15000.0,8,0,0.0,2,2,7625.0,0.5778045900881568,11.0186455364637,8.939318740417509,19.5,0,0.0,0.0
CustomerId_5030,5000.0,5000.0,0.0,5000.0,5000.0,1,0,0.0,1,1,5000.0,0.0,8.517393171418904,8.517393171418904,13.0,0,0.0,0.0
CustomerId_5031,36878.34,1536.6,2193.69,10.0,8000.0,24,0,0.0,3,2,1536.5974999999999,1.4276259264430393,10.515406781631873,7.337978038216028,13.333333333333334,6,0.16666666666666666,0.041666666666666664
CustomerId_5032,398200.0,66366.67,31009.78,3200.0,80000.0,6,0,0.0,2,1,66366.66666666667,0.4672492984736578,12.894712181909933,11.102965319301042,12.5,0,0.16666666666666666,0.0
CustomerId_5033,6510.0,542.5,541.48,35.0,1500.0,12,0,0.0,2,2,542.5,0.9981198138283506,8.781248333236862,6.298029706561264,14.333333333333334,23,0.0,0.3333333333333333
CustomerId_5034,2000.0,2000.0,0.0,2000.0,2000.0,1,0,0.0,1,1,2000.0,0.0,7.601402334583733,7.601402334583733,18.0,0,0.0,0.0
CustomerId_5035,90500.0,45250.0,63286.06,500.0,90000.0,2,0,0.0,2,1,45250.0,1.3985869612950588,11.413116179350727,10.719980048331397,6.5,0,0.0,1.0
CustomerId_5036,32000.0,6400.0,3781.53,1000.0,10000.0,5,0,0.0,2,2,6400.0,0.5908640624076775,10.373522431293592,8.764209507142004,14.0,0,0.0,0.0
CustomerId_5037,2000.0,666.67,288.68,500.0,1000.0,3,0,0.0,2,2,666.6666666666666,0.43301783426130197,7.601402334583733,6.503794039496479,14.666666666666666,1,0.0,0.0
CustomerId_5039,63400.0,7044.44,6534.16,200.0,20000.0,9,0,0.0,2,2,7044.444444444444,0.9275627301918161,11.05723491317159,8.860135878024808,9.444444444444445,0,0.0,0.0
CustomerId_504,1000.0,1000.0,0.0,1000.0,1000.0,1,0,0.0,1,1,1000.0,0.0,6.90875477931522,6.90875477931522,6.0,0,0.0,1.0
CustomerId_5040,226205.0,6283.47,15535.05,50.0,90000.0,36,0,0.0,3,3,6283.472222222223,2.4723679746267,12.32920136751131,8.745836789704043,14.0,43,0.0,0.4722222222222222
CustomerId_5041,211400.0,10570.0,7807.83,200.0,30700.0,20,0,0.0,2,2,10570.0,0.7386783348402386,12.261512082776054,9.265869681768663,14.6,13,0.0,0.0
CustomerId_5042,1575.0,393.75,459.34,25.0,1000.0,4,0,0.0,2,2,393.75,1.1665777748150405,7.362645270417825,5.978252653135751,11.0,0,0.0,0.5
CustomerId_5043,5000.0,5000.0,0.0,5000.0,5000.0,1,0,0.0,1,1,5000.0,0.0,8.517393171418904,8.517393171418904,13.0,0,0.0,1.0
CustomerId_5044,87520.0,6732.31,6963.68,20.0,20000.0,13,0,0.0,3,2,6732.307692307692,1.0343671041537945,11.379634043550313,8.814822129368647,13.923076923076923,45,0.0,0.3076923076923077
CustomerId_5045,500.0,500.0,0.0,500.0,500.0,1,0,0.0,1,1,500.0,0.0,6.2166061010848646,6.2166061010848646,7.0,0,0.0,1.0
CustomerId_5046,8000.0,8000.0,0.0,8000.0,8000.0,1,0,0.0,1,1,8000.0,0.0,8.987321812850125,8.987321812850125,19.0,0,0.0,0.0
CustomerId_5047,57750.0,1604.17,2828.08,15.0,15000.0,36,0,0.0,3,3,1604.1666666666667,1.7629552966562423,10.963895944251435,7.3809849489582104,11.027777777777779,26,0.1111111111111111,0.4166666666666667
CustomerId_5048,77337.9,2974.53,4341.08,18.0,15500.0,26,0,0.0,3,2,2974.5346153846153,1.4594171175078356,11.255952342148323,7.998177453373183,14.5,12,0.07692307692307693,0.23076923076923078
CustomerId_5049,12775.0,982.69,802.04,25.0,2000.0,13,0,0.0,2,2,982.6923076923077,0.8161678649256958,9.455323689894849,6.891310806766116,14.538461538461538,15,0.0,0.0
CustomerId_505,500.0,500.0,0.0,500.0,500.0,1,0,0.0,1,1,500.0,0.0,6.2166061010848646,6.2166061010848646,6.0,0,0.0,0.0
CustomerId_5050,1000.0,1000.0,0.0,1000.0,1000.0,1,0,0.0,1,1,1000.0,0.0,6.90875477931522,6.90875477931522,14.0,0,0.0,1.0
CustomerId_5051,21380.0,1125.26,1259.71,20.0,5000.0,19,0,0.0,3,2,1125.2631578947369,1.1194834961524593,9.97025795616998,7.026657687906437,13.842105263157896,36,0.0,0.0
CustomerId_5052,11000.0,2750.0,2061.55,1000.0,5000.0,4,0,0.0,2,1,2750.0,0.7496545451819439,9.305741456739435,7.919719760924575,13.75,17,0.0,0.5
CustomerId_5054,2330770.0,17657.35,30736.94,20.0,90000.0,132,7,0.05,5,2,17657.348484848484,1.7407447888986318,14.66170967209368,9.778964038309379,11.969696969696969,88,0.007575757575757576,0.23484848484848486
CustomerId_5056,132000.0,7764.71,2926.8,1000.0,10000.0,17,0,0.0,2,2,7764.705882352941,0.376936163697429,11.790564777297387,8.957473167333236,11.0,20,0.0,0.0
CustomerId_5057,124970.0,1420.11,1881.11,10.0,7000.0,88,0,0.0,3,2,1420.1136363636363,1.324622739559173,11.735836989368275,7.259193535375535,11.840909090909092,84,0.14772727272727273,0.13636363636363635
CustomerId_506,1050.0,525.0,671.75,50.0,1000.0,2,0,0.0,2,2,525.0,1.2795238070866213,6.957497370876951,6.26530121273771,14.0,1,0.0,0.5
CustomerId_5060,1510.0,503.33,495.01,10.0,1000.0,3,0,0.0,2,2,503.3333333333333,0.9834700872519618,7.32052696227274,6.223230815713077,7.0,0,0.0,0.0
CustomerId_5061,5000.0,5000.0,0.0,5000.0,5000.0,1,0,0.0,1,1,5000.0,0.0,8.517393171418904,8.517393171418904,9.0,0,0.0,0.0
CustomerId_5065,625250.0,16032.05,25310.81,50.0,85000.0,39,0,0.0,2,2,16032.051282051281,1.5787631649365639,13.345908448098843,9.682407495751928,12.794871794871796,87,0.05128205128205128,0.46153846153846156
CustomerId_5066,10000.0,10000.0,0.0,10000.0,10000.0,1,0,0.0,1,1,10000.0,0.0,9.210440366976517,9.210440366976517,15.0,0,0.0,0.0
CustomerId_5067,27200.0,5440.0,4556.64,1000.0,10100.0,5,0,0.0,2,2,5440.0,0.8376176469048497,10.211009016314167,8.601718146485926,10.8,6,0.0,0.0
CustomerId_5068,100000.0,12500.0,6546.54,5000.0,20000.0,8,0,0.0,2,2,12500.0,0.5237231999581021,11.51293546492023,9.433563920090563,7.0,0,0.0,0.0
CustomerId_5069,2575.0,515.0,481.4,25.0,1000.0,5,0,0.0,2,2,515.0,0.9347572797383353,7.853993087224244,6.246106765481563,8.4,4,0.0,0.6
CustomerId_507,2100.0,1050.0,70.71,1000.0,1100.0,2,0,0.0,2,1,1050.0,0.06734285707872108,7.650168700845001,6.957497370876951,18.0,0,0.0,0.0
CustomerId_5073,360765.0,2957.09,11130.74,10.0,90000.0,122,0,0.0,2,2,2957.090163934426,3.7640856369728057,12.795984827696946,7.9922990687713735,10.040983606557377,31,0.13114754098360656,0.4180327868852459
CustomerId_5074,32340.0,1115.17,2496.05,10.0,10000.0,29,0,0.0,2,2,1115.1724137931035,2.238268602779604,10.384091054112533,7.017658461089362,12.172413793103448,19,0.0,0.5862068965517241
CustomerId_5076,31000.0,6200.0,3834.06,1000.0,10000.0,5,0,0.0,2,2,6200.0,0.6183967740938069,10.34177474101152,8.732465848349879,13.0,0,0.0,0.0
CustomerId_508,401409.0,5734.41,3994.07,200.0,14000.0,70,0,0.0,3,2,5734.414285714286,0.6965093181867865,12.902738627839238,8.654414517853807,11.585714285714285,85,0.11428571428571428,0.3142857142857143
CustomerId_5080,41000.0,6833.33,3763.86,1000.0,10000.0,6,0,0.0,2,2,6833.333333333333,0.5508090490945396,10.62135173563291,8.829713719481315,18.0,0,0.0,0.0
CustomerId_5081,48350.5,948.05,1110.28,30.0,5000.0,51,0,0.0,3,2,948.0490196078431,1.1711196654489535,10.786252524185114,6.855461484261003,14.803921568627452,69,0.0196078431372549,0.3333333333333333
CustomerId_5082,62000.0,6888.89,3434.91,1000.0,10500.0,9,0,0.0,2,2,6888.888888888889,0.4986158872476384,11.034905792929415,8.837810398713351,14.88888888888889,20,0.0,0.0
CustomerId_5085,70977.0,4436.06,5243.71,20.0,14000.0,16,0,0.0,4,3,4436.0625,1.1820647148185404,11.170125248852257,8.397747273937918,12.5625,57,0.1875,0.125
CustomerId_5087,2000.0,2000.0,0.0,2000.0,2000.0,1,0,0.0,1,1,2000.0,0.0,7.601402334583733,7.601402334583733,9.0,0,0.0,1.0
CustomerId_5089,500.0,500.0,0.0,500.0,500.0,1,0,0.0,1,1,500.0,0.0,6.2166061010848646,6.2166061010848646,21.0,0,0.0,0.0
CustomerId_509,98000.0,7538.46,3152.13,1000.0,11000.0,13,0,0.0,2,2,7538.461538461538,0.4181397791567323,11.49273296168228,8.927905840400172,7.923076923076923,13,0.0,0.0
CustomerId_5090,173000.0,5766.67,3746.29,500.0,11000.0,30,0,0.0,3,2,5766.666666666667,0.649645289109721,12.06105265381003,8.660023465122833,13.4,42,0.0,0.23333333333333334
CustomerId_5091,14500.0,906.25,791.81,50.0,2000.0,16,0,0.0,2,2,906.25,0.8737213783462384,9.581972891547895,6.810418046093179,16.375,3,0.0,0.625
CustomerId_5092,62000.0,5636.36,3801.91,1000.0,10000.0,11,0,0.0,2,2,5636.363636363636,0.6745328544176502,11.034905792929415,8.63717114979969,11.454545454545455,6,0.0,0.0
CustomerId_5094,52765.0,1256.31,1937.42,10.0,8000.0,42,0,0.0,3,2,1256.3095238095239,1.5421512194106939,10.873622322882394,7.136729797118766,8.595238095238095,29,0.16666666666666666,0.21428571428571427
CustomerId_5095,50000.0,50000.0,0.0,50000.0,50000.0,1,0,0.0,1,1,50000.0,0.0,10.819798284210286,10.819798284210286,13.0,0,0.0,0.0
CustomerId_5097,4000.0,4000.0,0.0,4000.0,4000.0,1,0,0.0,1,1,4000.0,0.0,8.294299608857235,8.294299608857235,10.0,0,0.0,0.0
CustomerId_5099,5000.0,5000.0,0.0,5000.0,5000.0,1,0,0.0,1,1,5000.0,0.0,8.517393171418904,8.517393171418904,9.0,0,0.0,0.0
CustomerId_5100,40000.0,20000.0,0.0,20000.0,20000.0,2,0,0.0,2,1,20000.0,0.0,10.596659732783579,9.90353755128617,6.0,0,0.0,0.0
CustomerId_5101,34060.0,4865.71,7530.78,20.0,20000.0,7,0,0.0,2,2,4865.714285714285,1.5477247921582409,10.43590831373871,8.490173423098266,20.0,5,0.7142857142857143,0.0
CustomerId_5103,3050.0,762.5,475.0,50.0,1000.0,4,0,0.0,2,2,762.5,0.6229508188551465,8.02322468471667,6.637913124658687,7.0,59,0.25,0.0
CustomerId_5105,495000.0,61875.0,33159.52,5000.0,90000.0,8,1,0.12,2,1,61875.0,0.5359114343347731,13.112315061750808,11.032887661356556,17.125,27,0.0,0.0
CustomerId_5106,100000.0,50000.0,0.0,50000.0,50000.0,2,0,0.0,1,1,50000.0,0.0,11.51293546492023,10.819798284210286,14.0,1,0.0,0.0
CustomerId_5107,15783.0,876.83,735.36,14.0,3000.0,18,0,0.0,2,2,876.8333333333334,0.8386574354907366,9.66675204770245,6.777452953020101,8.666666666666666,18,0.2777777777777778,0.2777777777777778
CustomerId_5108,177388.0,6569.93,3368.37,500.0,12000.0,27,0,0.0,3,3,6569.925925925926,0.5126949601422397,12.086100340170743,8.79041065397246,13.074074074074074,82,0.07407407407407407,0.18518518518518517
CustomerId_511,2000.0,2000.0,0.0,2000.0,2000.0,1,0,0.0,1,1,2000.0,0.0,7.601402334583733,7.601402334583733,7.0,0,0.0,0.0
CustomerId_5111,31000.0,6200.0,3834.06,1000.0,10000.0,5,0,0.0,2,2,6200.0,0.6183967740938069,10.34177474101152,8.732465848349879,9.8,0,0.0,0.0
CustomerId_5112,5000.0,1000.0,0.0,1000.0,1000.0,5,0,0.0,1,1,1000.0,0.0,8.517393171418904,6.90875477931522,22.0,0,1.0,0.0
CustomerId_5113,152000.0,7600.0,2962.93,1000.0,11000.0,20,0,0.0,2,2,7600.0,0.3898592104750185,11.931642378754141,8.936035096566041,9.5,25,0.1,0.15
CustomerId_5115,8000.0,2666.67,2081.67,1000.0,5000.0,3,0,0.0,2,1,2666.6666666666665,0.7806252739256732,8.987321812850125,7.888960711229582,9.0,0,0.6666666666666666,1.0
CustomerId_5116,17040.0,1002.35,623.95,20.0,2610.0,17,0,0.0,3,2,1002.3529411764706,0.6224871545642868,9.743377484107393,6.911099680232526,14.882352941176471,2,0.17647058823529413,0.0
CustomerId_5118,62000.0,6888.89,3257.47,1000.0,10000.0,9,0,0.0,2,2,6888.888888888889,0.4728584720509605,11.034905792929415,8.837810398713351,13.333333333333334,7,0.0,0.0
CustomerId_5119,46540.0,4654.0,7243.03,10.0,20000.0,10,0,0.0,3,2,4654.0,1.5563021053811124,10.748088923518438,8.445697189711167,15.5,1,0.1,0.2
CustomerId_5120,10000.0,10000.0,0.0,10000.0,10000.0,1,0,0.0,1,1,10000.0,0.0,9.210440366976517,9.210440366976517,16.0,0,0.0,0.0
CustomerId_5121,32000.0,6400.0,3781.53,1000.0,10000.0,5,0,0.0,2,2,6400.0,0.5908640624076775,10.373522431293592,8.764209507142004,7.0,0,0.0,0.0
CustomerId_5122,717000.0,9075.95,7310.9,500.0,50000.0,79,0,0.0,2,2,9075.949367088608,0.8055244904604448,13.482832514280924,9.113493512083561,12.481012658227849,13,0.012658227848101266,0.012658227848101266
CustomerId_5123,90000.0,90000.0,0.0,90000.0,90000.0,1,1,1.0,1,1,90000.0,0.0,11.407576060361786,11.407576060361786,18.0,0,0.0,0.0
CustomerId_5124,10000.0,10000.0,0.0,10000.0,10000.0,1,0,0.0,1,1,10000.0,0.0,9.210440366976517,9.210440366976517,6.0,0,0.0,0.0
CustomerId_5126,10000.0,5000.0,0.0,5000.0,5000.0,2,0,0.0,1,1,5000.0,0.0,9.210440366976517,8.517393171418904,15.0,0,0.0,1.0
CustomerId_5127,2155.0,718.33,576.64,55.0,1100.0,3,0,0.0,2,2,718.3333333333334,0.8027508237122898,7.6760099320288875,6.578320223218937,8.0,3,0.0,0.3333333333333333
CustomerId_5128,56000.0,28000.0,0.0,28000.0,28000.0,2,0,0.0,1,1,28000.0,0.0,10.933124826700707,10.239995502805316,12.0,0,0.0,0.0
CustomerId_5129,40595.0,966.55,975.45,20.0,5000.0,42,0,0.0,2,3,966.547619047619,1.0092080068188838,10.61142481856871,6.874767103155157,11.833333333333334,13,0.16666666666666666,0.19047619047619047
CustomerId_513,17169.0,1430.75,1774.16,14.0,5000.0,12,0,0.0,2,2,1430.75,1.2400209671570708,9.75091895389152,7.266652751273966,9.666666666666666,1,0.0,0.0
CustomerId_5130,1000.0,1000.0,0.0,1000.0,1000.0,1,0,0.0,1,1,1000.0,0.0,6.90875477931522,6.90875477931522,12.0,0,0.0,0.0
CustomerId_5131,5000.0,5000.0,0.0,5000.0,5000.0,1,0,0.0,1,1,5000.0,0.0,8.517393171418904,8.517393171418904,17.0,0,0.0,1.0
CustomerId_5132,500.0,500.0,0.0,500.0,500.0,1,0,0.0,1,1,500.0,0.0,6.2166061010848646,6.2166061010848646,21.0,0,0.0,0.0
CustomerId_5133,1550.0,516.67,475.22,50.0,1000.0,3,0,0.0,2,2,516.6666666666666,0.9197747093506984,7.346655163176539,6.249337973609879,8.666666666666666,1,0.0,0.0
CustomerId_5134,32000.0,6400.0,3781.53,1000.0,10000.0,5,0,0.0,2,2,6400.0,0.5908640624076775,10.373522431293592,8.764209507142004,14.0,0,0.0,0.0
CustomerId_5137,1000.0,1000.0,0.0,1000.0,1000.0,1,0,0.0,1,1,1000.0,0.0,6.90875477931522,6.90875477931522,4.0,0,1.0,1.0
CustomerId_5138,2219390.0,7205.81,11932.85,10.0,90000.0,308,0,0.0,4,2,7205.811688311688,1.656003974340705,14.612743391890337,8.88278169131898,13.594155844155845,84,0.10064935064935066,0.19155844155844157
CustomerId_5139,1000.0,1000.0,0.0,1000.0,1000.0,1,0,0.0,1,1,1000.0,0.0,6.90875477931522,6.90875477931522,21.0,0,0.0,0.0
CustomerId_514,20000.0,10000.0,0.0,10000.0,10000.0,2,0,0.0,1,1,10000.0,0.0,9.90353755128617,9.210440366976517,11.0,0,0.0,0.0
CustomerId_5140,205575.0,1671.34,4120.71,25.0,30000.0,123,0,0.0,4,2,1671.341463414634,2.465512700907348,12.233571074231984,7.421979122254281,11.439024390243903,83,0.15447154471544716,0.2764227642276423
CustomerId_5141,91000.0,22750.0,38213.22,1000.0,80000.0,4,0,0.0,3,2,22750.0,1.679701977948145,11.418625774449598,10.032364379457015,13.0,1,0.0,0.25
CustomerId_5142,30000.0,10000.0,0.0,10000.0,10000.0,3,0,0.0,1,1,10000.0,0.0,10.308985993422082,9.210440366976517,16.333333333333332,0,0.0,0.0
CustomerId_5145,1000.0,500.0,0.0,500.0,500.0,2,0,0.0,1,1,500.0,0.0,6.90875477931522,6.2166061010848646,4.0,17,0.5,0.0
CustomerId_5146,86000.0,28666.67,44500.94,1000.0,80000.0,3,0,0.0,2,2,28666.666666666668,1.552358191532105,11.362114203075018,10.26352528595505,13.666666666666666,0,0.0,0.0
CustomerId_5147,42000.0,6000.0,4082.48,1000.0,10000.0,7,0,0.0,2,2,6000.0,0.680413333219931,10.645448706505872,8.699681400989514,10.142857142857142,0,0.0,0.0
CustomerId_5148,254795.0,1152.92,1752.2,10.0,10000.0,221,0,0.0,3,2,1152.9185520361991,1.5197932193735961,12.448218503969795,7.050920120574898,12.615384615384615,50,0.11764705882352941,0.26244343891402716
CustomerId_5149,1025.0,341.67,274.24,25.0,500.0,3,0,0.0,2,2,341.6666666666667,0.8026458254963976,6.933423025730715,5.836767884926147,8.0,0,0.0,1.0
CustomerId_515,1444727.0,7981.92,10258.52,25.0,50000.0,181,0,0.0,4,2,7981.917127071823,1.2852195961265935,14.183431626516066,8.985059538300334,13.67403314917127,88,0.06629834254143646,0.2265193370165746
CustomerId_5150,92000.0,7666.67,3256.69,1000.0,11000.0,12,0,0.0,2,2,7666.666666666667,0.42478546742917256,11.429554725537322,8.94476806724572,12.0,14,0.4166666666666667,0.08333333333333333
CustomerId_5152,196810.0,19681.0,32042.03,10.0,90000.0,10,0,0.0,2,2,19681.0,1.628069203717897,12.189999156347204,9.88745979145893,14.8,28,0.0,0.4
CustomerId_5154,10000.0,10000.0,0.0,10000.0,10000.0,1,0,0.0,1,1,10000.0,0.0,9.210440366976517,9.210440366976517,8.0,0,0.0,0.0
CustomerId_5155,6200180.0,51241.16,37867.47,20.0,90000.0,121,7,0.06,2,2,51241.157024793385,0.7390049327388567,15.640089043137584,10.844317909688936,15.380165289256198,3,0.008264462809917356,0.24793388429752067
CustomerId_5156,9750.0,650.0,457.09,50.0,1000.0,15,0,0.0,2,2,650.0,0.7032153835335148,9.18512512283512,6.478509642208569,10.6,21,0.06666666666666667,0.13333333333333333
CustomerId_5157,151500.0,6586.96,3719.27,1000.0,11000.0,23,0,0.0,2,2,6586.95652173913,0.5646413519188455,11.928347504569842,8.792999019633683,10.26086956521739,24,0.17391304347826086,0.08695652173913043
CustomerId_5159,348880.0,20522.35,31546.18,30.0,76000.0,17,0,0.0,3,2,20522.352941176472,1.5371621670258444,12.762486168827605,9.929318541320624,8.941176470588236,21,0.058823529411764705,0.23529411764705882
CustomerId_516,2050.0,683.33,548.48,50.0,1000.0,3,0,0.0,2,2,683.3333333333334,0.8026575727647585,7.62608275807238,6.528440257418357,20.0,0,0.0,0.0
CustomerId_5160,11180.0,1397.5,1671.01,20.0,5000.0,8,0,0.0,2,2,1397.5,1.1957137737418864,9.321971188147367,7.243155512642015,17.0,11,0.0,0.5
CustomerId_5162,11000.0,2200.0,1643.17,1000.0,5000.0,5,0,0.0,2,2,2200.0,0.7468954542059567,9.305741456739435,7.696667081526462,14.6,5,0.0,0.0
CustomerId_5163,40000.0,8000.0,2738.61,5000.0,10000.0,5,0,0.0,2,2,8000.0,0.3423262499572092,10.596659732783579,8.987321812850125,12.6,0,0.0,0.0
CustomerId_5164,83407.0,1985.88,3276.63,10.0,12000.0,42,0,0.0,3,2,1985.8809523809523,1.6499637432020242,11.331499507007887,7.594320848176528,14.047619047619047,10,0.0,0.5476190476190477
CustomerId_5165,510.0,255.0,346.48,10.0,500.0,2,0,0.0,2,2,255.0,1.3587450927108036,6.236369590203704,5.545177444479562,17.0,0,0.0,0.0
CustomerId_5166,195840.0,21760.0,30704.7,840.0,64000.0,9,0,0.0,3,2,21760.0,1.4110615808175064,12.185058384502211,9.987874655796293,15.666666666666666,25,0.0,0.0
CustomerId_5167,22000.0,5500.0,3696.85,1000.0,10000.0,4,0,0.0,2,2,5500.0,0.6721545453323354,9.99884318585288,8.612685172875459,4.0,0,1.0,0.0
CustomerId_5168,103200.0,6880.0,3395.63,1000.0,11200.0,15,0,0.0,3,2,6880.0,0.4935508720212862,11.544433821905134,8.83651926920248,10.066666666666666,49,0.0,0.0
CustomerId_5169,3510.0,585.0,373.3,10.0,1000.0,6,0,0.0,2,2,585.0,0.6381196570288553,8.163656176168432,6.373319789577012,15.5,6,0.0,0.16666666666666666
CustomerId_517,32000.0,6400.0,3781.53,1000.0,10000.0,5,0,0.0,2,2,6400.0,0.5908640624076775,10.373522431293592,8.764209507142004,8.8,0,0.0,0.0
CustomerId_5170,14300.0,1191.67,976.27,50.0,3000.0,12,0,0.0,2,2,1191.6666666666667,0.8192452601649405,9.568084743872936,7.083949770254112,16.333333333333332,5,0.16666666666666666,0.4166666666666667
CustomerId_5171,540696.0,7209.28,3639.9,200.0,15000.0,75,0,0.0,3,2,7209.28,0.5048909183018427,13.200614326991472,8.883263064476393,9.053333333333333,87,0.18666666666666668,0.04
CustomerId_5172,414700.0,7975.0,3641.15,500.0,21700.0,52,0,0.0,2,2,7975.0,0.4565705328581103,12.935313057613287,8.984192311641674,10.51923076923077,65,0.038461538461538464,0.038461538461538464
CustomerId_5173,102000.0,7285.71,3023.72,1000.0,10000.0,14,0,0.0,2,2,7285.714285714285,0.4150206362296851,11.532737896139919,8.893807419979778,15.928571428571429,20,0.0,0.0
CustomerId_5174,39480.0,459.07,413.64,25.0,1000.0,86,0,0.0,2,2,459.06976744186045,0.9010390552616397,10.583574822507286,6.131378651818909,12.116279069767442,87,0.11627906976744186,0.23255813953488372
CustomerId_5175,122000.0,7176.47,2920.52,1000.0,10000.0,17,0,0.0,2,2,7176.470588235294,0.40695773821851716,11.711784520403112,8.878702232258167,12.647058823529411,41,0.0,0.0
CustomerId_5176,20400.0,5100.0,4001.67,200.0,10000.0,4,0,0.0,2,2,5100.0,0.784641176316737,9.923339198238729,8.537191877922927,1.0,0,1.0,0.0
CustomerId_5177,216072.0,36012.0,43615.64,462.0,90000.0,6,0,0.0,2,2,36012.0,1.211141841574721,12.283371592532648,10.491635263364433,19.5,0,0.0,0.0
CustomerId_5178,32000.0,6400.0,3781.53,1000.0,10000.0,5,0,0.0,2,2,6400.0,0.5908640624076775,10.373522431293592,8.764209507142004,12.0,0,0.0,0.0
CustomerId_5179,3000.0,3000.0,0.0,3000.0,3000.0,1,0,0.0,1,1,3000.0,0.0,8.006700845440367,8.006700845440367,9.0,0,0.0,0.0
CustomerId_518,32000.0,5333.33,2875.18,1000.0,10000.0,6,0,0.0,2,2,5333.333333333333,0.5390965868342861,10.373522431293592,8.581918570094851,17.0,0,0.0,0.0
CustomerId_5180,8622.0,4311.0,5217.03,622.0,8000.0,2,0,0.0,2,2,4311.0,1.2101670143330625,9.062188330952324,8.369157112588834,16.0,0,0.0,0.0
CustomerId_5181,62000.0,6888.89,3257.47,1000.0,10000.0,9,0,0.0,2,2,6888.888888888889,0.4728584720509605,11.034905792929415,8.837810398713351,12.88888888888889,14,0.0,0.0
CustomerId_5183,2000.0,1000.0,0.0,1000.0,1000.0,2,0,0.0,1,1,1000.0,0.0,7.601402334583733,6.90875477931522,15.0,0,0.0,1.0
CustomerId_5184,500.0,500.0,0.0,500.0,500.0,1,0,0.0,1,1,500.0,0.0,6.2166061010848646,6.2166061010848646,17.0,0,0.0,0.0
CustomerId_5185,80000.0,80000.0,0.0,80000.0,80000.0,1,0,0.0,1,1,80000.0,0.0,11.289794413577894,11.289794413577894,13.0,0,0.0,0.0
CustomerId_5186,51000.0,7285.71,3638.42,1000.0,10000.0,7,0,0.0,2,2,7285.714285714285,0.49939127408318595,10.839600519357369,8.893807419979778,17.428571428571427,0,0.0,0.0
CustomerId_5189,2000.0,1000.0,0.0,1000.0,1000.0,2,0,0.0,2,1,1000.0,0.0,7.601402334583733,6.90875477931522,8.0,0,0.0,0.0
CustomerId_5192,13000.0,13000.0,0.0,13000.0,13000.0,1,0,0.0,1,1,13000.0,0.0,9.472781556562168,9.472781556562168,8.0,0,0.0,0.0
CustomerId_5194,140176.0,2803.52,3230.58,25.0,10000.0,50,0,0.0,2,3,2803.52,1.152329927679371,11.850661188769525,7.938987680318934,15.62,48,0.02,0.26
CustomerId_5196,32000.0,5333.33,3945.46,1000.0,10000.0,6,0,0.0,2,2,5333.333333333333,0.7397742122201749,10.373522431293592,8.581918570094851,9.0,0,0.0,0.0
CustomerId_5198,76384.0,4020.21,4095.57,40.0,10800.0,19,0,0.0,3,2,4020.2105263157896,1.0187452891717734,11.243541620799823,8.299338131348028,14.157894736842104,2,0.05263157894736842,0.2631578947368421
CustomerId_5199,5000.0,5000.0,0.0,5000.0,5000.0,1,0,0.0,1,1,5000.0,0.0,8.517393171418904,8.517393171418904,23.0,0,1.0,0.0
CustomerId_520,144034.0,6001.42,8711.23,40.0,35500.0,24,0,0.0,3,2,6001.416666666667,1.4515281380987284,11.877811604580478,8.699918000226502,12.625,63,0.0,0.08333333333333333
CustomerId_5200,97600.0,8133.33,6036.3,500.0,21700.0,12,0,0.0,3,2,8133.333333333333,0.7421683368629862,11.488643018250334,9.003848656089257,9.833333333333334,12,0.0,0.16666666666666666
CustomerId_5201,14660.0,1127.69,1345.52,20.0,5000.0,13,0,0.0,3,2,1127.6923076923076,1.1931647871372761,9.592946185938265,7.028812947172177,13.307692307692308,1,0.0,0.38461538461538464
CustomerId_5202,62000.0,8857.14,6094.49,1000.0,20000.0,7,0,0.0,2,2,8857.142857142857,0.6880878025312812,11.034905792929415,9.089092089280351,17.0,0,0.0,0.0
CustomerId_5203,465800.0,4522.33,3767.06,200.0,10000.0,103,0,0.0,3,2,4522.330097087379,0.8329909580165553,13.051513783274212,8.417003727240857,10.70873786407767,82,0.20388349514563106,0.11650485436893204
CustomerId_5204,47350.0,3382.14,4062.05,50.0,14000.0,14,0,0.0,2,2,3382.1428571428573,1.2010295253298122,10.765343217715396,8.126559551311965,15.928571428571429,13,0.0,0.21428571428571427
CustomerId_5206,30400.0,6080.0,4100.24,200.0,10000.0,5,0,0.0,2,2,6080.0,0.6743815788364503,10.322230781590136,8.71292443512011,9.0,0,0.0,0.0
CustomerId_5207,122000.0,6100.0,3593.12,500.0,10000.0,20,0,0.0,2,2,6100.0,0.5890360654772071,11.711784520403112,8.716207971151853,15.45,21,0.0,0.0
CustomerId_5208,201000.0,10050.0,5762.63,1000.0,20000.0,20,0,0.0,2,2,10050.0,0.5733960198434431,12.211065162153215,9.21542741102474,10.85,62,0.35,0.0
CustomerId_521,92000.0,46000.0,62225.4,2000.0,90000.0,2,0,0.0,2,1,46000.0,1.3527260869271147,11.429554725537322,10.736418414365376,18.0,0,0.0,0.0
CustomerId_5210,5000.0,5000.0,0.0,5000.0,5000.0,1,0,0.0,1,1,5000.0,0.0,8.517393171418904,8.517393171418904,20.0,0,0.0,0.0
CustomerId_5211,536701.0,7454.18,13696.59,7.5,50000.0,72,0,0.0,3,2,7454.180555555556,1.8374375180318374,13.193198284634594,8.916664371776571,14.0,19,0.25,0.20833333333333334
CustomerId_5212,30400.0,6080.0,4100.24,200.0,10000.0,5,0,0.0,2,2,6080.0,0.6743815788364503,10.322230781590136,8.71292443512011,13.0,0,0.0,0.0
CustomerId_5214,2000.0,1000.0,0.0,1000.0,1000.0,2,0,0.0,1,1,1000.0,0.0,7.601402334583733,6.90875477931522,7.5,0,0.0,1.0
CustomerId_5216,32000.0,6400.0,3781.53,1000.0,10000.0,5,0,0.0,2,2,6400.0,0.5908640624076775,10.373522431293592,8.764209507142004,12.0,0,0.0,0.0
CustomerId_5218,43333.0,1397.84,3583.11,10.0,20000.0,31,0,0.0,2,2,1397.8387096774193,2.5633191190956626,10.676692825266652,7.2433986007197415,14.129032258064516,5,0.06451612903225806,0.06451612903225806
CustomerId_522,189000.0,63000.0,46765.37,9000.0,90000.0,3,0,0.0,2,1,63000.0,0.7423074603056777,12.149507585033072,11.050905878263567,9.0,0,0.0,1.0
CustomerId_5221,41000.0,6833.33,3763.86,1000.0,10000.0,6,0,0.0,2,2,6833.333333333333,0.5508090490945396,10.62135173563291,8.829713719481315,20.0,0,0.0,0.0
CustomerId_5223,31000.0,2583.33,3013.86,500.0,10000.0,12,0,0.0,2,2,2583.3333333333335,1.1666569887832152,10.34177474101152,7.857221565726723,16.916666666666668,0,0.08333333333333333,0.5
CustomerId_5225,210000.0,7777.78,2531.85,5000.0,10000.0,27,0,0.0,2,2,7777.777777777777,0.3255234783800103,12.25486757159303,8.959154792536765,11.0,53,0.0,0.037037037037037035
CustomerId_5226,100000.0,6666.67,3638.42,1000.0,11000.0,15,0,0.0,2,2,6666.666666666667,0.5457627270367721,11.51293546492023,8.80502575254403,9.733333333333333,17,0.3333333333333333,0.13333333333333333
CustomerId_5227,52400.0,5822.22,4292.37,200.0,10000.0,9,0,0.0,2,2,5822.222222222223,0.7372394033998647,10.866680954096502,8.669608652335862,10.11111111111111,6,0.0,0.3333333333333333
CustomerId_5229,234000.0,6500.0,3609.51,500.0,11000.0,36,0,0.0,2,2,6500.0,0.5553092306837986,12.36308066783498,8.77971129020447,8.666666666666666,50,0.16666666666666666,0.0
CustomerId_523,14200.0,1290.91,1678.7,25.0,5000.0,11,0,0.0,3,2,1290.909090909091,1.3004004916683574,9.561067663645012,7.163877022473491,14.090909090909092,6,0.0,0.0
CustomerId_5231,65098.0,3426.21,3398.45,50.0,12000.0,19,0,0.0,3,3,3426.2105263157896,0.9918977526211477,11.083664467095577,8.139501798082973,12.368421052631579,54,0.0,0.42105263157894735
CustomerId_5232,207650.0,14832.14,29931.9,100.0,90000.0,14,0,0.0,3,2,14832.142857142857,2.0180432491860216,12.243614064843113,9.604619145693418,8.642857142857142,48,0.07142857142857142,0.42857142857142855
CustomerId_5233,23000.0,3833.33,1834.85,1000.0,5000.0,6,0,0.0,2,2,3833.3333333333335,0.4786569378376876,10.043292972227004,8.251749991889088,19.0,0,0.0,0.0
CustomerId_5236,130470.0,1812.08,2202.99,30.0,9000.0,72,0,0.0,2,2,1812.0833333333333,1.215724470654869,11.778906258827647,7.50278233553975,14.972222222222221,87,0.05555555555555555,0.18055555555555555
CustomerId_5237,32000.0,6400.0,3781.53,1000.0,10000.0,5,0,0.0,2,2,6400.0,0.5908640624076775,10.373522431293592,8.764209507142004,20.0,0,0.0,0.0
CustomerId_5238,293000.0,8371.43,16632.86,1000.0,90000.0,35,0,0.0,4,3,8371.42857142857,1.9868600702643562,12.587931300962664,9.03269944392872,8.714285714285714,39,0.0,0.08571428571428572
CustomerId_5239,42000.0,7000.0,3687.82,1000.0,10000.0,6,0,0.0,2,2,7000.0,0.5268314284961669,10.645448706505872,8.853808274977197,10.333333333333334,0,0.0,0.0
CustomerId_524,23040.0,3840.0,7931.29,20.0,20000.0,6,0,0.0,2,2,3840.0,2.0654401036287915,10.045030516645731,8.253488028345904,15.833333333333334,26,0.16666666666666666,0.3333333333333333
CustomerId_5240,71000.0,7888.89,5487.36,1000.0,20000.0,9,0,0.0,2,2,7888.888888888889,0.6955807470131309,11.170449240431308,8.973337472044381,6.0,0,0.0,0.0
CustomerId_5242,32000.0,6400.0,3781.53,1000.0,10000.0,5,0,0.0,2,2,6400.0,0.5908640624076775,10.373522431293592,8.764209507142004,7.0,0,0.0,0.0
CustomerId_5243,5500.0,2750.0,3181.98,500.0,5000.0,2,0,0.0,2,1,2750.0,1.1570836359428787,8.612685172875459,7.919719760924575,20.0,0,0.0,0.0
CustomerId_5245,103000.0,8583.33,22573.71,1000.0,80000.0,12,0,0.0,2,2,8583.333333333334,2.629947817149061,11.542493975902508,9.057693727187628,8.166666666666666,6,0.16666666666666666,0.16666666666666666
CustomerId_5246,1000.0,1000.0,0.0,1000.0,1000.0,1,0,0.0,1,1,1000.0,0.0,6.90875477931522,6.90875477931522,5.0,0,1.0,0.0
CustomerId_5248,48000.0,4000.0,3908.03,1000.0,10000.0,12,0,0.0,2,2,4000.0,0.9770074997557482,10.778977123006351,8.294299608857235,6.083333333333333,25,0.5833333333333334,0.4166666666666667
CustomerId_5249,62000.0,6888.89,3257.47,1000.0,10000.0,9,0,0.0,2,2,6888.888888888889,0.4728584720509605,11.034905792929415,8.837810398713351,17.22222222222222,6,0.0,0.0
CustomerId_525,22000.0,5500.0,3696.85,1000.0,10000.0,4,0,0.0,2,2,5500.0,0.6721545453323354,9.99884318585288,8.612685172875459,14.0,0,0.0,0.0
CustomerId_5251,91000.0,7583.33,3175.43,1000.0,10000.0,12,0,0.0,2,2,7583.333333333333,0.4187382059835536,11.418625774449598,8.933839555646438,14.583333333333334,13,0.0,0.0
CustomerId_5253,41000.0,6833.33,3763.86,1000.0,10000.0,6,0,0.0,2,2,6833.333333333333,0.5508090490945396,10.62135173563291,8.829713719481315,17.0,0,0.0,0.0
CustomerId_5254,405350.0,11581.43,16607.2,100.0,90000.0,35,0,0.0,3,2,11581.42857142857,1.433950729621994,12.912508637416634,9.357244573672283,13.628571428571428,34,0.0,0.2857142857142857
CustomerId_5255,50000.0,50000.0,0.0,50000.0,50000.0,1,0,0.0,1,1,50000.0,0.0,10.819798284210286,10.819798284210286,16.0,0,0.0,0.0
CustomerId_5256,122000.0,6777.78,3934.1,1000.0,15000.0,18,0,0.0,2,2,6777.777777777777,0.5804407932124618,11.711784520403112,8.821552423740167,16.333333333333332,21,0.0,0.0
CustomerId_5257,120010.0,10000.83,5222.33,5000.0,20000.0,12,0,0.0,2,2,10000.833333333334,0.5221896582061499,11.695338684229718,9.210523355233725,10.0,13,0.0,0.0
CustomerId_5258,107000.0,8230.77,3722.76,1000.0,15000.0,13,0,0.0,2,2,8230.76923076923,0.4522979015994496,11.580593459194764,9.015756337376237,12.846153846153847,18,0.0,0.07692307692307693
CustomerId_5259,102000.0,7285.71,3148.35,1000.0,11000.0,14,0,0.0,2,2,7285.714285714285,0.43212672472111474,11.532737896139919,8.893807419979778,8.928571428571429,18,0.14285714285714285,0.07142857142857142
CustomerId_5260,371000.0,7729.17,3022.89,1000.0,10000.0,48,0,0.0,2,2,7729.166666666667,0.3911015024393173,12.82396003700373,8.952886133577676,13.166666666666666,67,0.0,0.020833333333333332
CustomerId_5261,273400.0,6358.14,3771.65,200.0,10500.0,43,0,0.0,2,2,6358.139534883721,0.593200212547506,12.518694860909774,8.757648427065316,11.813953488372093,67,0.3023255813953488,0.023255813953488372
CustomerId_5262,222400.0,7942.86,4188.12,200.0,20200.0,28,0,0.0,2,2,7942.857142857143,0.5272811052281822,12.312237337751334,8.98015458220617,13.285714285714286,40,0.0,0.03571428571428571
CustomerId_5263,87000.0,6692.31,3473.34,1000.0,10000.0,13,0,0.0,2,2,6692.307692307692,0.5190046485415343,11.373674891823535,8.808863799075702,15.692307692307692,21,0.0,0.0
CustomerId_5264,10000.0,10000.0,0.0,10000.0,10000.0,1,0,0.0,1,1,10000.0,0.0,9.210440366976517,9.210440366976517,10.0,0,0.0,0.0
CustomerId_5265,102000.0,5666.67,3710.08,1000.0,11000.0,18,0,0.0,2,2,5666.666666666667,0.6547196147552761,11.532737896139919,8.64253337752071,14.5,18,0.0,0.05555555555555555
CustomerId_5266,277294.64,5231.97,3237.2,32.0,14999.0,53,0,0.0,4,3,5231.974339622642,0.6187344345210819,12.532839508436625,8.56273427350655,10.622641509433961,55,0.03773584905660377,0.018867924528301886
CustomerId_5267,86000.0,28666.67,44500.94,1000.0,80000.0,3,0,0.0,2,2,28666.666666666668,1.552358191532105,11.362114203075018,10.26352528595505,13.0,0,0.0,1.0
CustomerId_5269,62000.0,4133.33,4011.0,500.0,10000.0,15,0,0.0,2,2,4133.333333333333,0.9704040081555539,11.034905792929415,8.327080562890345,9.733333333333333,25,0.06666666666666667,0.0
CustomerId_527,2000.0,2000.0,0.0,2000.0,2000.0,1,0,0.0,1,1,2000.0,0.0,7.601402334583733,7.601402334583733,10.0,0,0.0,0.0
CustomerId_5271,222000.0,6342.86,3532.98,1000.0,10000.0,35,0,0.0,2,2,6342.857142857143,0.5570011003621393,12.310437165348775,8.755242694975342,12.82857142857143,53,0.0,0.02857142857142857
CustomerId_5272,212000.0,7851.85,3207.01,1000.0,16000.0,27,0,0.0,2,2,7851.851851851852,0.4084400491083706,12.264346270624157,8.968631802211931,11.296296296296296,53,0.0,0.037037037037037035
CustomerId_5273,104000.0,11555.56,10013.88,1000.0,20000.0,9,0,0.0,2,2,11555.555555555555,0.8665854358536855,11.552155793461898,9.355008520086622,10.11111111111111,20,0.0,0.1111111111111111
CustomerId_5274,28037.5,1557.64,1601.07,25.0,4200.0,18,0,0.0,2,2,1557.638888888889,1.0278819232763141,10.241333844710486,7.351568925137632,16.166666666666668,70,0.2222222222222222,0.0
CustomerId_5276,6250.0,2083.33,2553.59,250.0,5000.0,3,0,0.0,2,2,2083.3333333333335,1.225725160571909,8.740496729931813,7.6422027396655405,14.0,0,0.0,0.0
CustomerId_5277,152000.0,7600.0,2962.93,1000.0,11000.0,20,0,0.0,2,2,7600.0,0.3898592104750185,11.931642378754141,8.936035096566041,9.85,25,0.15,0.1
CustomerId_5278,32000.0,6400.0,3781.53,1000.0,10000.0,5,0,0.0,2,2,6400.0,0.5908640624076775,10.373522431293592,8.764209507142004,11.8,0,0.0,0.0
CustomerId_528,78980.0,4936.25,3813.03,30.0,10000.0,16,0,0.0,2,2,4936.25,0.7724547985267247,11.276962596193759,8.504563775016095,9.6875,73,0.0,0.375
CustomerId_5280,81000.0,7363.64,3233.35,1000.0,10000.0,11,0,0.0,2,2,7363.636363636364,0.43909669668274154,11.302216779257382,8.904445447865005,4.181818181818182,7,0.7272727272727273,0.0
CustomerId_5281,32000.0,4571.43,4107.19,500.0,10000.0,7,0,0.0,2,2,4571.428571428572,0.8984475315386108,10.373522431293592,8.427800071235865,11.0,0,0.0,0.0
CustomerId_5282,111000.0,7928.57,3049.95,1000.0,10000.0,14,0,0.0,2,2,7928.571428571428,0.38467844764129233,11.6172944892629,8.978354088694633,15.0,13,0.0,0.0
CustomerId_5283,1538000.0,53034.48,43434.87,1000.0,90000.0,29,0,0.0,3,2,53034.48275862069,0.8189930399841953,14.245994079242573,10.878716402525558,13.344827586206897,1,0.034482758620689655,0.0
CustomerId_5284,13730.0,1248.18,1188.89,30.0,4000.0,11,0,0.0,2,2,1248.1818181818182,0.952498837545467,9.527411329321751,7.1302426150342,16.636363636363637,2,0.45454545454545453,0.0
CustomerId_5285,221000.0,6500.0,3645.25,1000.0,10000.0,34,0,0.0,2,2,6500.0,0.5608076922214141,12.30592250537653,8.77971129020447,14.735294117647058,67,0.0,0.029411764705882353
CustomerId_5286,291000.0,7864.86,2699.4,1000.0,10000.0,37,0,0.0,2,2,7864.864864864865,0.3432228926715513,12.581081982573842,8.970287154714882,11.972972972972974,67,0.0,0.02702702702702703
CustomerId_5287,22000.0,5500.0,3696.85,1000.0,10000.0,4,0,0.0,2,2,5500.0,0.6721545453323354,9.99884318585288,8.612685172875459,17.0,0,0.0,0.0
CustomerId_5289,132800.0,8300.0,6929.74,200.0,20000.0,16,0,0.0,2,2,8300.0,0.8349084336343483,11.796607046116602,9.024131268455035,11.0,7,0.125,0.0
CustomerId_529,19815.0,1042.89,1268.18,20.0,5000.0,19,0,0.0,2,2,1042.8947368421052,1.2160246994256108,9.894244971169195,6.950709398906735,9.210526315789474,68,0.10526315789473684,0.05263157894736842
CustomerId_5290,52000.0,7428.57,3779.64,1000.0,11000.0,7,0,0.0,2,2,7428.571428571428,0.5087977900849291,10.859018228147887,8.913223262551202,12.285714285714286,7,0.0,0.0
CustomerId_5291,32000.0,5333.33,4033.2,1000.0,10000.0,6,0,0.0,2,2,5333.333333333333,0.756225472499128,10.373522431293592,8.581918570094851,17.0,0,0.0,0.0
CustomerId_5292,52000.0,7428.57,3552.33,1000.0,10000.0,7,0,0.0,2,2,7428.571428571428,0.47819836112761965,10.859018228147887,8.913223262551202,17.714285714285715,6,0.0,0.0
CustomerId_5293,262050.0,7487.14,3386.81,25.0,10025.0,35,0,0.0,2,2,7487.142857142857,0.4523502965815584,12.476294420288667,8.921075714563846,15.657142857142857,76,0.0,0.08571428571428572
CustomerId_5294,42000.0,6000.0,4082.48,1000.0,10000.0,7,0,0.0,2,2,6000.0,0.680413333219931,10.645448706505872,8.699681400989514,18.142857142857142,0,0.0,0.0
CustomerId_5297,90000.0,90000.0,0.0,90000.0,90000.0,1,0,0.0,1,1,90000.0,0.0,11.407576060361786,11.407576060361786,14.0,0,0.0,0.0
CustomerId_5298,20000.0,3333.33,3265.99,2000.0,10000.0,6,0,0.0,2,1,3333.3333333333335,0.9797979795040401,9.90353755128617,8.112027038616482,16.666666666666668,0,0.0,0.0
CustomerId_530,434925.0,7248.75,6866.69,50.0,20000.0,60,0,0.0,2,2,7248.75,0.9472929814178591,12.982931180657104,8.888722264495556,10.816666666666666,32,0.05,0.16666666666666666
CustomerId_531,9770.0,814.17,584.5,20.0,2100.0,12,0,0.0,2,2,814.1666666666666,0.7179090353146038,9.187174093944343,6.703396680446266,12.666666666666666,64,0.25,0.16666666666666666
CustomerId_532,3000.0,3000.0,0.0,3000.0,3000.0,1,0,0.0,1,1,3000.0,0.0,8.006700845440367,8.006700845440367,18.0,0,0.0,0.0
CustomerId_533,26000.0,5200.0,4751.32,500.0,10000.0,5,0,0.0,3,1,5200.0,0.91371538443967,10.165890277802454,8.556606193773073,10.8,0,0.0,0.0
CustomerId_5338,1000.0,1000.0,0.0,1000.0,1000.0,1,0,0.0,1,1,1000.0,0.0,6.90875477931522,6.90875477931522,13.0,0,0.0,0.0
CustomerId_5339,3000.0,1000.0,0.0,1000.0,1000.0,3,0,0.0,1,1,1000.0,0.0,8.006700845440367,6.90875477931522,14.333333333333334,0,0.0,0.0
CustomerId_534,6270.0,1567.5,2326.28,20.0,5000.0,4,0,0.0,2,2,1567.5,1.4840701744918212,8.74369111054302,7.357875027630733,14.25,7,0.0,0.75
CustomerId_535,1000.0,1000.0,0.0,1000.0,1000.0,1,0,0.0,1,1,1000.0,0.0,6.90875477931522,6.90875477931522,15.0,0,0.0,0.0
CustomerId_539,25990.0,1624.38,1449.01,140.0,4000.0,16,0,0.0,2,2,1624.375,0.892038808103991,10.165505603232393,7.393496913579934,11.5625,27,0.0,0.0
CustomerId_540,10000.0,10000.0,0.0,10000.0,10000.0,1,0,0.0,1,1,10000.0,0.0,9.210440366976517,9.210440366976517,20.0,0,0.0,0.0
CustomerId_541,50528.5,1804.59,3293.49,2.0,15000.0,28,0,0.0,2,2,1804.5892857142858,1.8250627556258967,10.830312603125183,7.4986426871627785,14.142857142857142,62,0.07142857142857142,0.17857142857142858
CustomerId_542,12260.0,3065.0,4649.97,60.0,10000.0,4,0,0.0,2,2,3065.0,1.517119085965051,9.414178772232386,8.028129059431759,17.5,1,0.0,0.25
CustomerId_543,56692.0,2024.71,2559.12,18.0,10000.0,28,0,0.0,5,2,2024.7142857142858,1.2639439715989231,10.945406025304303,7.613675535372714,13.321428571428571,21,0.03571428571428571,0.10714285714285714
CustomerId_544,2500.0,500.0,0.0,500.0,500.0,5,0,0.0,1,1,500.0,0.0,7.824445930877619,6.2166061010848646,21.8,0,0.8,1.0
CustomerId_545,500.0,500.0,0.0,500.0,500.0,1,0,0.0,1,1,500.0,0.0,6.2166061010848646,6.2166061010848646,5.0,0,1.0,1.0
CustomerId_546,41000.0,6833.33,3763.86,1000.0,10000.0,6,0,0.0,2,2,6833.333333333333,0.5508090490945396,10.62135173563291,8.829713719481315,20.0,0,0.0,0.0
CustomerId_547,41000.0,6833.33,3763.86,1000.0,10000.0,6,0,0.0,2,2,6833.333333333333,0.5508090490945396,10.62135173563291,8.829713719481315,15.0,0,0.0,0.0
CustomerId_549,223410.0,6770.0,3536.83,10.0,10000.0,33,0,0.0,2,2,6770.0,0.522426883231547,12.31676840343816,8.820404065485645,10.787878787878787,41,0.06060606060606061,0.0
CustomerId_550,152000.0,6909.09,3100.06,1000.0,10000.0,22,0,0.0,2,2,6909.090909090909,0.4486929537104462,11.931642378754141,8.840737941278922,9.0,42,0.18181818181818182,0.0
CustomerId_551,42422.0,6060.29,4894.51,622.0,11000.0,7,0,0.0,3,2,6060.285714285715,0.8076362680981213,10.655445946975886,8.709677927696612,15.142857142857142,10,0.0,0.5714285714285714
CustomerId_556,331691.0,1822.48,2516.08,5.0,10000.0,182,0,0.0,4,2,1822.478021978022,1.3805803073940013,12.711962106465219,7.5085020422697495,13.252747252747254,81,0.13736263736263737,0.23626373626373626
CustomerId_557,1525.0,508.33,487.55,25.0,1000.0,3,0,0.0,2,2,508.3333333333333,0.9591210415298703,7.330405211844402,6.233096136534323,21.0,0,0.0,1.0
CustomerId_558,20085.0,1545.0,2272.52,10.0,7000.0,13,0,0.0,2,2,1545.0,1.4708867304395554,9.907778333953285,7.343426229147367,13.846153846153847,1,0.23076923076923078,0.46153846153846156
CustomerId_559,112000.0,7466.67,3113.72,1000.0,11000.0,15,0,0.0,2,2,7466.666666666667,0.4170158852049151,11.626263078808801,8.91833831514751,11.666666666666666,25,0.2,0.06666666666666667
CustomerId_560,173400.0,6936.0,3671.84,200.0,10700.0,25,0,0.0,2,2,6936.0,0.5293886965788078,12.063362110324636,8.844624683385302,14.8,27,0.0,0.0
CustomerId_561,82000.0,6307.69,3875.88,500.0,10000.0,13,0,0.0,2,2,6307.692307692308,0.6144690051961227,11.314486721293981,8.749683327008889,6.3076923076923075,6,0.38461538461538464,0.0
CustomerId_563,152256.0,2496.0,11485.62,10.0,90000.0,61,0,0.0,3,2,2496.0,4.601610575079484,11.933325161526728,7.822845290279774,11.852459016393443,78,0.18032786885245902,0.26229508196721313
CustomerId_565,22000.0,5500.0,3696.85,1000.0,10000.0,4,0,0.0,2,2,5500.0,0.6721545453323354,9.99884318585288,8.612685172875459,4.0,0,1.0,0.0
CustomerId_566,50000.0,50000.0,0.0,50000.0,50000.0,1,0,0.0,1,1,50000.0,0.0,10.819798284210286,10.819798284210286,18.0,0,0.0,0.0
CustomerId_567,62135.0,2824.32,3287.18,30.0,10000.0,22,0,0.0,2,2,2824.318181818182,1.1638836954863883,11.037080810099484,7.946376911501772,13.272727272727273,17,0.0,0.22727272727272727
CustomerId_568,1000.0,1000.0,0.0,1000.0,1000.0,1,0,0.0,1,1,1000.0,0.0,6.90875477931522,6.90875477931522,11.0,0,0.0,0.0
CustomerId_571,5150.0,858.33,720.01,50.0,2000.0,6,0,0.0,2,2,858.3333333333334,0.8388498586338007,8.546946149565585,6.756153015847549,8.0,0,0.0,0.0
CustomerId_572,128450.0,3892.42,6517.5,20.0,33000.0,33,0,0.0,3,2,3892.4242424242425,1.6744082083448322,11.763302787638127,8.267043227740325,10.424242424242424,32,0.12121212121212122,0.030303030303030304
CustomerId_573,10000.0,10000.0,0.0,10000.0,10000.0,1,0,0.0,1,1,10000.0,0.0,9.210440366976517,9.210440366976517,12.0,0,0.0,0.0
CustomerId_574,3020.0,755.0,490.0,20.0,1000.0,4,0,0.0,2,2,755.0,0.6490066216569449,8.013343181386672,6.628041376179533,19.5,0,0.0,0.0
CustomerId_575,15350.0,1705.56,1451.82,100.0,4000.0,9,0,0.0,2,2,1705.5555555555557,0.8512277487445602,9.638935897473202,7.442234927412238,14.88888888888889,3,0.2222222222222222,0.4444444444444444
CustomerId_576,500.0,500.0,0.0,500.0,500.0,1,0,0.0,1,1,500.0,0.0,6.2166061010848646,6.2166061010848646,22.0,0,1.0,0.0
CustomerId_577,500.0,500.0,0.0,500.0,500.0,1,0,0.0,1,1,500.0,0.0,6.2166061010848646,6.2166061010848646,12.0,0,0.0,1.0
CustomerId_578,70800.0,3726.32,4434.28,100.0,17000.0,19,0,0.0,3,2,3726.315789473684,1.1899890505404824,11.167628403875849,8.223444755734477,10.368421052631579,13,0.0,0.10526315789473684
CustomerId_581,1000.0,500.0,0.0,500.0,500.0,2,0,0.0,1,1,500.0,0.0,6.90875477931522,6.2166061010848646,11.0,0,0.0,0.0
CustomerId_582,7525.0,1505.0,1995.34,25.0,5000.0,5,0,0.0,2,2,1505.0,1.3258073080891644,8.926118971153382,7.317212408359839,15.0,0,0.0,1.0
CustomerId_583,7000.0,1750.0,866.03,500.0,2500.0,4,0,0.0,2,1,1750.0,0.49487428543150036,8.853808274977197,7.467942332285852,18.5,3,0.0,0.25
CustomerId_584,32000.0,6400.0,3781.53,1000.0,10000.0,5,0,0.0,2,2,6400.0,0.5908640624076775,10.373522431293592,8.764209507142004,18.8,0,0.0,0.0
CustomerId_585,7050.0,881.25,335.88,50.0,1000.0,8,0,0.0,2,2,881.25,0.3811404250994151,8.860924729719041,6.78247546255538,12.25,8,0.375,0.75
CustomerId_586,41000.0,6833.33,3763.86,1000.0,10000.0,6,0,0.0,2,2,6833.333333333333,0.5508090490945396,10.62135173563291,8.829713719481315,20.0,0,0.0,0.0
CustomerId_587,1000.0,1000.0,0.0,1000.0,1000.0,1,0,0.0,1,1,1000.0,0.0,6.90875477931522,6.90875477931522,16.0,0,0.0,0.0
CustomerId_588,29050.0,1075.93,1931.77,20.0,10000.0,27,0,0.0,2,2,1075.9259259259259,1.795442080994635,10.276808185095502,6.981869679686624,13.148148148148149,16,0.07407407407407407,0.4444444444444444
CustomerId_590,1000.0,1000.0,0.0,1000.0,1000.0,1,0,0.0,1,1,1000.0,0.0,6.90875477931522,6.90875477931522,16.0,0,0.0,0.0
CustomerId_592,113165.0,1088.12,1855.94,20.0,10000.0,104,0,0.0,2,2,1088.125,1.705639082357057,11.636611046279226,6.993125309699641,12.432692307692308,45,0.07692307692307693,0.3269230769230769
CustomerId_593,4245.0,707.5,373.81,45.0,1000.0,6,0,0.0,2,2,707.5,0.5283533561436702,8.353732642263202,6.563150059130735,15.833333333333334,49,0.0,0.3333333333333333
CustomerId_594,67157.0,5165.92,2633.63,1000.0,10000.0,13,0,0.0,3,2,5165.923076923077,0.5098085141640195,11.114803331117322,8.55003204529525,12.0,41,0.0,0.23076923076923078
CustomerId_595,2000.0,2000.0,0.0,2000.0,2000.0,1,0,0.0,1,1,2000.0,0.0,7.601402334583733,7.601402334583733,15.0,0,0.0,0.0
CustomerId_596,5000.0,5000.0,0.0,5000.0,5000.0,1,0,0.0,1,1,5000.0,0.0,8.517393171418904,8.517393171418904,12.0,0,0.0,1.0
CustomerId_598,8340.0,2085.0,3284.85,140.0,7000.0,4,0,0.0,2,2,2085.0,1.5754676251436606,9.028938392241612,7.643003635560718,12.75,1,0.25,0.0
CustomerId_599,728500.0,24283.33,35814.58,500.0,90000.0,30,0,0.0,4,2,24283.333333333332,1.4748627967632584,13.498744277300052,10.097586565352524,10.233333333333333,3,0.03333333333333333,0.4666666666666667
CustomerId_6,10000.0,10000.0,0.0,10000.0,10000.0,1,0,0.0,1,1,10000.0,0.0,9.210440366976517,9.210440366976517,16.0,0,0.0,0.0
CustomerId_600,55245.0,2046.11,2102.69,20.0,6000.0,27,0,0.0,2,2,2046.111111111111,1.027652471749978,10.919551218569078,7.624184321393855,10.88888888888889,32,0.2222222222222222,0.1111111111111111
CustomerId_601,92000.0,7076.92,4086.8,500.0,10000.0,13,0,0.0,2,2,7076.923076923077,0.5774828596935555,11.429554725537322,8.864735358213673,12.307692307692308,0,0.0,0.0
CustomerId_602,90000.0,90000.0,0.0,90000.0,90000.0,1,0,0.0,1,1,90000.0,0.0,11.407576060361786,11.407576060361786,10.0,0,0.0,0.0
CustomerId_603,110000.0,36666.67,46188.02,10000.0,90000.0,3,0,0.0,1,1,36666.666666666664,1.2596731581771763,11.608244735642321,10.50965071936843,7.0,0,0.0,0.0
CustomerId_604,3000.0,1000.0,0.0,1000.0,1000.0,3,0,0.0,2,1,1000.0,0.0,8.006700845440367,6.90875477931522,14.333333333333334,0,0.0,0.0
CustomerId_605,19768.0,790.72,970.9,20.0,5000.0,25,0,0.0,3,2,790.72,1.2278682704018258,9.891870333195937,6.674207793952535,9.64,41,0.16,0.08
CustomerId_606,1064660.0,5118.56,14545.88,10.0,90000.0,208,0,0.0,8,4,5118.557692307692,2.8417914407876834,13.878166996595171,8.540823776840716,11.245192307692308,89,0.004807692307692308,0.057692307692307696
CustomerId_607,32000.0,6400.0,3781.53,1000.0,10000.0,5,0,0.0,2,2,6400.0,0.5908640624076775,10.373522431293592,8.764209507142004,13.0,0,0.0,0.0
CustomerId_609,31465.0,1850.88,2016.17,25.0,5500.0,17,0,0.0,3,2,1850.8823529411766,1.089303465870665,10.35666287680037,7.523956618290435,10.588235294117647,22,0.0,0.17647058823529413
CustomerId_610,501709.61,6118.41,8572.44,13.0,42000.0,82,0,0.0,5,3,6118.40987804878,1.4010894985133246,13.125778758345199,8.719220965630331,15.097560975609756,78,0.0,0.0975609756097561
CustomerId_611,6000.0,3000.0,2828.43,1000.0,5000.0,2,0,0.0,1,1,3000.0,0.94280999968573,8.699681400989514,8.006700845440367,3.5,0,1.0,0.0
CustomerId_612,50805.0,1336.97,1614.27,10.0,6500.0,38,0,0.0,4,2,1336.9736842105262,1.2074092902552716,10.835769736828329,7.198908818912144,11.421052631578947,63,0.13157894736842105,0.3684210526315789
CustomerId_613,11150.0,1393.75,1579.88,50.0,5000.0,8,0,0.0,2,2,1393.75,1.1335461875275006,9.319284458965361,7.240470466725638,13.75,7,0.0,0.5
CustomerId_614,3235.0,647.0,402.55,35.0,1000.0,5,0,0.0,2,2,647.0,0.622179288064638,8.082093278178382,6.473890696352274,6.2,28,0.4,0.4
CustomerId_619,92055.0,5415.0,6473.0,100.0,20000.0,17,0,0.0,3,2,5415.0,1.1953831946084241,11.430152366503295,8.59711281459211,15.0,48,0.058823529411764705,0.11764705882352941
CustomerId_620,176000.0,29333.33,39276.8,1000.0,80000.0,6,0,0.0,2,2,29333.333333333332,1.338981970293213,12.07824495582233,10.286513781487747,12.833333333333334,2,0.0,0.0
CustomerId_621,62000.0,6888.89,3257.47,1000.0,10000.0,9,0,0.0,2,2,6888.888888888889,0.4728584720509605,11.034905792929415,8.837810398713351,8.0,7,0.0,0.0
CustomerId_622,31000.0,6200.0,3834.06,1000.0,10000.0,5,0,0.0,2,2,6200.0,0.6183967740938069,10.34177474101152,8.732465848349879,15.0,0,0.0,0.0
CustomerId_624,500.0,500.0,0.0,500.0,500.0,1,0,0.0,1,1,500.0,0.0,6.2166061010848646,6.2166061010848646,14.0,0,0.0,0.0
CustomerId_625,762471.0,3719.37,11469.36,10.0,90000.0,205,0,0.0,5,3,3719.370731707317,3.0836835262198483,13.544321065477984,8.221578404686731,11.317073170731707,25,0.05853658536585366,0.23414634146341465
CustomerId_627,211026.0,1586.66,2568.76,10.0,10573.0,133,0,0.0,3,2,1586.6616541353383,1.6189731879426132,12.259741366357062,7.370016513089713,12.451127819548873,43,0.17293233082706766,0.19548872180451127
CustomerId_629,32000.0,6400.0,3781.53,1000.0,10000.0,5,0,0.0,2,2,6400.0,0.5908640624076775,10.373522431293592,8.764209507142004,13.0,0,0.0,0.0
CustomerId_630,500.0,500.0,0.0,500.0,500.0,1,0,0.0,1,1,500.0,0.0,6.2166061010848646,6.2166061010848646,3.0,0,1.0,1.0
CustomerId_633,13020.0,2170.0,1936.34,20.0,5000.0,6,0,0.0,2,2,2170.0,0.8923225802339527,9.474318717728728,7.682943169878292,11.0,1,0.0,0.0
CustomerId_636,27760.0,616.89,874.32,10.0,4000.0,45,0,0.0,2,2,616.8888888888889,1.4173029204277865,10.231387437026681,6.426310448087455,12.311111111111112,42,0.0,0.4
CustomerId_638,41000.0,6833.33,3763.86,1000.0,10000.0,6,0,0.0,2,2,6833.333333333333,0.5508090490945396,10.62135173563291,8.829713719481315,20.0,0,0.0,0.0
CustomerId_639,31000.0,6200.0,3834.06,1000.0,10000.0,5,0,0.0,2,2,6200.0,0.6183967740938069,10.34177474101152,8.732465848349879,16.0,0,0.0,0.0
CustomerId_640,93210.0,4905.79,3661.14,10.0,10000.0,19,0,0.0,3,2,4905.789473684211,0.7462895882729815,11.442621019460265,8.498375239168421,12.157894736842104,18,0.3684210526315789,0.0
CustomerId_642,9000.0,1285.71,487.95,1000.0,2000.0,7,0,0.0,1,2,1285.7142857142858,0.37951793143125745,9.105090961257085,7.159843851980127,9.857142857142858,1,0.0,0.2857142857142857
CustomerId_643,10000.0,10000.0,0.0,10000.0,10000.0,1,0,0.0,1,1,10000.0,0.0,9.210440366976517,9.210440366976517,7.0,0,0.0,0.0
CustomerId_644,500.0,500.0,0.0,500.0,500.0,1,0,0.0,1,1,500.0,0.0,6.2166061010848646,6.2166061010848646,20.0,0,0.0,0.0
CustomerId_645,92000.0,6571.43,3274.95,1000.0,10000.0,14,0,0.0,2,2,6571.428571428572,0.4983618481063692,11.429554725537322,8.79063890610989,10.571428571428571,18,0.0,0.07142857142857142
CustomerId_646,2050.0,683.33,548.48,50.0,1000.0,3,0,0.0,2,2,683.3333333333334,0.8026575727647585,7.62608275807238,6.528440257418357,14.0,0,0.0,0.0
CustomerId_647,3831082.0,2049.8,7356.49,7.0,90000.0,1869,0,0.0,5,2,2049.8031032637773,3.5888818403800946,15.15865808880962,7.625985239909546,13.02621722846442,75,0.12841091492776885,0.33226324237560195
CustomerId_648,42900.0,2042.86,2021.9,100.0,5000.0,21,0,0.0,2,2,2042.857142857143,0.9897398740051987,10.666650414667744,7.622595455827147,17.285714285714285,43,0.0,0.0
CustomerId_650,90000.0,90000.0,0.0,90000.0,90000.0,1,0,0.0,1,1,90000.0,0.0,11.407576060361786,11.407576060361786,8.0,0,0.0,0.0
CustomerId_651,25500.0,6375.0,4571.2,500.0,10000.0,4,0,0.0,3,2,6375.0,0.7170509802796782,10.146472946063877,8.760296220470051,11.0,0,0.0,0.0
CustomerId_652,984780.5,4780.49,14555.87,10.0,80000.0,206,0,0.0,7,3,4780.48786407767,3.0448489583609946,13.800175068135719,8.472507492393497,13.820388349514563,85,0.04854368932038835,0.23300970873786409
CustomerId_653,14035.0,779.72,922.42,25.0,3500.0,18,0,0.0,2,2,779.7222222222222,1.1830144139139505,9.549380736703105,6.660216570833206,14.944444444444445,62,0.05555555555555555,0.2777777777777778
CustomerId_654,15000.0,15000.0,0.0,15000.0,15000.0,1,0,0.0,1,1,15000.0,0.0,9.61587214452889,9.61587214452889,10.0,0,0.0,0.0
CustomerId_655,322300.0,6081.13,4107.22,25.0,14000.0,53,0,0.0,3,2,6081.132075471698,0.6754040777494636,12.683241170498064,8.713110242556724,9.339622641509434,49,0.05660377358490566,0.018867924528301886
CustomerId_656,13160.0,1012.31,800.26,20.0,2000.0,13,0,0.0,3,2,1012.3076923076923,0.7905285922390093,9.485013189834323,6.920977479151259,13.76923076923077,49,0.0,0.0
CustomerId_658,7020.0,1755.0,2212.11,20.0,5000.0,4,0,0.0,3,2,1755.0,1.2604615377433268,8.85666093701725,7.470793774195062,7.75,0,0.0,0.0
CustomerId_660,174150.0,7256.25,4383.84,45.0,15000.0,24,0,0.0,2,2,7256.25,0.604146769942581,12.067678017953947,8.889756248181804,13.0,63,0.0,0.0
CustomerId_661,300909.0,2426.69,3245.07,16.0,20000.0,124,0,0.0,2,3,2426.685483870968,1.337241262239,12.614566495698348,7.79469546692748,13.346774193548388,87,0.024193548387096774,0.3629032258064516
CustomerId_662,4000.0,2000.0,0.0,2000.0,2000.0,2,0,0.0,1,1,2000.0,0.0,8.294299608857235,7.601402334583733,16.0,0,0.0,0.0
CustomerId_664,120000.0,60000.0,0.0,60000.0,60000.0,2,0,0.0,1,1,60000.0,0.0,11.695255355062795,11.002116507732017,13.0,0,0.0,0.0
CustomerId_665,641833.84,2468.59,5057.58,5.9,30000.0,260,0,0.0,5,3,2468.591692307692,2.048772780393353,13.372086291008458,7.8118074239410085,10.73076923076923,88,0.13846153846153847,0.13076923076923078
CustomerId_666,41000.0,6833.33,3763.86,1000.0,10000.0,6,0,0.0,2,2,6833.333333333333,0.5508090490945396,10.62135173563291,8.829713719481315,16.166666666666668,0,0.0,0.0
CustomerId_667,62000.0,8857.14,6094.49,1000.0,20000.0,7,0,0.0,2,2,8857.142857142857,0.6880878025312812,11.034905792929415,9.089092089280351,18.857142857142858,0,0.0,0.0
CustomerId_668,2000.0,2000.0,0.0,2000.0,2000.0,1,0,0.0,1,1,2000.0,0.0,7.601402334583733,7.601402334583733,4.0,0,1.0,0.0
CustomerId_670,1525.0,508.33,487.55,25.0,1000.0,3,0,0.0,2,2,508.3333333333333,0.9591210415298703,7.330405211844402,6.233096136534323,15.0,0,0.0,0.0
CustomerId_672,38500.0,1283.33,2507.52,500.0,10000.0,30,0,0.0,2,2,1283.3333333333333,1.953916761897628,10.55843949396453,7.157992460574457,13.033333333333333,4,0.0,0.8333333333333334
CustomerId_673,2725.0,545.0,355.49,25.0,1000.0,5,0,0.0,2,2,545.0,0.652275228160963,7.9105906122564775,6.302618975744905,13.0,0,0.0,0.0
CustomerId_677,32000.0,6400.0,3781.53,1000.0,10000.0,5,0,0.0,2,2,6400.0,0.5908640624076775,10.373522431293592,8.764209507142004,10.2,0,0.0,0.0
CustomerId_679,2020.0,673.33,565.8,20.0,1000.0,3,0,0.0,2,2,673.3333333333334,0.8403011883618712,7.611347717403621,6.513719605333686,15.0,0,0.0,0.0
CustomerId_680,27350.0,2103.85,2710.16,40.0,10000.0,13,0,0.0,2,3,2103.846153846154,1.288190697393735,10.216508370253013,7.651999484670082,10.384615384615385,61,0.3076923076923077,0.38461538461538464
CustomerId_681,21984.0,10992.0,1402.9,10000.0,11984.0,2,0,0.0,2,2,10992.0,0.12762918485010652,9.99811568161491,9.305013985578864,15.0,6,0.0,0.0
CustomerId_682,1172012.0,2738.35,10037.31,10.0,90000.0,428,1,0.0,5,3,2738.345794392523,3.6654591255078937,13.974233341207748,7.9154759449621395,10.75233644859813,13,0.1261682242990654,0.5210280373831776
CustomerId_683,89000.0,3869.57,1604.1,1000.0,5000.0,23,0,0.0,2,1,3869.5652173913045,0.41454218416657607,11.39640288460621,8.261157061999894,10.782608695652174,24,0.0,0.9130434782608695
CustomerId_684,182800.0,7030.77,5034.03,200.0,20000.0,26,0,0.0,2,2,7030.7692307692305,0.7159998121520117,12.116153408446742,8.858193731207809,11.846153846153847,34,0.0,0.0
CustomerId_687,51000.0,25500.0,34648.23,1000.0,50000.0,2,0,0.0,2,1,25500.0,1.3587541175937745,10.839600519357369,10.146472946063877,11.0,0,0.0,1.0
CustomerId_689,17790.0,2965.0,3913.23,40.0,10000.0,6,0,0.0,2,2,2965.0,1.3198077567218187,9.786447990434775,7.994969522697877,11.666666666666666,38,0.3333333333333333,0.0
CustomerId_690,51819.0,3238.69,5556.36,25.0,20000.0,16,0,0.0,3,2,3238.6875,1.7156195864020267,10.8555314541161,8.083232925196501,14.0625,56,0.0625,0.125
CustomerId_691,132000.0,7764.71,21443.15,500.0,90000.0,17,0,0.0,4,2,7764.705882352941,2.7616163381811276,11.790564777297387,8.957473167333236,13.705882352941176,7,0.0,0.17647058823529413
CustomerId_692,32000.0,6400.0,3781.53,1000.0,10000.0,5,0,0.0,2,2,6400.0,0.5908640624076775,10.373522431293592,8.764209507142004,18.0,0,0.0,0.0
CustomerId_693,90000.0,90000.0,0.0,90000.0,90000.0,1,0,0.0,1,1,90000.0,0.0,11.407576060361786,11.407576060361786,9.0,0,0.0,1.0
CustomerId_694,4075.0,582.14,434.15,25.0,1000.0,7,0,0.0,2,2,582.1428571428571,0.7457828001068767,8.312871394342615,6.368427294743435,8.428571428571429,3,0.0,0.2857142857142857
CustomerId_695,1000.0,1000.0,0.0,1000.0,1000.0,1,0,0.0,1,1,1000.0,0.0,6.90875477931522,6.90875477931522,17.0,0,0.0,0.0
CustomerId_696,41000.0,6833.33,3763.86,1000.0,10000.0,6,0,0.0,2,2,6833.333333333333,0.5508090490945396,10.62135173563291,8.829713719481315,20.0,0,0.0,0.0
CustomerId_697,1000.0,500.0,0.0,500.0,500.0,2,0,0.0,1,1,500.0,0.0,6.90875477931522,6.2166061010848646,10.0,0,0.0,0.0
CustomerId_698,402400.0,9358.14,12956.03,200.0,90000.0,43,1,0.02,2,2,9358.139534883721,1.3844663574829543,12.905204382854041,9.1441086849085,12.069767441860465,67,0.13953488372093023,0.023255813953488372
CustomerId_699,74625.0,6784.09,4779.46,325.0,17000.0,11,0,0.0,2,2,6784.090909090909,0.7045101110532864,11.220244250940128,8.82248283673516,13.272727272727273,75,0.0,0.0
CustomerId_7,10000.0,10000.0,0.0,10000.0,10000.0,1,0,0.0,1,1,10000.0,0.0,9.210440366976517,9.210440366976517,16.0,0,0.0,0.0
CustomerId_700,15255.0,423.75,479.2,10.0,2000.0,36,0,0.0,3,2,423.75,1.1308554545584533,9.632728147280256,6.051500760552042,11.277777777777779,73,0.0,0.05555555555555555
CustomerId_701,10000.0,10000.0,0.0,10000.0,10000.0,1,0,0.0,1,1,10000.0,0.0,9.210440366976517,9.210440366976517,13.0,0,0.0,0.0
CustomerId_702,130000.0,8125.0,5998.61,1000.0,28000.0,16,0,0.0,2,2,8125.0,0.7382904614475949,11.775297421715827,9.002824076547672,15.125,28,0.0,0.0
CustomerId_703,2000.0,2000.0,0.0,2000.0,2000.0,1,0,0.0,1,1,2000.0,0.0,7.601402334583733,7.601402334583733,13.0,0,0.0,0.0
CustomerId_704,51000.0,25500.0,34648.23,1000.0,50000.0,2,0,0.0,2,1,25500.0,1.3587541175937745,10.839600519357369,10.146472946063877,17.5,1,0.0,0.0
CustomerId_705,1000.0,1000.0,0.0,1000.0,1000.0,1,0,0.0,1,1,1000.0,0.0,6.90875477931522,6.90875477931522,14.0,0,0.0,0.0
CustomerId_706,11500.0,2875.0,2462.21,500.0,5000.0,4,0,0.0,1,1,2875.0,0.856420869267332,9.350189267092581,7.964155718840937,11.75,12,0.0,0.5
CustomerId_707,162000.0,7714.29,2935.01,1000.0,11000.0,21,0,0.0,2,2,7714.285714285715,0.3804640478410244,11.995357787034976,8.950959353202927,10.333333333333334,25,0.14285714285714285,0.09523809523809523
CustomerId_708,10000.0,1111.11,546.45,500.0,2000.0,9,0,0.0,2,2,1111.111111111111,0.49180549136286644,9.210440366976517,7.014014390781491,16.555555555555557,1,0.0,0.0
CustomerId_709,3000.0,1000.0,0.0,1000.0,1000.0,3,0,0.0,2,1,1000.0,0.0,8.006700845440367,6.90875477931522,9.0,10,0.3333333333333333,0.0
CustomerId_710,12000.0,6000.0,1414.21,5000.0,7000.0,2,0,0.0,1,1,6000.0,0.23570166662738304,9.392745258631441,8.699681400989514,11.5,0,0.0,0.0
CustomerId_711,1000.0,500.0,0.0,500.0,500.0,2,0,0.0,2,1,500.0,0.0,6.90875477931522,6.2166061010848646,8.0,13,0.0,0.5
CustomerId_7112,70000.0,35000.0,0.0,35000.0,35000.0,2,0,0.0,1,1,35000.0,0.0,11.156264806643742,10.463131911491967,10.0,0,0.0,1.0
CustomerId_712,43596.0,1321.09,2000.67,10.0,10000.0,33,0,0.0,2,2,1321.090909090909,1.514408555424378,10.682743619630342,7.186969096763068,11.272727272727273,70,0.21212121212121213,0.42424242424242425
CustomerId_713,421400.0,9577.27,5345.98,200.0,20000.0,44,0,0.0,2,2,9577.272727272728,0.5581945585163418,12.95134015339165,9.167252270106404,9.431818181818182,55,0.5909090909090909,0.0
CustomerId_714,15450.0,643.75,469.81,50.0,1000.0,24,0,0.0,2,2,643.75,0.7298019406138999,9.645429005150419,6.468862644761455,10.833333333333334,32,0.2916666666666667,0.3333333333333333
CustomerId_715,20000.0,10000.0,0.0,10000.0,10000.0,2,0,0.0,1,1,10000.0,0.0,9.90353755128617,9.210440366976517,12.0,0,0.0,0.0
CustomerId_716,1000.0,1000.0,0.0,1000.0,1000.0,1,0,0.0,1,1,1000.0,0.0,6.90875477931522,6.90875477931522,3.0,0,1.0,0.0
CustomerId_717,48238.3,2097.32,2105.95,10.0,6000.0,23,0,0.0,3,2,2097.317391304348,1.0041147745674885,10.783929320516348,7.6488923035407455,8.826086956521738,72,0.34782608695652173,0.17391304347826086
CustomerId_718,139546.0,3488.65,5069.14,45.0,19500.0,40,0,0.0,2,2,3488.65,1.4530377075794254,11.846156741062304,8.15755672363449,13.6,80,0.05,0.225
CustomerId_720,1500.0,1500.0,0.0,1500.0,1500.0,1,0,0.0,1,1,1500.0,0.0,7.313886831633462,7.313886831633462,20.0,0,0.0,0.0
CustomerId_723,25000.0,8333.33,2886.75,5000.0,10000.0,3,0,0.0,2,1,8333.333333333334,0.3464101385224862,10.12667110305036,9.028138408030719,8.0,0,0.0,0.0
CustomerId_727,59030.0,2270.38,3615.35,10.0,11500.0,26,0,0.0,3,2,2270.3846153846152,1.5923986286029657,10.985818008629956,7.728142855276578,15.461538461538462,0,0.0,0.0
CustomerId_728,10000.0,10000.0,0.0,10000.0,10000.0,1,0,0.0,1,1,10000.0,0.0,9.210440366976517,9.210440366976517,10.0,0,0.0,0.0
CustomerId_729,21820.0,2182.0,2441.97,20.0,5000.0,10,0,0.0,2,2,2182.0,1.1191429875714285,9.990628087851128,7.688455356549944,12.7,7,0.0,0.2
CustomerId_730,62000.0,6888.89,3444.0,1000.0,11000.0,9,0,0.0,2,2,6888.888888888889,0.499935403163654,11.034905792929415,8.837810398713351,13.0,35,0.0,0.0
CustomerId_732,4100.0,683.33,490.58,50.0,1000.0,6,0,0.0,2,2,683.3333333333334,0.7179254522442663,8.31898612539206,6.528440257418357,19.5,0,0.0,1.0
CustomerId_7321,60000.0,10000.0,0.0,10000.0,10000.0,6,0,0.0,2,1,10000.0,0.0,11.002116507732017,9.210440366976517,8.0,0,0.0,0.0
CustomerId_7323,20000.0,10000.0,0.0,10000.0,10000.0,2,0,0.0,1,1,10000.0,0.0,9.90353755128617,9.210440366976517,6.0,0,0.0,0.0
CustomerId_7324,19998.0,9999.0,0.0,9999.0,9999.0,2,0,0.0,1,1,9999.0,0.0,9.903437551286085,9.210340371976184,7.0,0,0.0,0.0
CustomerId_7325,10000.0,5000.0,0.0,5000.0,5000.0,2,0,0.0,1,1,5000.0,0.0,9.210440366976517,8.517393171418904,4.0,0,1.0,1.0
CustomerId_7326,65000.0,10833.33,7359.8,5000.0,20000.0,6,0,0.0,1,1,10833.333333333334,0.679366362819247,11.082157933374816,9.290475075417978,6.0,0,0.0,0.0
CustomerId_7327,11700.0,1170.0,1779.54,500.0,6200.0,10,0,0.0,1,1,1170.0,1.5209743576743806,9.367429587218957,7.065613363597717,7.6,1,0.0,0.0
CustomerId_7328,276000.0,55200.0,47672.84,1000.0,90000.0,5,0,0.0,1,1,55200.0,0.8636384057814558,12.52815976788113,10.918736348043124,11.0,0,0.0,0.0
CustomerId_7329,60000.0,20000.0,25980.76,5000.0,50000.0,3,0,0.0,1,1,20000.0,1.299037999935048,11.002116507732017,9.90353755128617,13.0,0,0.0,1.0
CustomerId_733,11000.0,5500.0,6363.96,1000.0,10000.0,2,0,0.0,1,1,5500.0,1.1570836361532575,9.305741456739435,8.612685172875459,18.5,1,0.0,0.5
CustomerId_7331,500.0,500.0,0.0,500.0,500.0,1,0,0.0,1,1,500.0,0.0,6.2166061010848646,6.2166061010848646,17.0,0,0.0,0.0
CustomerId_7332,6500.0,1300.0,670.82,1000.0,2500.0,5,0,0.0,1,1,1300.0,0.5160153842184497,8.77971129020447,7.170888478512505,10.0,4,0.0,0.0
CustomerId_7333,50000.0,50000.0,0.0,50000.0,50000.0,1,0,0.0,1,1,50000.0,0.0,10.819798284210286,10.819798284210286,19.0,0,0.0,0.0
CustomerId_7334,8000.0,2666.67,1154.7,2000.0,4000.0,3,0,0.0,1,1,2666.6666666666665,0.43301195857267233,8.987321812850125,7.888960711229582,9.0,0,0.0,0.3333333333333333
CustomerId_7335,1500.0,750.0,353.55,500.0,1000.0,2,0,0.0,1,1,750.0,0.4713999993714667,7.313886831633462,6.621405651764134,17.5,1,0.0,0.0
CustomerId_7336,28400.0,1494.74,933.62,1000.0,5000.0,19,0,0.0,2,1,1494.7368421052631,0.6246036095745054,10.254179634797001,7.3103763466385665,11.947368421052632,44,0.05263157894736842,0.21052631578947367
CustomerId_7338,730000.0,81111.11,26666.67,10000.0,90000.0,9,0,0.0,2,1,81111.11111111111,0.3287671688831682,13.500801182986649,11.303587550781018,13.666666666666666,0,0.0,0.0
CustomerId_7339,360000.0,90000.0,0.0,90000.0,90000.0,4,2,0.5,1,1,90000.0,0.0,12.793862088206213,11.407576060361786,15.5,0,0.0,0.0
CustomerId_734,481366.0,5870.32,10700.79,25.0,70000.0,82,0,0.0,5,2,5870.317073170731,1.8228631485467808,13.084385251919127,8.677834759773859,14.902439024390244,41,0.08536585365853659,0.23170731707317074
CustomerId_7340,500.0,500.0,0.0,500.0,500.0,1,0,0.0,1,1,500.0,0.0,6.2166061010848646,6.2166061010848646,7.0,0,0.0,0.0
CustomerId_7341,90000.0,90000.0,0.0,90000.0,90000.0,1,0,0.0,1,1,90000.0,0.0,11.407576060361786,11.407576060361786,4.0,0,1.0,0.0
CustomerId_7343,104090000.0,25443.66,11448.38,5000.0,90000.0,4091,0,0.0,1,1,25443.656807626496,0.4499502036872859,18.460766477098723,10.144261176779994,13.189440234661452,60,0.004399902224395014,0.0
CustomerId_7344,4600.0,920.0,396.23,500.0,1500.0,5,0,0.0,1,1,920.0,0.43068478214056005,8.434028950155469,6.825460036255307,8.4,19,0.0,0.0
CustomerId_735,30000.0,7500.0,5446.71,1000.0,12000.0,4,0,0.0,2,2,7500.0,0.7262279999031696,10.308985993422082,8.922791623969637,5.0,0,1.0,0.0
CustomerId_738,500.0,500.0,0.0,500.0,500.0,1,0,0.0,1,1,500.0,0.0,6.2166061010848646,6.2166061010848646,8.0,0,0.0,0.0
CustomerId_739,51400.0,6425.0,4383.98,200.0,10700.0,8,0,0.0,2,2,6425.0,0.682331517403528,10.847412906506923,8.768107539675803,9.625,0,0.0,0.0
CustomerId_740,16000.0,5333.33,4509.25,1000.0,10000.0,3,0,0.0,2,2,5333.333333333333,0.8454849032695361,9.680406499268875,8.581918570094851,9.0,0,0.0,0.0
CustomerId_7401,180000.0,90000.0,0.0,90000.0,90000.0,2,1,0.5,1,1,90000.0,0.0,12.100717685412471,11.407576060361786,22.0,0,0.5,0.0
CustomerId_7402,2000.0,1000.0,0.0,1000.0,1000.0,2,0,0.0,1,1,1000.0,0.0,7.601402334583733,6.90875477931522,18.0,0,0.0,0.0
CustomerId_7403,12300.0,1230.0,725.79,500.0,3000.0,10,0,0.0,1,1,1230.0,0.5900731702519729,9.417435838868785,7.115582126184454,13.0,34,0.0,0.2
CustomerId_7404,1000.0,1000.0,0.0,1000.0,1000.0,1,0,0.0,1,1,1000.0,0.0,6.90875477931522,6.90875477931522,10.0,0,0.0,0.0
CustomerId_7405,20000.0,20000.0,0.0,20000.0,20000.0,1,0,0.0,1,1,20000.0,0.0,9.90353755128617,9.90353755128617,16.0,0,0.0,0.0
CustomerId_7406,7500.0,1875.0,629.15,1000.0,2500.0,4,0,0.0,1,1,1875.0,0.3355466664877084,8.922791623969637,7.53689712956617,17.5,10,0.0,0.0
CustomerId_7407,18077.0,3615.4,2077.64,1000.0,6000.0,5,0,0.0,2,1,3615.4,0.5746639374413166,9.802451008358355,8.193234334863211,15.2,17,0.0,0.2
CustomerId_7408,52500.0,17500.0,28155.82,500.0,50000.0,3,0,0.0,1,1,17500.0,1.6089039999080625,10.868587496017359,9.770013301136158,13.0,18,0.0,0.3333333333333333
CustomerId_7409,291000.0,4693.55,10122.35,500.0,60000.0,62,0,0.0,2,1,4693.548387096775,2.1566511484576383,12.581081982573842,8.454157540403413,9.403225806451612,89,0.0967741935483871,0.11290322580645161
CustomerId_7410,19200.0,2400.0,3043.49,500.0,9000.0,8,0,0.0,1,1,2400.0,1.2681208328049496,9.862717639992917,7.783640596221253,9.25,51,0.0,0.125
CustomerId_7411,3800.0,1266.67,208.17,1100.0,1500.0,3,0,0.0,1,1,1266.6666666666667,0.1643443042273486,8.24301946898925,7.144935848759717,11.666666666666666,8,0.0,0.3333333333333333
CustomerId_7412,86578.0,6184.14,10941.18,500.0,37878.0,14,0,0.0,2,1,6184.142857142857,1.7692322615967244,11.36881257091772,8.729904919978656,10.5,55,0.0,0.07142857142857142
CustomerId_7413,1000.0,500.0,0.0,500.0,500.0,2,0,0.0,1,1,500.0,0.0,6.90875477931522,6.2166061010848646,8.5,0,0.0,0.0
CustomerId_7414,180000.0,90000.0,0.0,90000.0,90000.0,2,2,1.0,1,1,90000.0,0.0,12.100717685412471,11.407576060361786,10.0,4,0.0,0.0
CustomerId_7415,500.0,500.0,0.0,500.0,500.0,1,0,0.0,1,1,500.0,0.0,6.2166061010848646,6.2166061010848646,13.0,0,0.0,0.0
CustomerId_7416,90000.0,90000.0,0.0,90000.0,90000.0,1,1,1.0,1,1,90000.0,0.0,11.407576060361786,11.407576060361786,7.0,0,0.0,0.0
CustomerId_7417,90500.0,45250.0,63286.06,500.0,90000.0,2,0,0.0,1,1,45250.0,1.3985869612950588,11.413116179350727,10.719980048331397,6.5,0,0.0,0.0
CustomerId_7418,90000.0,90000.0,0.0,90000.0,90000.0,1,0,0.0,1,1,90000.0,0.0,11.407576060361786,11.407576060361786,13.0,0,0.0,0.0
CustomerId_7419,90000.0,90000.0,0.0,90000.0,90000.0,1,0,0.0,1,1,90000.0,0.0,11.407576060361786,11.407576060361786,13.0,0,0.0,0.0
CustomerId_742,5500.0,2750.0,3181.98,500.0,5000.0,2,0,0.0,2,1,2750.0,1.1570836359428787,8.612685172875459,7.919719760924575,18.5,5,0.0,1.0
CustomerId_7420,90000.0,90000.0,0.0,90000.0,90000.0,1,0,0.0,1,1,90000.0,0.0,11.407576060361786,11.407576060361786,13.0,0,0.0,0.0
CustomerId_7421,90000.0,90000.0,0.0,90000.0,90000.0,1,0,0.0,1,1,90000.0,0.0,11.407576060361786,11.407576060361786,13.0,0,0.0,0.0
CustomerId_7422,90000.0,90000.0,0.0,90000.0,90000.0,1,0,0.0,1,1,90000.0,0.0,11.407576060361786,11.407576060361786,13.0,0,0.0,0.0
CustomerId_7423,90000.0,90000.0,0.0,90000.0,90000.0,1,0,0.0,1,1,90000.0,0.0,11.407576060361786,11.407576060361786,13.0,0,0.0,0.0
CustomerId_7424,90000.0,90000.0,0.0,90000.0,90000.0,1,0,0.0,1,1,90000.0,0.0,11.407576060361786,11.407576060361786,13.0,0,0.0,0.0
CustomerId_7425,90000.0,90000.0,0.0,90000.0,90000.0,1,0,0.0,1,1,90000.0,0.0,11.407576060361786,11.407576060361786,13.0,0,0.0,0.0
CustomerId_7426,10000.0,909.09,301.51,500.0,1500.0,11,0,0.0,1,1,909.0909090909091,0.3316613312965038,9.210440366976517,6.813543495719405,8.727272727272727,51,0.0,0.09090909090909091
CustomerId_7427,1000.0,1000.0,0.0,1000.0,1000.0,1,0,0.0,1,1,1000.0,0.0,6.90875477931522,6.90875477931522,12.0,0,0.0,1.0
CustomerId_7428,7000.0,2333.33,2362.91,500.0,5000.0,3,0,0.0,1,1,2333.3333333333335,1.0126771605333678,8.853808274977197,7.755480191026942,12.0,31,0.0,0.6666666666666666
CustomerId_7429,110000.0,55000.0,49497.47,20000.0,90000.0,2,1,0.5,1,1,55000.0,0.8999539999836372,11.608244735642321,10.915106645867503,17.0,0,0.5,0.0
CustomerId_7430,94200.0,2943.75,4424.78,500.0,20000.0,32,0,0.0,1,1,2943.75,1.5031099782579669,11.45318607621936,7.987779202838894,10.65625,29,0.0,0.125
CustomerId_7431,5900.0,1966.67,57.74,1900.0,2000.0,3,0,0.0,1,1,1966.6666666666667,0.029359272257491457,8.682877107057168,7.584605380625016,18.333333333333332,8,0.0,0.0
CustomerId_7433,3000.0,3000.0,0.0,3000.0,3000.0,1,0,0.0,1,1,3000.0,0.0,8.006700845440367,8.006700845440367,7.0,0,0.0,0.0
CustomerId_7434,11000.0,2750.0,1500.0,2000.0,5000.0,4,0,0.0,1,1,2750.0,0.5454545452561984,9.305741456739435,7.919719760924575,9.75,3,0.25,0.75
CustomerId_7435,50000.0,50000.0,0.0,50000.0,50000.0,1,0,0.0,1,1,50000.0,0.0,10.819798284210286,10.819798284210286,21.0,0,0.0,0.0
CustomerId_7436,5500.0,1375.0,1108.68,500.0,3000.0,4,0,0.0,1,1,1375.0,0.806312726686318,8.612685172875459,7.226936018493289,10.5,22,0.0,0.0
CustomerId_7437,6500.0,2166.67,288.68,2000.0,2500.0,3,0,0.0,1,1,2166.6666666666665,0.133236718035863,8.77971129020447,7.681408136951666,6.666666666666667,44,0.3333333333333333,0.3333333333333333
CustomerId_7438,50000.0,50000.0,0.0,50000.0,50000.0,1,0,0.0,1,1,50000.0,0.0,10.819798284210286,10.819798284210286,4.0,0,1.0,0.0
CustomerId_7439,24000.0,1411.76,870.26,1000.0,4000.0,17,0,0.0,1,1,1411.764705882353,0.6164362210174277,10.085850775128717,7.253300516878106,10.411764705882353,20,0.0,0.17647058823529413
CustomerId_7440,33900.0,33900.0,0.0,33900.0,33900.0,1,0,0.0,1,1,33900.0,0.0,10.431199791458543,10.431199791458543,13.0,0,0.0,0.0
CustomerId_7441,1500.0,750.0,353.55,500.0,1000.0,2,0,0.0,1,1,750.0,0.4713999993714667,7.313886831633462,6.621405651764134,9.5,0,0.0,0.0
CustomerId_7442,64000.0,2461.54,1028.82,1000.0,5000.0,26,0,0.0,1,1,2461.5384615384614,0.41795786360653986,11.06665398721974,7.80894861656914,13.423076923076923,23,0.07692307692307693,0.34615384615384615
CustomerId_7443,16000.0,2666.67,516.4,2000.0,3000.0,6,0,0.0,1,1,2666.6666666666665,0.193649757865184,9.680406499268875,7.888960711229582,16.0,3,0.0,0.0
CustomerId_7444,20000.0,20000.0,0.0,20000.0,20000.0,1,0,0.0,1,1,20000.0,0.0,9.90353755128617,9.90353755128617,9.0,0,0.0,0.0
CustomerId_7445,6000.0,2000.0,0.0,2000.0,2000.0,3,0,0.0,1,1,2000.0,0.0,8.699681400989514,7.601402334583733,9.0,6,1.0,0.0
CustomerId_7446,1000.0,500.0,0.0,500.0,500.0,2,0,0.0,1,1,500.0,0.0,6.90875477931522,6.2166061010848646,10.5,17,0.0,0.0
CustomerId_7447,54000.0,13500.0,7681.15,5000.0,20000.0,4,0,0.0,1,1,13500.0,0.5689740740319278,10.896757843893464,9.510519035757246,8.5,71,0.0,0.0
CustomerId_7448,2000.0,2000.0,0.0,2000.0,2000.0,1,0,0.0,1,1,2000.0,0.0,7.601402334583733,7.601402334583733,19.0,0,0.0,0.0
CustomerId_745,500.0,500.0,0.0,500.0,500.0,1,0,0.0,1,1,500.0,0.0,6.2166061010848646,6.2166061010848646,12.0,0,0.0,1.0
CustomerId_7450,261000.0,20076.92,7587.95,3000.0,25000.0,13,0,0.0,1,1,20076.923076923078,0.377943927635417,12.472279517715116,9.90737598278293,7.769230769230769,60,0.3076923076923077,0.0
CustomerId_7451,13431.0,1918.71,1090.83,1000.0,4000.0,7,0,0.0,1,1,1918.7142857142858,0.5685226008263246,9.505395198757377,7.559929411947219,10.571428571428571,7,0.2857142857142857,0.14285714285714285
CustomerId_7452,285000.0,31666.67,19364.92,5000.0,50000.0,9,0,0.0,2,1,31666.666666666668,0.6115237250834544,12.560247968016562,10.363051565623161,9.444444444444445,46,0.2222222222222222,0.1111111111111111
CustomerId_7453,3000.0,500.0,0.0,500.0,500.0,6,0,0.0,1,1,500.0,0.0,8.006700845440367,6.2166061010848646,11.5,20,0.0,0.0
CustomerId_7454,1600.0,800.0,282.84,600.0,1000.0,2,0,0.0,1,1,800.0,0.3535499995580625,7.3783837129967145,6.68586094706836,11.5,13,0.0,0.0
CustomerId_7455,130000.0,65000.0,7071.07,60000.0,70000.0,2,0,0.0,1,1,65000.0,0.10878569230601867,11.775297421715827,11.082157933374816,11.5,62,0.0,0.0
CustomerId_7456,70000.0,35000.0,7071.07,30000.0,40000.0,2,0,0.0,1,1,35000.0,0.20203057142279912,11.156264806643742,10.463131911491967,11.5,62,0.0,0.0
CustomerId_7457,180000.0,90000.0,0.0,90000.0,90000.0,2,0,0.0,1,1,90000.0,0.0,12.100717685412471,11.407576060361786,11.5,62,0.0,0.0
CustomerId_7458,120000.0,40000.0,0.0,40000.0,40000.0,3,0,0.0,1,1,40000.0,0.0,11.695255355062795,10.596659732783579,12.0,62,0.0,0.0
CustomerId_7459,180000.0,60000.0,0.0,60000.0,60000.0,3,0,0.0,1,1,60000.0,0.0,12.100717685412471,11.002116507732017,12.0,62,0.0,0.0
CustomerId_746,1000.0,1000.0,0.0,1000.0,1000.0,1,0,0.0,1,1,1000.0,0.0,6.90875477931522,6.90875477931522,19.0,0,0.0,0.0
CustomerId_7460,120000.0,40000.0,10000.0,30000.0,50000.0,3,0,0.0,1,1,40000.0,0.24999999999375,11.695255355062795,10.596659732783579,12.0,62,0.0,0.0
CustomerId_7461,180000.0,60000.0,10000.0,50000.0,70000.0,3,0,0.0,1,1,60000.0,0.16666666666388888,12.100717685412471,11.002116507732017,12.0,62,0.0,0.0
CustomerId_7462,150000.0,50000.0,0.0,50000.0,50000.0,3,0,0.0,1,1,50000.0,0.0,11.918397239722838,10.819798284210286,12.0,62,0.0,0.0
CustomerId_7463,150000.0,50000.0,0.0,50000.0,50000.0,3,0,0.0,1,1,50000.0,0.0,11.918397239722838,10.819798284210286,12.0,62,0.0,0.0
CustomerId_7464,100000.0,50000.0,0.0,50000.0,50000.0,2,0,0.0,1,1,50000.0,0.0,11.51293546492023,10.819798284210286,11.5,62,0.0,0.0
CustomerId_7465,100000.0,50000.0,0.0,50000.0,50000.0,2,0,0.0,1,1,50000.0,0.0,11.51293546492023,10.819798284210286,11.5,62,0.0,0.0
CustomerId_7466,46000.0,9200.0,3563.71,4000.0,13000.0,5,0,0.0,1,1,9200.0,0.3873597825665913,10.736418414365376,9.127067452782361,11.2,55,0.0,0.0
CustomerId_7467,11500.0,1916.67,1357.08,500.0,4000.0,6,0,0.0,1,1,1916.6666666666667,0.7080405073862268,9.350189267092581,7.558866186417209,14.333333333333334,3,0.0,0.3333333333333333
CustomerId_7468,11000.0,5500.0,2121.32,4000.0,7000.0,2,0,0.0,1,1,5500.0,0.38569454538441916,9.305741456739435,8.612685172875459,18.0,0,0.0,1.0
CustomerId_7469,1000.0,1000.0,0.0,1000.0,1000.0,1,0,0.0,1,1,1000.0,0.0,6.90875477931522,6.90875477931522,14.0,0,0.0,0.0
CustomerId_7470,10000.0,10000.0,0.0,10000.0,10000.0,1,0,0.0,1,1,10000.0,0.0,9.210440366976517,9.210440366976517,16.0,0,0.0,0.0
CustomerId_7471,10000.0,10000.0,0.0,10000.0,10000.0,1,0,0.0,1,1,10000.0,0.0,9.210440366976517,9.210440366976517,16.0,0,0.0,0.0
CustomerId_7472,10000.0,10000.0,0.0,10000.0,10000.0,1,0,0.0,1,1,10000.0,0.0,9.210440366976517,9.210440366976517,16.0,0,0.0,0.0
CustomerId_7473,10000.0,10000.0,0.0,10000.0,10000.0,1,0,0.0,1,1,10000.0,0.0,9.210440366976517,9.210440366976517,16.0,0,0.0,0.0
CustomerId_7474,10000.0,10000.0,0.0,10000.0,10000.0,1,0,0.0,1,1,10000.0,0.0,9.210440366976517,9.210440366976517,16.0,0,0.0,0.0
CustomerId_7475,6000.0,2000.0,2179.45,500.0,4500.0,3,0,0.0,2,1,2000.0,1.0897249994551375,8.699681400989514,7.601402334583733,9.666666666666666,2,0.0,0.6666666666666666
CustomerId_7476,213400.0,9278.26,9563.14,1000.0,31400.0,23,0,0.0,2,1,9278.260869565218,1.0307040327571435,12.270928303874424,9.135537081221424,10.347826086956522,56,0.043478260869565216,0.17391304347826086
CustomerId_7477,2000.0,2000.0,0.0,2000.0,2000.0,1,0,0.0,1,1,2000.0,0.0,7.601402334583733,7.601402334583733,11.0,0,0.0,0.0
CustomerId_7478,500.0,500.0,0.0,500.0,500.0,1,0,0.0,1,1,500.0,0.0,6.2166061010848646,6.2166061010848646,6.0,0,0.0,0.0
CustomerId_7479,500.0,500.0,0.0,500.0,500.0,1,0,0.0,1,1,500.0,0.0,6.2166061010848646,6.2166061010848646,8.0,0,0.0,0.0
CustomerId_748,13000.0,4333.33,4932.88,1000.0,10000.0,3,0,0.0,2,2,4333.333333333333,1.13835779847407,9.472781556562168,8.374322321329618,7.0,0,0.0,1.0
CustomerId_749,5000.0,2500.0,2121.32,1000.0,4000.0,2,0,0.0,2,2,2500.0,0.8485279996605889,8.517393171418904,7.824445930877619,21.0,0,0.0,1.0
CustomerId_753,2000.0,2000.0,0.0,2000.0,2000.0,1,0,0.0,1,1,2000.0,0.0,7.601402334583733,7.601402334583733,22.0,0,1.0,0.0
CustomerId_754,3050.0,762.5,475.0,50.0,1000.0,4,0,0.0,2,2,762.5,0.6229508188551465,8.02322468471667,6.637913124658687,17.25,1,0.0,0.0
CustomerId_755,500.0,500.0,0.0,500.0,500.0,1,0,0.0,1,1,500.0,0.0,6.2166061010848646,6.2166061010848646,18.0,0,0.0,0.0
CustomerId_756,5000.0,5000.0,0.0,5000.0,5000.0,1,0,0.0,1,1,5000.0,0.0,8.517393171418904,8.517393171418904,11.0,0,0.0,0.0
CustomerId_757,1510.0,503.33,495.01,10.0,1000.0,3,0,0.0,2,2,503.3333333333333,0.9834700872519618,7.32052696227274,6.223230815713077,22.0,0,1.0,0.0
CustomerId_759,1104980.5,7366.54,10508.22,7.5,70000.0,150,0,0.0,5,3,7366.536666666667,1.4264797311320538,13.915339150712391,8.904839143847196,13.593333333333334,74,0.02666666666666667,0.12
CustomerId_760,90400.0,8218.18,5090.74,200.0,20000.0,11,0,0.0,2,2,8218.181818181818,0.619448588298206,11.412010608265987,9.014225726383199,18.0,77,0.0,0.0
CustomerId_761,388811.0,2370.8,3328.29,50.0,27000.0,164,0,0.0,5,2,2370.798780487805,1.4038678921022996,12.870851215289662,7.771404439530695,11.981707317073171,89,0.1524390243902439,0.20121951219512196
CustomerId_764,122400.0,6800.0,3598.69,200.0,10000.0,18,0,0.0,2,2,6800.0,0.5292191175692325,11.715057818961629,8.824824939175638,11.333333333333334,27,0.0,0.0
CustomerId_767,6525.0,1631.25,2280.84,25.0,5000.0,4,0,0.0,3,2,1631.25,1.398216091096879,8.783549477153265,7.397714710066743,20.25,9,0.0,0.25
CustomerId_768,2000.0,1000.0,0.0,1000.0,1000.0,2,0,0.0,1,1,1000.0,0.0,7.601402334583733,6.90875477931522,14.0,0,0.0,0.0
CustomerId_770,32909.5,1567.12,1578.66,25.0,5000.0,21,0,0.0,3,2,1567.1190476190477,1.0073638259945865,10.401547034772445,7.35763272859428,13.095238095238095,2,0.0,0.0
CustomerId_771,2000.0,2000.0,0.0,2000.0,2000.0,1,0,0.0,1,1,2000.0,0.0,7.601402334583733,7.601402334583733,12.0,0,0.0,0.0
CustomerId_773,32000.0,6400.0,3781.53,1000.0,10000.0,5,0,0.0,2,2,6400.0,0.5908640624076775,10.373522431293592,8.764209507142004,10.2,0,0.0,0.0
CustomerId_774,35200.0,1466.67,2606.99,25.0,12000.0,24,0,0.0,2,2,1466.6666666666667,1.7774891408582096,10.468829770273567,7.291431388263807,13.458333333333334,5,0.08333333333333333,0.0
CustomerId_775,50795.0,1587.34,2043.65,10.0,5000.0,32,0,0.0,3,2,1587.34375,1.2874683424550075,10.835572890308924,7.370444724683158,13.53125,38,0.09375,0.21875
CustomerId_776,122255.0,2306.7,4858.22,10.0,30000.0,53,0,0.0,4,2,2306.698113207547,2.1061343035045157,11.713872485887348,7.744006636510534,12.88679245283019,59,0.1320754716981132,0.37735849056603776
CustomerId_778,10000.0,10000.0,0.0,10000.0,10000.0,1,0,0.0,1,1,10000.0,0.0,9.210440366976517,9.210440366976517,3.0,0,1.0,0.0
CustomerId_779,30000.0,7500.0,2886.75,5000.0,10000.0,4,0,0.0,2,2,7500.0,0.38489999994867996,10.308985993422082,8.922791623969637,10.0,0,0.0,0.0
CustomerId_780,8100.0,2025.0,2129.75,100.0,5000.0,4,0,0.0,2,2,2025.0,1.0517283945423563,8.999742789830492,7.613818684808629,13.25,2,0.0,0.0
CustomerId_781,2000.0,2000.0,0.0,2000.0,2000.0,1,0,0.0,1,1,2000.0,0.0,7.601402334583733,7.601402334583733,4.0,0,1.0,0.0
CustomerId_784,322479.5,1885.85,5081.82,2.5,50000.0,171,0,0.0,3,2,1885.845029239766,2.69471060651976,12.683797948273597,7.542664050952991,14.602339181286549,28,0.04093567251461988,0.36257309941520466
CustomerId_785,50000.0,50000.0,0.0,50000.0,50000.0,1,0,0.0,1,1,50000.0,0.0,10.819798284210286,10.819798284210286,14.0,0,0.0,0.0
CustomerId_786,203222.2,2945.25,6568.11,10.0,39000.0,69,0,0.0,5,3,2945.249275362319,2.2300687540174624,12.222060161397543,7.988288454250341,10.840579710144928,74,0.18840579710144928,0.13043478260869565
CustomerId_787,1000.0,1000.0,0.0,1000.0,1000.0,1,0,0.0,1,1,1000.0,0.0,6.90875477931522,6.90875477931522,2.0,0,1.0,1.0
CustomerId_789,22000.0,5500.0,3696.85,1000.0,10000.0,4,0,0.0,2,2,5500.0,0.6721545453323354,9.99884318585288,8.612685172875459,16.0,0,0.0,0.0
CustomerId_790,605174.6,4202.6,6194.88,1.3,29000.0,144,0,0.0,5,3,4202.601388888888,1.4740589155584496,13.31327394283308,8.343696579991441,11.381944444444445,87,0.18055555555555555,0.24305555555555555
CustomerId_791,22495.0,702.97,590.51,20.0,2000.0,32,0,0.0,2,2,702.96875,0.8400216213493866,10.021092794610391,6.556735741613692,10.65625,61,0.21875,0.28125
CustomerId_793,34014.0,2834.5,4275.46,20.0,15000.0,12,0,0.0,3,2,2834.5,1.50836479043628,10.43455688277916,7.949973567454083,11.083333333333334,33,0.0,0.0
CustomerId_794,2020.0,673.33,565.8,20.0,1000.0,3,0,0.0,2,2,673.3333333333334,0.8403011883618712,7.611347717403621,6.513719605333686,14.0,0,0.0,0.0
CustomerId_795,1500.0,750.0,353.55,500.0,1000.0,2,0,0.0,1,1,750.0,0.4713999993714667,7.313886831633462,6.621405651764134,11.5,29,0.0,0.0
CustomerId_797,233306.3,3589.33,11468.46,20.0,90000.0,65,0,0.0,4,2,3589.327692307692,3.195153412142335,12.360111747704305,8.185999399263327,8.984615384615385,6,0.03076923076923077,0.18461538461538463
CustomerId_798,133250.0,13325.0,27140.59,250.0,90000.0,10,0,0.0,2,2,13325.0,2.036817260635136,11.799989846690362,9.497472293122483,12.0,0,0.0,0.0
CustomerId_799,32000.0,6400.0,3781.53,1000.0,10000.0,5,0,0.0,2,2,6400.0,0.5908640624076775,10.373522431293592,8.764209507142004,12.0,0,0.0,0.0
CustomerId_8,10000.0,10000.0,0.0,10000.0,10000.0,1,0,0.0,1,1,10000.0,0.0,9.210440366976517,9.210440366976517,16.0,0,0.0,0.0
CustomerId_800,361793.5,6029.89,12800.27,10.0,60000.0,60,0,0.0,5,2,6029.891666666666,2.122803234864516,12.798831650058851,8.704649874186659,10.35,21,0.16666666666666666,0.13333333333333333
CustomerId_801,12250.0,2041.67,2325.17,50.0,5000.0,6,0,0.0,2,2,2041.6666666666667,1.138856915594167,9.41336284529417,7.622013054604772,18.666666666666668,0,0.0,0.3333333333333333
CustomerId_802,1525.0,508.33,487.55,25.0,1000.0,3,0,0.0,2,2,508.3333333333333,0.9591210415298703,7.330405211844402,6.233096136534323,23.0,0,1.0,0.0
CustomerId_804,24000.0,6000.0,2000.0,5000.0,9000.0,4,0,0.0,1,1,6000.0,0.33333333327777775,10.085850775128717,8.699681400989514,11.25,0,0.0,1.0
CustomerId_806,1285039.2,2307.07,7095.79,20.0,90000.0,557,1,0.0,5,2,2307.072172351885,3.0756717381459286,14.066300559868814,7.744166956457494,13.18491921005386,52,0.04847396768402154,0.24775583482944344
CustomerId_807,4080.0,1020.0,1395.52,20.0,3000.0,4,0,0.0,2,2,1020.0,1.3681568614037678,8.314097335405807,6.928537818164665,17.25,8,0.25,0.25
CustomerId_808,32575.0,1085.83,1082.23,20.0,4000.0,30,0,0.0,2,2,1085.8333333333333,0.9966845629641062,10.391331099910195,6.991020481146182,10.5,63,0.0,0.03333333333333333
CustomerId_810,42318.0,3255.23,3734.67,100.0,10000.0,13,0,0.0,3,2,3255.230769230769,1.147282987331991,10.652991436763397,8.088325363448266,12.615384615384615,50,0.0,0.0
CustomerId_812,1000.0,1000.0,0.0,1000.0,1000.0,1,0,0.0,1,1,1000.0,0.0,6.90875477931522,6.90875477931522,6.0,0,0.0,0.0
CustomerId_813,2050.0,683.33,548.48,50.0,1000.0,3,0,0.0,2,2,683.3333333333334,0.8026575727647585,7.62608275807238,6.528440257418357,5.0,0,1.0,1.0
CustomerId_814,574898.0,8454.38,6639.01,50.0,31200.0,68,0,0.0,3,2,8454.382352941177,0.7852746149587226,13.261949652176925,9.042558204142962,12.735294117647058,49,0.07352941176470588,0.058823529411764705
CustomerId_816,3000.0,1000.0,0.0,1000.0,1000.0,3,0,0.0,2,2,1000.0,0.0,8.006700845440367,6.90875477931522,12.333333333333334,5,0.0,0.0
CustomerId_821,30029.2,4289.89,4612.03,7.2,10000.0,7,0,0.0,3,2,4289.885714285714,1.075092834297594,10.309958820961858,8.364249449612837,18.714285714285715,32,0.0,0.2857142857142857
CustomerId_823,142000.0,5916.67,3818.22,500.0,10000.0,24,0,0.0,2,2,5916.666666666667,0.6453325940697499,11.863589378812122,8.685698069323609,9.083333333333334,34,0.0,0.0
CustomerId_824,5000.0,5000.0,0.0,5000.0,5000.0,1,0,0.0,1,1,5000.0,0.0,8.517393171418904,8.517393171418904,6.0,0,0.0,0.0
CustomerId_825,36750.0,2296.88,3255.83,25.0,10000.0,16,0,0.0,2,2,2296.875,1.417501131353183,10.511920715155128,7.739742237724076,11.0625,11,0.0625,0.25
CustomerId_826,1500.0,750.0,353.55,500.0,1000.0,2,0,0.0,1,1,750.0,0.4713999993714667,7.313886831633462,6.621405651764134,9.0,0,0.0,0.0
CustomerId_827,1000.0,1000.0,0.0,1000.0,1000.0,1,0,0.0,1,1,1000.0,0.0,6.90875477931522,6.90875477931522,20.0,0,0.0,0.0
CustomerId_828,41137.0,3164.38,8999.07,25.0,33000.0,13,0,0.0,3,2,3164.3846153846152,2.843865148040417,10.624687547538109,8.060028390562422,10.846153846153847,82,0.15384615384615385,0.15384615384615385
CustomerId_829,3150.0,1575.0,2015.25,150.0,3000.0,2,0,0.0,2,2,1575.0,1.2795238087114134,8.055475141757274,7.362645270417825,19.0,0,0.0,1.0
CustomerId_830,62000.0,8857.14,6094.49,1000.0,20000.0,7,0,0.0,2,2,8857.142857142857,0.6880878025312812,11.034905792929415,9.089092089280351,10.0,0,0.0,0.0
CustomerId_832,3135.0,391.88,427.15,10.0,1000.0,8,0,0.0,2,2,391.875,1.0900020386597886,8.0507033814703,5.973504221730989,9.25,12,0.25,0.0
CustomerId_834,90000.0,90000.0,0.0,90000.0,90000.0,1,0,0.0,1,1,90000.0,0.0,11.407576060361786,11.407576060361786,10.0,0,0.0,0.0
CustomerId_838,1000.0,1000.0,0.0,1000.0,1000.0,1,0,0.0,1,1,1000.0,0.0,6.90875477931522,6.90875477931522,20.0,0,0.0,0.0
CustomerId_839,402964.0,4974.86,6780.23,10.0,20000.0,81,0,0.0,5,2,4974.864197530864,1.3628986541605395,12.906604988522023,8.512353498974987,10.938271604938272,86,0.13580246913580246,0.16049382716049382
CustomerId_840,36570.0,1590.0,2795.4,20.0,10000.0,23,0,0.0,3,2,1590.0,1.7581132064414382,10.50701085558772,7.372118028337787,8.652173913043478,29,0.34782608695652173,0.2608695652173913
CustomerId_841,6450.0,921.43,868.36,50.0,2000.0,7,0,0.0,2,2,921.4285714285714,0.9424047394350036,8.771990436532242,6.827011492276784,15.428571428571429,3,0.0,0.14285714285714285
CustomerId_842,6760.0,751.11,765.98,10.0,2000.0,9,0,0.0,3,2,751.1111111111111,1.0197973652064314,8.818926087090677,6.622882589848206,12.88888888888889,1,0.0,0.0
CustomerId_843,28665.0,1023.75,912.05,25.0,3000.0,28,0,0.0,3,2,1023.75,0.8908913300211073,10.263467030483161,6.932203959384447,14.25,75,0.07142857142857142,0.14285714285714285
CustomerId_844,30000.0,10000.0,0.0,10000.0,10000.0,3,0,0.0,1,1,10000.0,0.0,10.308985993422082,9.210440366976517,16.0,0,0.0,1.0
CustomerId_845,32000.0,6400.0,3781.53,1000.0,10000.0,5,0,0.0,2,2,6400.0,0.5908640624076775,10.373522431293592,8.764209507142004,15.0,0,0.0,0.0
CustomerId_846,63000.0,12600.0,21267.35,1000.0,50000.0,5,0,0.0,2,3,12600.0,1.6878849205009614,11.050905878263567,9.441531454869693,10.2,20,0.0,0.4
CustomerId_847,31000.0,4428.57,3047.25,1000.0,10000.0,7,0,0.0,2,2,4428.571428571428,0.6880889314862159,10.34177474101152,8.396057792865271,17.0,0,0.0,0.0
CustomerId_848,41000.0,6833.33,3763.86,1000.0,10000.0,6,0,0.0,2,2,6833.333333333333,0.5508090490945396,10.62135173563291,8.829713719481315,16.0,0,0.0,0.0
CustomerId_851,1500.0,750.0,353.55,500.0,1000.0,2,0,0.0,1,1,750.0,0.4713999993714667,7.313886831633462,6.621405651764134,9.0,0,0.0,1.0
CustomerId_853,132800.0,4742.86,4247.04,200.0,10200.0,28,0,0.0,2,2,4742.857142857143,0.8954597013414987,11.796607046116602,8.46460642928089,14.535714285714286,17,0.0,0.0
CustomerId_854,5500.0,2750.0,3181.98,500.0,5000.0,2,0,0.0,2,1,2750.0,1.1570836359428787,8.612685172875459,7.919719760924575,15.5,48,0.0,0.0
CustomerId_855,60000.0,10000.0,5477.23,5000.0,20000.0,6,0,0.0,2,2,10000.0,0.5477229999452277,11.002116507732017,9.210440366976517,10.0,0,0.0,0.0
CustomerId_856,361000.0,72200.0,39802.01,1000.0,90000.0,5,4,0.8,1,1,72200.0,0.5512743767236666,12.796636007394284,11.187209175200515,9.4,43,0.0,0.8
CustomerId_857,112000.0,8000.0,4607.69,1000.0,20000.0,14,0,0.0,3,2,8000.0,0.5759612499280048,11.626263078808801,8.987321812850125,14.5,17,0.0,0.14285714285714285
CustomerId_858,27521.0,2293.42,2865.94,25.0,10000.0,12,0,0.0,3,2,2293.4166666666665,1.249635914376941,10.222740963825228,7.738235367243181,8.75,0,0.3333333333333333,0.0
CustomerId_860,263200.0,6748.72,3555.49,200.0,10700.0,39,0,0.0,3,2,6748.717948717948,0.5268391634966572,12.480673277818179,8.817256301524713,10.307692307692308,89,0.3333333333333333,0.05128205128205128
CustomerId_861,10000.0,10000.0,0.0,10000.0,10000.0,1,0,0.0,1,1,10000.0,0.0,9.210440366976517,9.210440366976517,6.0,0,0.0,0.0
CustomerId_863,25000.0,25000.0,0.0,25000.0,25000.0,1,0,0.0,1,1,25000.0,0.0,10.12667110305036,10.12667110305036,5.0,0,1.0,0.0
CustomerId_864,20000.0,10000.0,0.0,10000.0,10000.0,2,0,0.0,1,1,10000.0,0.0,9.90353755128617,9.210440366976517,18.0,0,0.0,0.0
CustomerId_865,797604.0,15639.29,27351.68,10.0,90000.0,51,3,0.06,4,2,15639.29411764706,1.7489080385523315,13.589368766416536,9.657605556126887,15.705882352941176,25,0.0,0.0
CustomerId_867,20000.0,20000.0,0.0,20000.0,20000.0,1,0,0.0,1,1,20000.0,0.0,9.90353755128617,9.90353755128617,16.0,0,0.0,0.0
CustomerId_868,900.0,900.0,0.0,900.0,900.0,1,0,0.0,1,1,900.0,0.0,6.803505257608338,6.803505257608338,18.0,0,0.0,1.0
CustomerId_870,1000.0,1000.0,0.0,1000.0,1000.0,1,0,0.0,1,1,1000.0,0.0,6.90875477931522,6.90875477931522,19.0,0,0.0,0.0
CustomerId_872,96632.0,1123.63,1815.11,10.0,10000.0,86,0,0.0,3,2,1123.6279069767443,1.615398305834306,11.478675576770355,7.02520937165382,10.511627906976743,77,0.06976744186046512,0.11627906976744186
CustomerId_873,600644.5,5133.71,4908.63,9.5,28000.0,117,0,0.0,4,3,5133.713675213675,0.9561564636576362,13.305760189237665,8.543778645597477,10.649572649572649,89,0.08547008547008547,0.10256410256410256
CustomerId_877,31000.0,6200.0,3834.06,1000.0,10000.0,5,0,0.0,2,2,6200.0,0.6183967740938069,10.34177474101152,8.732465848349879,8.8,0,0.0,0.0
CustomerId_880,94000.0,18800.0,39802.01,1000.0,90000.0,5,0,0.0,2,1,18800.0,2.117128191376749,11.451060699493427,9.841665338892785,20.0,0,0.0,1.0
CustomerId_881,44000.0,14666.67,9237.6,4000.0,20000.0,3,0,0.0,1,1,14666.666666666666,0.6298362204488247,10.691967639914864,9.593401030983403,19.0,0,0.0,0.0
CustomerId_882,62000.0,6200.0,3614.78,1000.0,10000.0,10,0,0.0,2,2,6200.0,0.5830290321640276,11.034905792929415,8.732465848349879,19.4,6,0.0,0.0
CustomerId_883,31500.0,2423.08,2942.83,500.0,10000.0,13,0,0.0,2,2,2423.076923076923,1.2144997271181721,10.357774570341576,7.793207349944939,16.53846153846154,0,0.0,0.0
CustomerId_884,31200.0,6240.0,3883.68,1000.0,10100.0,5,0,0.0,2,2,6240.0,0.6223846152848742,10.348205424565993,8.738895704934043,13.0,0,0.0,0.0
CustomerId_885,41500.0,8300.0,10680.59,500.0,20000.0,5,0,0.0,2,1,8300.0,1.2868180721341183,10.633472802314019,9.024131268455035,14.0,5,0.4,0.4
CustomerId_887,8200.0,1366.67,1365.16,50.0,3000.0,6,0,0.0,2,2,1366.6666666666667,0.9988951239151402,9.012011377036412,7.220863841012149,6.166666666666667,81,0.5,0.3333333333333333
CustomerId_888,30400.0,6080.0,4100.24,200.0,10000.0,5,0,0.0,2,2,6080.0,0.6743815788364503,10.322230781590136,8.71292443512011,12.2,0,0.0,0.0
CustomerId_889,24400.0,3050.0,3423.87,200.0,10000.0,8,0,0.0,2,2,3050.0,1.1225803275007933,10.102379394048045,8.02322468471667,15.25,11,0.0,0.0
CustomerId_89,5000.0,5000.0,0.0,5000.0,5000.0,1,0,0.0,1,1,5000.0,0.0,8.517393171418904,8.517393171418904,20.0,0,0.0,0.0
CustomerId_890,60000.0,60000.0,0.0,60000.0,60000.0,1,0,0.0,1,1,60000.0,0.0,11.002116507732017,11.002116507732017,20.0,0,0.0,0.0
CustomerId_892,81400.0,6783.33,3844.91,200.0,10700.0,12,0,0.0,2,2,6783.333333333333,0.5668174774680256,11.307142836927456,8.82237082015659,11.5,34,0.0,0.0
CustomerId_893,8732.0,2183.0,2972.96,132.0,6600.0,4,0,0.0,3,2,2183.0,1.3618689870078475,9.074864232413733,7.688913336864796,7.0,0,0.0,0.0
CustomerId_894,12647.0,2107.83,3878.91,25.0,10000.0,6,0,0.0,3,2,2107.8333333333335,1.840238538288079,9.445254378889308,7.65388857030715,9.0,2,0.0,0.0
CustomerId_895,41000.0,6833.33,3763.86,1000.0,10000.0,6,0,0.0,2,2,6833.333333333333,0.5508090490945396,10.62135173563291,8.829713719481315,19.0,0,0.0,0.0
CustomerId_896,3020.0,755.0,490.0,20.0,1000.0,4,0,0.0,2,2,755.0,0.6490066216569449,8.013343181386672,6.628041376179533,8.5,1,0.0,0.0
CustomerId_898,61000.0,8714.29,6047.43,1000.0,20000.0,7,0,0.0,2,2,8714.285714285714,0.6939670356742813,11.0186455364637,9.072834233361476,6.0,0,0.0,0.0
CustomerId_899,10000.0,10000.0,0.0,10000.0,10000.0,1,0,0.0,1,1,10000.0,0.0,9.210440366976517,9.210440366976517,9.0,0,0.0,0.0
CustomerId_9,10000.0,10000.0,0.0,10000.0,10000.0,1,0,0.0,1,1,10000.0,0.0,9.210440366976517,9.210440366976517,16.0,0,0.0,0.0
CustomerId_900,22671.0,985.7,861.09,25.0,2000.0,23,0,0.0,3,2,985.695652173913,0.8735822249431041,10.028885961930461,6.894366041863121,16.130434782608695,76,0.0,0.2608695652173913
CustomerId_903,21500.0,1433.33,1652.45,50.0,5000.0,15,0,0.0,2,2,1433.3333333333333,1.1528747733230487,9.975854724662028,7.268453120207762,13.866666666666667,7,0.26666666666666666,0.0
CustomerId_905,1055875.0,6247.78,11249.33,20.0,90000.0,169,0,0.0,5,2,6247.781065088758,1.8005323488022094,13.869881312111154,8.740141523676447,10.70414201183432,89,0.1242603550295858,0.20118343195266272
CustomerId_906,85820.8,1682.76,4238.82,10.0,25000.0,51,0,0.0,3,2,1682.7607843137255,2.518968835413862,11.360028332457466,7.428784666830916,10.666666666666666,13,0.0392156862745098,0.1568627450980392
CustomerId_907,1000.0,1000.0,0.0,1000.0,1000.0,1,0,0.0,1,1,1000.0,0.0,6.90875477931522,6.90875477931522,18.0,0,0.0,0.0
CustomerId_908,333387.0,1221.2,1752.59,10.0,15000.0,273,0,0.0,2,2,1221.1978021978023,1.435137568428482,12.717062255849635,7.108407792460815,12.212454212454212,85,0.11721611721611722,0.2454212454212454
CustomerId_909,7872760.0,68458.78,32981.42,400.0,90000.0,115,31,0.27,2,2,68458.78260869565,0.48177049020619755,15.878919384789782,11.134001698523653,15.060869565217391,4,0.043478260869565216,0.034782608695652174
CustomerId_911,32000.0,4571.43,4035.56,1000.0,10000.0,7,0,0.0,2,2,4571.428571428572,0.882778473938619,10.373522431293592,8.427800071235865,12.857142857142858,14,0.0,0.14285714285714285
CustomerId_912,54850.0,1523.61,1431.21,100.0,5000.0,36,0,0.0,2,2,1523.611111111111,0.939354558621068,10.91237569707775,7.3294939186301304,16.055555555555557,76,0.3055555555555556,0.25
CustomerId_913,98900.0,1766.07,5144.07,10.0,34000.0,56,0,0.0,2,2,1766.0714285714287,2.9127214646572774,11.501874628783144,7.477078086701986,12.178571428571429,7,0.16071428571428573,0.14285714285714285
CustomerId_915,4000.0,2000.0,0.0,2000.0,2000.0,2,0,0.0,2,1,2000.0,0.0,8.294299608857235,7.601402334583733,19.0,0,0.0,0.0
CustomerId_916,181320.0,20146.67,21233.82,1000.0,46255.0,9,0,0.0,2,1,20146.666666666668,1.0539617712974918,12.108024220150982,9.910843927934504,11.11111111111111,0,0.0,0.0
CustomerId_917,5000.0,5000.0,0.0,5000.0,5000.0,1,0,0.0,1,1,5000.0,0.0,8.517393171418904,8.517393171418904,15.0,0,0.0,0.0
CustomerId_919,246000.0,49200.0,42198.34,1000.0,80000.0,5,0,0.0,2,2,49200.0,0.8576898373809412,12.413090879946887,10.803669227477098,11.0,0,0.0,1.0
CustomerId_920,59565.0,2127.32,2432.07,50.0,10000.0,28,0,0.0,2,2,2127.3214285714284,1.1432553630186078,10.994840220474977,7.663088215096057,19.107142857142858,57,0.0,0.14285714285714285
CustomerId_921,92000.0,6133.33,3583.03,1000.0,10000.0,15,0,0.0,2,2,6133.333333333333,0.5841899913123556,11.429554725537322,8.721656141727273,9.333333333333334,35,0.0,0.0
CustomerId_922,26860.0,1413.68,2748.73,10.0,10000.0,19,0,0.0,2,2,1413.6842105263158,1.9443792074978923,10.198430699466112,7.254658636092037,13.31578947368421,1,0.0,0.0
CustomerId_923,37269.0,1863.45,3854.04,10.0,15000.0,20,0,0.0,4,2,1863.45,2.068228285133366,10.525943992473303,7.530721382418322,10.05,6,0.0,0.0
CustomerId_924,2800.0,1400.0,565.69,1000.0,1800.0,2,0,0.0,2,1,1400.0,0.40406428542566836,7.937731775260109,7.244941546337007,4.0,0,1.0,0.0
CustomerId_925,7000.0,2333.33,2309.4,1000.0,5000.0,3,0,0.0,2,1,2333.3333333333335,0.9897442706390678,8.853808274977197,7.755480191026942,18.0,0,0.0,0.0
CustomerId_926,1000.0,1000.0,0.0,1000.0,1000.0,1,0,0.0,1,1,1000.0,0.0,6.90875477931522,6.90875477931522,16.0,0,0.0,0.0
CustomerId_927,132000.0,7764.71,3031.7,1000.0,11000.0,17,0,0.0,2,2,7764.705882352941,0.3904460050162277,11.790564777297387,8.957473167333236,10.823529411764707,17,0.47058823529411764,0.11764705882352941
CustomerId_928,2020.0,673.33,565.8,20.0,1000.0,3,0,0.0,2,2,673.3333333333334,0.8403011883618712,7.611347717403621,6.513719605333686,16.0,0,0.0,1.0
CustomerId_929,40000.0,10000.0,0.0,10000.0,10000.0,4,0,0.0,1,1,10000.0,0.0,10.596659732783579,9.210440366976517,16.25,0,0.0,0.0
CustomerId_930,108400.0,6376.47,3992.73,200.0,10700.0,17,0,0.0,2,2,6376.470588235294,0.6261662015776494,11.593592593037384,8.76052674596727,15.411764705882353,6,0.4117647058823529,0.058823529411764705
CustomerId_931,6053.0,605.3,543.11,10.0,1500.0,10,0,0.0,3,2,605.3,0.8972575567532505,8.708474489581665,6.407374913077685,15.4,1,0.0,0.6
CustomerId_932,61375.0,2789.77,2443.76,25.0,6000.0,22,0,0.0,3,2,2789.7727272727275,0.8759718539965763,11.02477415824311,7.934072822401456,11.863636363636363,84,0.13636363636363635,0.13636363636363635
CustomerId_934,25000.0,12500.0,3535.53,10000.0,15000.0,2,0,0.0,1,1,12500.0,0.2828423999773726,10.12667110305036,9.433563920090563,21.0,0,0.0,0.0
CustomerId_936,5000.0,5000.0,0.0,5000.0,5000.0,1,0,0.0,1,1,5000.0,0.0,8.517393171418904,8.517393171418904,16.0,0,0.0,0.0
CustomerId_938,2525.0,631.25,467.87,25.0,1000.0,4,0,0.0,2,2,631.25,0.7411801968456552,7.8343923029104365,6.449284885550075,9.0,0,0.0,0.0
CustomerId_940,54250.0,4173.08,6639.05,250.0,25000.0,13,0,0.0,2,2,4173.076923076923,1.5909232505509303,10.90137670441254,8.336649253720845,14.153846153846153,15,0.38461538461538464,0.5384615384615384
CustomerId_942,14000.0,7000.0,4242.64,4000.0,10000.0,2,0,0.0,2,1,7000.0,0.6060914284848441,9.546884034617925,8.853808274977197,10.0,0,0.0,0.0
CustomerId_943,12700.0,1411.11,564.46,500.0,2100.0,9,0,0.0,2,1,1411.111111111111,0.4000113383081324,9.44943600950432,7.252840318701573,11.88888888888889,1,0.0,0.0
CustomerId_944,1800.0,900.0,141.42,800.0,1000.0,2,0,0.0,1,1,900.0,0.15713333315874073,7.496097345175956,6.803505257608338,13.0,0,0.0,0.0
CustomerId_945,2000.0,666.67,288.68,500.0,1000.0,3,0,0.0,2,2,666.6666666666666,0.43301783426130197,7.601402334583733,6.503794039496479,7.0,0,0.6666666666666666,0.0
CustomerId_946,500.0,500.0,0.0,500.0,500.0,1,0,0.0,1,1,500.0,0.0,6.2166061010848646,6.2166061010848646,11.0,0,0.0,1.0
CustomerId_947,10000.0,10000.0,0.0,10000.0,10000.0,1,0,0.0,1,1,10000.0,0.0,9.210440366976517,9.210440366976517,13.0,0,0.0,1.0
CustomerId_948,500.0,500.0,0.0,500.0,500.0,1,0,0.0,1,1,500.0,0.0,6.2166061010848646,6.2166061010848646,14.0,0,0.0,0.0
CustomerId_949,1000.0,1000.0,0.0,1000.0,1000.0,1,0,0.0,1,1,1000.0,0.0,6.90875477931522,6.90875477931522,14.0,0,0.0,0.0
CustomerId_951,172000.0,8190.48,3957.51,1000.0,20000.0,21,0,0.0,2,2,8190.476190476191,0.4831841356693156,12.055255569732177,9.010849868702067,16.142857142857142,45,0.0,0.09523809523809523
CustomerId_954,32000.0,6400.0,3781.53,1000.0,10000.0,5,0,0.0,2,2,6400.0,0.5908640624076775,10.373522431293592,8.764209507142004,14.0,0,0.0,0.0
CustomerId_957,1000.0,1000.0,0.0,1000.0,1000.0,1,0,0.0,1,1,1000.0,0.0,6.90875477931522,6.90875477931522,14.0,0,0.0,0.0
CustomerId_958,10000.0,10000.0,0.0,10000.0,10000.0,1,0,0.0,1,1,10000.0,0.0,9.210440366976517,9.210440366976517,9.0,0,0.0,0.0
CustomerId_959,62948.5,1463.92,3652.74,2.5,20000.0,43,0,0.0,3,2,1463.9186046511627,2.4951773303902,11.050088096629194,7.289555912451591,11.813953488372093,27,0.09302325581395349,0.4418604651162791
CustomerId_960,133745.0,3039.66,6276.38,20.0,24000.0,44,0,0.0,3,2,3039.659090909091,2.0648296184228405,11.803697757768987,8.019829876099488,13.113636363636363,55,0.045454545454545456,0.13636363636363635
CustomerId_961,15000.0,15000.0,0.0,15000.0,15000.0,1,0,0.0,1,1,15000.0,0.0,9.61587214452889,9.61587214452889,15.0,0,0.0,0.0
CustomerId_962,12095.0,1209.5,1095.22,45.0,3000.0,10,0,0.0,2,2,1209.5,0.9055146747370693,9.400630098419315,7.098788776378113,15.2,28,0.0,0.2
CustomerId_963,5040.0,1260.0,940.07,40.0,2000.0,4,0,0.0,2,2,1260.0,0.7460873009951687,8.525359754082631,7.13966033596492,11.0,0,0.0,0.0
CustomerId_966,1500.0,750.0,353.55,500.0,1000.0,2,0,0.0,1,1,750.0,0.4713999993714667,7.313886831633462,6.621405651764134,11.5,1,0.0,0.0
CustomerId_967,90000.0,90000.0,0.0,90000.0,90000.0,1,0,0.0,1,1,90000.0,0.0,11.407576060361786,11.407576060361786,19.0,0,0.0,0.0
CustomerId_968,29525.0,3690.62,6700.59,25.0,20000.0,8,0,0.0,4,2,3690.625,1.8155729926636792,10.293026510094034,8.213820665081807,18.625,19,0.125,0.125
CustomerId_969,675612.0,4659.39,10098.96,10.0,80000.0,145,0,0.0,4,2,4659.393103448276,2.1674425188345587,13.423375705885775,8.446854414604921,10.565517241379311,58,0.15172413793103448,0.07586206896551724
CustomerId_972,32000.0,6400.0,3781.53,1000.0,10000.0,5,0,0.0,2,2,6400.0,0.5908640624076775,10.373522431293592,8.764209507142004,18.0,0,0.0,0.0
CustomerId_974,2900.0,725.0,263.0,500.0,1000.0,4,0,0.0,2,2,725.0,0.36275862018929844,7.972810784121404,6.587550014824796,11.0,0,0.0,0.0
CustomerId_975,2000.0,2000.0,0.0,2000.0,2000.0,1,0,0.0,1,1,2000.0,0.0,7.601402334583733,7.601402334583733,12.0,0,0.0,0.0
CustomerId_977,556246.0,9270.77,12453.54,25.0,49600.0,60,0,0.0,4,2,9270.766666666666,1.343312367651952,13.228967719189617,9.13472957884479,11.533333333333333,54,0.016666666666666666,0.18333333333333332
CustomerId_978,40000.0,20000.0,0.0,20000.0,20000.0,2,0,0.0,1,1,20000.0,0.0,10.596659732783579,9.90353755128617,5.0,0,1.0,0.0
CustomerId_979,122000.0,7176.47,2920.52,1000.0,10000.0,17,0,0.0,2,2,7176.470588235294,0.40695773821851716,11.711784520403112,8.878702232258167,13.0,41,0.0,0.0
CustomerId_982,42000.0,7000.0,3949.68,1000.0,11000.0,6,0,0.0,2,2,7000.0,0.5642399999193942,10.645448706505872,8.853808274977197,15.0,0,0.0,0.0
CustomerId_986,3050.0,762.5,475.0,50.0,1000.0,4,0,0.0,2,2,762.5,0.6229508188551465,8.02322468471667,6.637913124658687,8.0,8,0.0,0.0
CustomerId_987,28000.0,7000.0,8831.76,1000.0,20000.0,4,0,0.0,2,2,7000.0,1.2616799998197599,10.239995502805316,8.853808274977197,11.25,0,0.0,0.0
CustomerId_988,263272.8,6928.23,15209.96,10.0,90000.0,38,0,0.0,5,3,6928.231578947368,2.195360142172624,12.480949834266708,8.84350397489954,13.763157894736842,85,0.10526315789473684,0.13157894736842105
CustomerId_989,10000.0,10000.0,0.0,10000.0,10000.0,1,0,0.0,1,1,10000.0,0.0,9.210440366976517,9.210440366976517,14.0,0,0.0,0.0
CustomerId_990,11350.0,1261.11,1044.56,100.0,3000.0,9,0,0.0,2,2,1261.111111111111,0.8282861916658449,9.337061124755339,7.140540202535628,11.555555555555555,18,0.2222222222222222,0.0
CustomerId_991,2000.0,2000.0,0.0,2000.0,2000.0,1,0,0.0,1,1,2000.0,0.0,7.601402334583733,7.601402334583733,18.0,0,0.0,0.0
CustomerId_992,32000.0,5333.33,4033.2,1000.0,10000.0,6,0,0.0,2,2,5333.333333333333,0.756225472499128,10.373522431293592,8.581918570094851,10.0,0,0.0,0.0
CustomerId_993,32000.0,6400.0,3781.53,1000.0,10000.0,5,0,0.0,2,2,6400.0,0.5908640624076775,10.373522431293592,8.764209507142004,15.0,0,0.0,0.0
CustomerId_994,612127.0,6060.66,14534.35,10.0,90000.0,101,0,0.0,3,2,6060.663366336634,2.3981464061012914,13.32469668995238,8.70973896894484,13.900990099009901,88,0.0297029702970297,0.297029702970297
CustomerId_996,151000.0,8882.35,2619.22,1000.0,10000.0,17,0,0.0,2,2,8882.35294117647,0.2948791704565932,11.92504173829169,9.09193401709673,14.470588235294118,0,0.0,0.0
CustomerId_998,163000.0,7409.09,3168.43,500.0,10000.0,22,0,0.0,2,2,7409.090909090909,0.4276409113092645,12.001511614739405,8.91059786396536,13.136363636363637,25,0.045454545454545456,0.09090909090909091
